,Authors,Normalised Authors,Author Gender,Author Nationality,Author Birth,Author Death,Author Info Source,Author Info Found,Number of books by author
0,"Parker, Gilbert",Gilbert Parker,male,"Canadian, British",1862.0,1932.0,Wikipedia,True,131
1,"Twain, Mark",Mark Twain,male,American,1835.0,1910.0,Wikipedia,True,100
2,"James, Henry",Henry James,male,"American, British, American-British, English",1843.0,1916.0,Wikipedia,True,66
3,"Doyle, Arthur Conan",Arthur Conan Doyle,male,British,1859.0,1930.0,Wikipedia,True,55
4,"Howells, William Dean",William Dean Howells,male,American,1837.0,1920.0,Wikipedia,True,48
5,"Oppenheim, E. Phillips (Edward Phillips)",Edward Phillips Oppenheim,male,English,1866.0,1946.0,Wikipedia,True,45
6,"Haggard, H. Rider (Henry Rider)",Henry Rider Haggard,male,"English, British",1856.0,1925.0,Wikipedia,True,44
7,"Le Queux, William",William Le Queux,male,"French, English, British, Russian, German",1864.0,1927.0,Wikipedia,True,43
8,"London, Jack",Jack London,male,American,1876.0,1916.0,Wikipedia,True,42
9,"Wells, H. G. (Herbert George)",Herbert George Wells,male,English,1866.0,1946.0,OpenLibrary,True,41
10,"Oliphant, Mrs. (Margaret)",Margaret Oliphant,female,Scottish,1828.0,1897.0,Wikipedia,True,40
11,"Crawford, F. Marion (Francis Marion)",Francis Marion Crawford,male,American,1854.0,1909.0,Wikipedia,True,38
12,"Bindloss, Harold",Harold Bindloss,male,English,1866.0,1945.0,"Wikipedia, OpenLibrary",True,37
13,"Kipling, Rudyard",Rudyard Kipling,male,"English, British",1865.0,1936.0,Wikipedia,True,35
14,"Whittier, John Greenleaf",John Greenleaf Whittier,male,"American, Scottish",1807.0,1892.0,Wikipedia,True,35
15,"MacDonald, George",George MacDonald,male,Scottish,1824.0,1905.0,Wikipedia,True,34
16,"Becke, Louis",Louis Becke,male,Australian,1855.0,1913.0,"Wikipedia, OpenLibrary",True,34
17,"Davis, Richard Harding",Richard Harding Davis,male,American,1864.0,1916.0,Wikipedia,True,33
18,"Harte, Bret",Bret Harte,male,American,1836.0,1902.0,Wikipedia,True,33
19,"Fenn, George Manville",George Manville Fenn,male,English,1831.0,1909.0,Wikipedia,True,33
20,"Green, Anna Katharine",Anna Katharine Green,female,American,1846.0,1935.0,Wikipedia,True,32
21,"Chambers, Robert W. (Robert William)",Robert William Chambers,male,American,1865.0,1933.0,Wikipedia,True,32
22,"Stevenson, Robert Louis",Robert Louis Stevenson,male,Scottish,1850.0,1894.0,Wikipedia,True,31
23,"Hope, Anthony",Anthony Hope,male,"English, British",1863.0,1933.0,Wikipedia,True,31
24,"Hume, Fergus",Fergus Hume,male,English,1859.0,1932.0,"Wikipedia, OpenLibrary",True,31
25,"Bennett, Arnold",Arnold Bennett,male,"English, British",1867.0,1931.0,Wikipedia,True,31
26,"Wharton, Edith",Edith Wharton,female,American,1862.0,1937.0,Wikipedia,True,30
27,"Benson, E. F. (Edward Frederic)",Edward Frederic Benson,male,English,1867.0,1940.0,"Wikipedia, Wikidata",True,30
28,"McCutcheon, George Barr",George Barr McCutcheon,male,American,1866.0,1928.0,Wikipedia,True,30
29,"Galsworthy, John",John Galsworthy,male,English,1867.0,1933.0,Wikipedia,True,29
30,"Quiller-Couch, Arthur",Arthur Quiller-Couch,male,"English, American",1863.0,1944.0,Wikipedia,True,29
31,"Chesterton, G. K. (Gilbert Keith)",Gilbert Keith Chesterton,male,English,1874.0,1936.0,Wikipedia,True,28
32,"Conrad, Joseph",Joseph Conrad,male,"Polish, British, English",1857.0,1924.0,Wikipedia,True,28
33,"Shaw, Bernard",Bernard Shaw,male,Irish,1856.0,1950.0,Wikipedia,True,28
34,"Craddock, Charles Egbert",Charles Egbert Craddock,female,American,1850.0,1922.0,Wikipedia,True,28
35,"Warner, Charles Dudley",Charles Dudley Warner,male,American,1829.0,1900.0,Wikipedia,True,26
36,"Hornung, E. W. (Ernest William)",Ernest William Hornung,male,"British, English, Australian",1866.0,1921.0,Wikipedia,True,25
37,"Trollope, Anthony",Anthony Trollope,male,English,1815.0,1882.0,Wikipedia,True,25
38,"Yeats, W. B. (William Butler)",William Butler Yeats,male,Irish,1865.0,1939.0,OpenLibrary,True,25
39,"Bower, B. M.",B. M. Bower,female,American,1874.0,1940.0,"Wikipedia, OpenLibrary",True,24
40,"Weyman, Stanley John",Stanley John Weyman,male,English,1855.0,1928.0,Wikipedia,True,24
41,"Yonge, Charlotte M. (Charlotte Mary)",Charlotte Mary Yonge,female,English,1823.0,1901.0,Wikipedia,True,24
42,"Hichens, Robert",Robert Hichens,male,"United Kingdom, United Kingdom of Great Britain and Ireland",1864.0,1950.0,"OpenLibrary, Wikidata",True,24
43,"Bangs, John Kendrick",John Kendrick Bangs,male,American,1862.0,1922.0,"Wikipedia, OpenLibrary, Wikidata",True,23
44,"Ward, Humphry, Mrs.","Humphry, Ward",female,British,1851.0,1920.0,Wikipedia,True,22
45,"King, Charles",Charles King,male,American,1844.0,1933.0,OpenLibrary,True,22
46,"Orczy, Emmuska Orczy, Baroness","Emmuska Orczy, Orczy",female,"British, English, French",1865.0,1947.0,Wikipedia,True,21
47,"Smith, Francis Hopkinson",Francis Hopkinson Smith,male,American,1838.0,1915.0,Wikipedia,True,21
48,"Jacobs, W. W. (William Wymark)",William Wymark Jacobs,male,English,1863.0,1943.0,Wikipedia,True,21
49,"Burroughs, Edgar Rice",Edgar Rice Burroughs,male,American,1875.0,1950.0,Wikipedia,True,20
50,"Jerome, Jerome K. (Jerome Klapka)",Jerome Klapka Jerome,male,English,1859.0,1927.0,"Wikipedia, Wikidata",True,20
51,"Barr, Amelia E.",Amelia E. Barr,female,English,1831.0,1919.0,Wikipedia,True,20
52,"Curwood, James Oliver",James Oliver Curwood,male,American,1878.0,1927.0,"Wikipedia, OpenLibrary",True,20
53,"Hardy, Thomas",Thomas Hardy,male,English,1840.0,1928.0,Wikipedia,True,19
54,"Wilde, Oscar",Oscar Wilde,male,Irish,1854.0,1900.0,Wikipedia,True,19
55,"Lawrence, D. H. (David Herbert)",David Herbert Lawrence,male,English,1885.0,1930.0,OpenLibrary,True,19
56,"Page, Thomas Nelson",Thomas Nelson Page,male,American,1853.0,1922.0,"Wikipedia, OpenLibrary",True,19
57,"Bierce, Ambrose",Ambrose Bierce,male,American,1842.0,1914.0,Wikipedia,True,19
58,"Atherton, Gertrude Franklin Horn",Gertrude Franklin Horn Atherton,female,American,1857.0,1948.0,Wikipedia,True,19
59,"Bellamy, Edward",Edward Bellamy,male,American,1850.0,1898.0,Wikipedia,True,19
60,"Van Dyke, Henry",Henry Van Dyke,male,American,1852.0,1933.0,"Wikipedia, OpenLibrary",True,19
61,"Barrie, J. M. (James Matthew)",James Matthew Barrie,male,Scottish,1860.0,1937.0,Wikipedia,True,19
62,"Locke, William John",William John Locke,male,British,1863.0,1930.0,Wikipedia,True,19
63,"Tracy, Louis",Louis Tracy,male,British,1863.0,1928.0,"Wikipedia, OpenLibrary",True,19
64,"Stockton, Frank R.",Frank R. Stockton,male,American,1834.0,1902.0,"Wikipedia, Wikidata",True,18
65,"Freeman, Mary Eleanor Wilkins",Mary Eleanor Wilkins Freeman,female,American,1852.0,1930.0,Wikipedia,True,18
66,"Butler, Ellis Parker",Ellis Parker Butler,male,American,1869.0,1937.0,Wikipedia,True,18
67,"MacGrath, Harold",Harold MacGrath,male,American,1871.0,1932.0,"Wikipedia, OpenLibrary",True,18
68,"Barr, Robert",Robert Barr,male,"Canadian, British",1849.0,1912.0,OpenLibrary,True,18
69,"Holmes, Mary Jane",Mary Jane Holmes,female,"American, English",1825.0,1907.0,"Wikipedia, OpenLibrary",True,18
70,"Nicholson, Meredith",Meredith Nicholson,male,American,1866.0,1947.0,"Wikipedia, OpenLibrary, Wikidata",True,18
71,"Maugham, W. Somerset (William Somerset)",William Somerset Maugham,male,English,1874.0,1965.0,Wikipedia,True,17
72,"Rinehart, Mary Roberts",Mary Roberts Rinehart,female,American,1876.0,1958.0,Wikipedia,True,17
73,"Phillips, David Graham",David Graham Phillips,female,American,1867.0,1911.0,"Wikipedia, OpenLibrary",True,17
74,"Gissing, George",George Gissing,male,English,1892.0,1903.0,Wikipedia,True,17
75,"Wodehouse, P. G. (Pelham Grenville)",Pelham Grenville Wodehouse,male,English,1881.0,1975.0,Wikipedia,True,17
76,"Corelli, Marie",Marie Corelli,female,English,1855.0,1924.0,Wikipedia,True,17
77,"Phillpotts, Eden",Eden Phillpotts,male,English,1862.0,1960.0,Wikipedia,True,17
78,"Lynde, Francis",Francis Lynde,male,American,1856.0,1930.0,"Wikipedia, OpenLibrary",True,17
79,"Tarkington, Booth",Booth Tarkington,male,American,1869.0,1946.0,Wikipedia,True,16
80,"Burnett, Frances Hodgson",Frances Hodgson Burnett,female,British-American,1849.0,1924.0,"Wikipedia, OpenLibrary",True,16
81,"Bacheller, Irving",Irving Bacheller,male,American,1859.0,1950.0,"Wikipedia, OpenLibrary",True,16
82,"Wilcox, Ella Wheeler",Ella Wheeler Wilcox,female,American,1850.0,1919.0,Wikipedia,True,16
83,"Blackwood, Algernon",Algernon Blackwood,male,English,1869.0,1951.0,Wikipedia,True,16
84,"Catherwood, Mary Hartwell",Mary Hartwell Catherwood,female,American,1847.0,1902.0,"Wikipedia, OpenLibrary",True,16
85,"Seawell, Molly Elliot",Molly Elliot Seawell,female,"American, English",1860.0,1916.0,Wikipedia,True,16
86,"Farjeon, B. L. (Benjamin Leopold)",Benjamin Leopold Farjeon,male,English,1838.0,1903.0,Wikipedia,True,16
87,"Collins, Wilkie",Wilkie Collins,female,English,1824.0,1889.0,Wikipedia,True,15
88,"Grey, Zane",Zane Grey,male,American,1872.0,1939.0,Wikipedia,True,15
89,"Lang, Andrew",Andrew Lang,male,Scottish,1844.0,1912.0,Wikipedia,True,15
90,"Caine, Hall, Sir","Hall, Caine",male,British,1853.0,1931.0,Wikipedia,True,15
91,"Holmes, Oliver Wendell",Oliver Wendell Holmes,male,United States,1809.0,1894.0,"OpenLibrary, Wikidata",True,15
92,"Allen, Grant",Grant Allen,male,Canadian,1848.0,1899.0,Wikipedia,True,15
93,"Benson, Arthur Christopher",Arthur Christopher Benson,male,English,1862.0,1925.0,Wikipedia,True,15
94,"Glyn, Elinor",Elinor Glyn,female,British,1864.0,1943.0,Wikipedia,True,15
95,"Parrish, Randall",Randall Parrish,male,American,1858.0,1923.0,"Wikipedia, OpenLibrary, Wikidata",True,15
96,"Churchill, Winston",Winston Churchill,male,British,1874.0,1965.0,Wikipedia,True,14
97,"Le Gallienne, Richard",Richard Le Gallienne,male,"British, English, British-American",1899.0,1991.0,Wikipedia,True,14
98,"White, Stewart Edward",Stewart Edward White,male,American,1873.0,1946.0,Wikipedia,True,14
99,"Cobb, Irvin S. (Irvin Shrewsbury)",Irvin Shrewsbury Cobb,male,American,1876.0,1944.0,Wikipedia,True,14
100,"Roe, Edward Payson",Edward Payson Roe,male,American,1838.0,1888.0,"Wikipedia, OpenLibrary, Wikidata",True,14
101,"Reeve, Arthur B. (Arthur Benjamin)",Arthur Benjamin Reeve,male,American,1880.0,1936.0,Wikipedia,True,14
102,"Mason, A. E. W. (Alfred Edward Woodley)",Alfred Edward Woodley Mason,male,"English, French",1865.0,1948.0,Wikipedia,True,14
103,"Beach, Rex",Rex Beach,male,American,1877.0,1949.0,"Wikipedia, OpenLibrary",True,14
104,"Hough, Emerson",Emerson Hough,male,American,1857.0,1923.0,Wikipedia,True,14
105,"Blackmore, R. D. (Richard Doddridge)",Richard Doddridge Blackmore,male,English,1825.0,1900.0,Wikipedia,True,14
106,"Sinclair, May",May Sinclair,female,"English, British",1863.0,1946.0,Wikipedia,True,14
107,"Steel, Flora Annie Webster",Flora Annie Webster Steel,female,"English, British",1847.0,1929.0,Wikipedia,True,14
108,"Sinclair, Upton",Upton Sinclair,male,American,1878.0,1968.0,Wikipedia,True,13
109,"Rohmer, Sax",Sax Rohmer,male,English,1883.0,1959.0,Wikipedia,True,13
110,"Wiggin, Kate Douglas Smith",Kate Douglas Smith Wiggin,female,American,1856.0,1923.0,Wikipedia,True,13
111,"Henry, O.",O. Henry,male,American,1862.0,1910.0,Wikipedia,True,13
112,"Raine, William MacLeod",William MacLeod Raine,male,"American, British",1871.0,1954.0,"Wikipedia, OpenLibrary",True,13
113,"Moore, Frank Frankfort",Frank Frankfort Moore,male,Irish,1855.0,1931.0,Wikipedia,True,13
114,"Wallace, Edgar",Edgar Wallace,male,British,1875.0,1932.0,"Wikipedia, OpenLibrary",True,13
115,"Moore, George",George Moore,female,United Kingdom,1852.0,1933.0,"OpenLibrary, Wikidata",True,13
116,"Hewlett, Maurice",Maurice Hewlett,male,English,1861.0,1923.0,"Wikipedia, OpenLibrary, Wikidata",True,13
117,"Maclaren, Ian",Ian Maclaren,male,Scottish,1850.0,1907.0,Wikipedia,True,13
118,"Braddon, M. E. (Mary Elizabeth)",Mary Elizabeth Braddon,female,English,1835.0,1915.0,Wikipedia,True,13
119,"Anstey, F.",F. Anstey,male,English,1856.0,1934.0,Wikipedia,True,13
120,"Meredith, George",George Meredith,male,"British, English",1828.0,1909.0,Wikipedia,True,12
121,"Lowndes, Marie Belloc",Marie Belloc Lowndes,female,English,1868.0,1947.0,Wikipedia,True,12
122,"Lincoln, Joseph Crosby",Joseph Crosby Lincoln,male,American,1870.0,1944.0,"Wikipedia, Wikidata",True,12
123,"Merriman, Henry Seton",Henry Seton Merriman,male,English,1862.0,1903.0,Wikipedia,True,12
124,"Riley, James Whitcomb",James Whitcomb Riley,male,American,1849.0,1916.0,Wikipedia,True,12
125,"Crockett, S. R. (Samuel Rutherford)",Samuel Rutherford Crockett,male,United Kingdom of Great Britain and Ireland,1859.0,1914.0,"OpenLibrary, Wikidata",True,12
126,"Dunsany, Lord",Dunsany,male,"Anglo-Irish, English",1878.0,1957.0,Wikipedia,True,12
127,"Stowe, Harriet Beecher",Harriet Beecher Stowe,female,American,1811.0,1896.0,Wikipedia,True,12
128,"Holley, Marietta",Marietta Holley,female,American,1836.0,1926.0,"Wikipedia, OpenLibrary",True,12
129,"Cawein, Madison Julius",Madison Julius Cawein,male,American,1865.0,1914.0,"Wikipedia, Wikidata",True,12
130,"Hill, Grace Livingston",Grace Livingston Hill,female,American,1865.0,1947.0,Wikipedia,True,12
131,"Cable, George Washington",George Washington Cable,male,American,1844.0,1925.0,"Wikipedia, OpenLibrary",True,12
132,"Birmingham, George A.",George A. Birmingham,male,Irish,1865.0,1950.0,"Wikipedia, OpenLibrary",True,12
133,"Boothby, Guy",Guy Boothby,male,Australian,1868.0,1905.0,"Wikipedia, OpenLibrary",True,12
134,"Cullum, Ridgwell",Ridgwell Cullum,male,British,1867.0,1943.0,"Wikipedia, OpenLibrary, Wikidata",True,12
135,"Pinero, Arthur Wing",Arthur Wing Pinero,male,"British, English",1855.0,1934.0,Wikipedia,True,12
136,"Wood, Henry, Mrs.","Henry, Wood",female,,1849.0,1925.0,OpenLibrary,True,12
137,"Russell, William Clark",William Clark Russell,male,English,1844.0,1911.0,Wikipedia,True,12
138,"Miller, Alex. McVeigh, Mrs.","Alex. McVeigh, Miller",female,American,1850.0,1937.0,Wikipedia,True,12
139,"Snaith, J. C. (John Collis)",John Collis Snaith,male,English,1876.0,1936.0,"Wikipedia, OpenLibrary",True,12
140,"Croker, B. M. (Bithia Mary)",Bithia Mary Croker,female,"Irish, British",1847.0,1920.0,Wikipedia,True,12
141,"Crane, Stephen",Stephen Crane,male,American,1871.0,1900.0,"Wikipedia, OpenLibrary",True,11
142,"Frederic, Harold",Harold Frederic,male,American,1856.0,1898.0,Wikipedia,True,11
143,"Dickens, Charles",Charles Dickens,male,English,1812.0,1870.0,Wikipedia,True,11
144,"Aldrich, Thomas Bailey",Thomas Bailey Aldrich,male,American,1836.0,1907.0,"Wikipedia, OpenLibrary",True,11
145,"Masefield, John",John Masefield,male,English,1878.0,1967.0,Wikipedia,True,11
146,"Swinburne, Algernon Charles",Algernon Charles Swinburne,male,English,1837.0,1909.0,Wikipedia,True,11
147,"Johnston, Mary",Mary Johnston,female,American,1870.0,1936.0,Wikipedia,True,11
148,"Garland, Hamlin",Hamlin Garland,male,American,1860.0,1940.0,"Wikipedia, OpenLibrary",True,11
149,"Herrick, Robert",Robert Herrick,male,English,1591.0,1674.0,Wikipedia,True,11
150,"Sedgwick, Anne Douglas",Anne Douglas Sedgwick,female,"British, American",1873.0,1935.0,Wikipedia,True,11
151,"White, Fred M. (Fred Merrick)",Fred Merrick White,male,British,1859.0,1935.0,Wikipedia,True,11
152,"Janvier, Thomas A. (Thomas Allibone)",Thomas Allibone Janvier,male,American,1849.0,1913.0,"Wikipedia, OpenLibrary, Wikidata",True,11
153,"Stevenson, Burton Egbert",Burton Egbert Stevenson,male,American,1872.0,1962.0,Wikipedia,True,11
154,"Gale, Zona",Zona Gale,female,American,1874.0,1938.0,Wikipedia,True,11
155,"Gibbs, George",George Gibbs,male,United Kingdom,1870.0,1942.0,"OpenLibrary, Wikidata",True,11
156,"Lewis, Alfred Henry",Alfred Henry Lewis,male,American,1857.0,1914.0,"Wikipedia, OpenLibrary, Wikidata",True,11
157,"Baring-Gould, S. (Sabine)",Sabine Baring-Gould,male,English,1834.0,1924.0,"Wikipedia, OpenLibrary",True,11
158,"Grant, James",James Grant,male,"Kingdom of Great Britain, United Kingdom of Great Britain and Ireland",1772.0,1785.0,"OpenLibrary, Wikidata",True,11
159,"Taylor, Mary Imlay",Mary Imlay Taylor,female,American,1878.0,1938.0,"Wikipedia, OpenLibrary, Wikidata",True,11
160,"Morris, William",William Morris,male,"English, British",1834.0,1896.0,Wikipedia,True,10
161,"Ferber, Edna",Edna Ferber,female,American,1885.0,1968.0,Wikipedia,True,10
162,"Buchan, John",John Buchan,male,"Scottish, British, Canadian",1875.0,1940.0,"Wikipedia, Wikidata",True,10
163,"Tennyson, Alfred Tennyson, Baron","Alfred Tennyson, Tennyson",male,"British, English",1809.0,1892.0,Wikipedia,True,10
164,"Meynell, Alice",Alice Meynell,female,"English, British",1847.0,1922.0,"Wikipedia, OpenLibrary",True,10
165,Ouida,Ouida,female,English,1839.0,1908.0,Wikipedia,True,10
166,"Fletcher, J. S. (Joseph Smith)",Joseph Smith Fletcher,male,British,1863.0,1935.0,OpenLibrary,True,10
167,"Harland, Henry",Henry Harland,male,American,1861.0,1905.0,"Wikipedia, Wikidata",True,10
168,"Zangwill, Israel",Israel Zangwill,male,British,1864.0,1926.0,Wikipedia,True,10
169,"Roberts, Charles G. D., Sir","Charles G. D., Roberts",male,Canadian,1860.0,1943.0,Wikipedia,True,10
170,"Harris, Frank",Frank Harris,male,Irish-American,1856.0,1931.0,Wikipedia,True,10
171,"Belloc, Hilaire",Hilaire Belloc,male,"French, English",1870.0,1953.0,Wikipedia,True,10
172,"Cody, H. A. (Hiram Alfred)",Hiram Alfred Cody,male,Canadian,1872.0,1948.0,"Wikipedia, OpenLibrary",True,10
173,"Bates, Arlo",Arlo Bates,male,American,1850.0,1918.0,"Wikipedia, OpenLibrary, Wikidata",True,10
174,"Vance, Louis Joseph",Louis Joseph Vance,male,American,1879.0,1933.0,"Wikipedia, OpenLibrary",True,10
175,"Bonner, Geraldine",Geraldine Bonner,female,American,1870.0,1930.0,"Wikipedia, OpenLibrary, Wikidata",True,10
176,"Williamson, C. N. (Charles Norris) ",Charles Norris Williamson,male,British,1859.0,1920.0,OpenLibrary,True,10
177," Williamson, A. M. (Alice Muriel)",Alice Muriel Williamson,female,British,1869.0,1933.0,OpenLibrary,True,10
178,"Dell, Ethel M. (Ethel May)",Ethel May Dell,female,British,1881.0,1939.0,"Wikipedia, OpenLibrary",True,10
179,"Ford, Sewell",Sewell Ford,male,American,1981.0,1946.0,"Wikipedia, OpenLibrary",True,10
180,"Saltus, Edgar",Edgar Saltus,male,American,1855.0,1921.0,Wikipedia,True,10
181,"Mitford, Bertram",Bertram Mitford,male,British,1837.0,1916.0,Wikipedia,True,10
182,"Deeping, Warwick",Warwick Deeping,male,English,1877.0,1950.0,"Wikipedia, OpenLibrary",True,10
183,"Warden, Florence",Florence Warden,female,English,1857.0,1929.0,"Wikipedia, OpenLibrary",True,10
184,"Eliot, George",George Eliot,female,English,1819.0,1880.0,Wikipedia,True,9
185,"Cabell, James Branch",James Branch Cabell,male,American,1879.0,1958.0,Wikipedia,True,9
186,"Fox, John, Jr.","John, Jr. Fox",male,American,1862.0,1919.0,"Wikipedia, OpenLibrary",True,9
187,"Wister, Owen",Owen Wister,male,American,1860.0,1938.0,Wikipedia,True,9
188,"Reed, Myrtle",Myrtle Reed,female,American,1874.0,1911.0,"Wikipedia, OpenLibrary",True,9
189,"Von Arnim, Elizabeth",Elizabeth Von Arnim,female,"Australian, English, German, New Zealand",1866.0,1941.0,Wikipedia,True,9
190,"Hawthorne, Julian",Julian Hawthorne,male,American,1846.0,1934.0,Wikipedia,True,9
191,"Dixon, Thomas, Jr.","Thomas, Jr. Dixon",male,American,1864.0,1946.0,Wikipedia,True,9
192,"Leacock, Stephen",Stephen Leacock,male,"Canadian, English",1869.0,1944.0,"Wikipedia, OpenLibrary",True,9
193,"Allen, James Lane",James Lane Allen,male,American,1849.0,1925.0,Wikipedia,True,9
194,"Habberton, John",John Habberton,male,American,1842.0,1921.0,"Wikipedia, OpenLibrary, Wikidata",True,9
195,"Sheldon, Georgie, Mrs.","Georgie, Sheldon",female,,,,OpenLibrary,True,9
196,"Adams, Samuel Hopkins",Samuel Hopkins Adams,male,American,1871.0,1958.0,"Wikipedia, OpenLibrary",True,9
197,"Wells, Carolyn",Carolyn Wells,female,American,1862.0,1942.0,Wikipedia,True,9
198,"Milne, A. A. (Alan Alexander)",Alan Alexander Milne,male,British,1882.0,1956.0,OpenLibrary,True,9
199,"Comfort, Will Levington",Will Levington Comfort,male,American,1878.0,1932.0,Wikipedia,True,9
200,"Woolson, Constance Fenimore",Constance Fenimore Woolson,female,American,1840.0,1894.0,"Wikipedia, OpenLibrary",True,9
201,"Glasgow, Ellen Anderson Gholson",Ellen Anderson Gholson Glasgow,female,American,1873.0,1945.0,Wikipedia,True,9
202,"Hughes, Rupert",Rupert Hughes,male,American,1872.0,1956.0,Wikipedia,True,9
203,"Buck, Charles Neville",Charles Neville Buck,male,American,1879.0,1957.0,Wikipedia,True,9
204,"Walpole, Hugh",Hugh Walpole,male,English,1894.0,1941.0,Wikipedia,True,9
205,"Wilson, Harry Leon",Harry Leon Wilson,male,American,1867.0,1939.0,"Wikipedia, OpenLibrary",True,9
206,"Morrison, Arthur",Arthur Morrison,male,"English, British",1863.0,1945.0,Wikipedia,True,9
207,"Daviess, Maria Thompson",Maria Thompson Daviess,female,American,1872.0,1924.0,Wikipedia,True,9
208,"Read, Opie Percival",Opie Percival Read,male,American,1852.0,1939.0,Wikipedia,True,9
209,"Stringer, Arthur",Arthur Stringer,male,Canadian,1874.0,1950.0,OpenLibrary,True,9
210,"MacKenzie, Compton",Compton MacKenzie,male,Scottish,1883.0,1972.0,Wikipedia,True,9
211,"Baker, George M. (George Melville)",George Melville Baker,male,American,1832.0,1890.0,Wikipedia,True,9
212,"Porter, Eleanor H. (Eleanor Hodgman)",Eleanor Hodgman Porter,female,American,1868.0,1920.0,"Wikipedia, OpenLibrary",True,8
213,"Boldrewood, Rolf",Rolf Boldrewood,male,Australia,1826.0,1915.0,"OpenLibrary, Wikidata",True,8
214,"Packard, Frank L. (Frank Lucius)",Frank Lucius Packard,male,Canadian,1877.0,1942.0,"Wikipedia, OpenLibrary, Wikidata",True,8
215,"Longfellow, Henry Wadsworth",Henry Wadsworth Longfellow,male,American,1807.0,1882.0,Wikipedia,True,8
216,"Farnol, Jeffery",Jeffery Farnol,male,"British, English",1878.0,1952.0,Wikipedia,True,8
217,"Deland, Margaret Wade Campbell",Margaret Wade Campbell Deland,female,American,1857.0,1945.0,Wikipedia,True,8
218,"Field, Eugene",Eugene Field,male,American,1850.0,1895.0,Wikipedia,True,8
219,"Paine, Albert Bigelow",Albert Bigelow Paine,male,American,1861.0,1937.0,"Wikipedia, OpenLibrary",True,8
220,"Twain, Mark ",Mark Twain,male,American,1835.0,1910.0,Wikipedia,True,8
221," Warner, Charles Dudley",Charles Dudley Warner,male,American,1829.0,1900.0,Wikipedia,True,8
222,"Rice, Alice Caldwell Hegan",Alice Caldwell Hegan Rice,female,American,1870.0,1942.0,Wikipedia,True,8
223,"Nesbit, E. (Edith)",Edith Nesbit,female,English,1858.0,1924.0,Wikipedia,True,8
224,"Colton, Arthur",Arthur Colton,male,"Scottish, British",1860.0,1936.0,Wikipedia,True,8
225,"Ellis, Edward Sylvester",Edward Sylvester Ellis,male,American,1840.0,1916.0,"Wikipedia, Wikidata",True,8
226,"Hergesheimer, Joseph",Joseph Hergesheimer,male,American,1880.0,1954.0,Wikipedia,True,8
227,"Day, Holman",Holman Day,male,American,1865.0,1935.0,Wikipedia,True,8
228,"Lee, Vernon",Vernon Lee,female,"French, British",1856.0,1935.0,Wikipedia,True,8
229,"Richards, Laura Elizabeth Howe",Laura Elizabeth Howe Richards,female,American,1850.0,1943.0,Wikipedia,True,8
230,"Oxenham, John",John Oxenham,male,English,1852.0,1580.0,"Wikipedia, OpenLibrary, Wikidata",True,8
231,"Robins, Elizabeth",Elizabeth Robins,female,American,1862.0,1952.0,Wikipedia,True,8
232,"Capes, Bernard",Bernard Capes,male,English,1854.0,1918.0,"Wikipedia, OpenLibrary, Wikidata",True,8
233,"Besant, Walter",Walter Besant,male,English,1836.0,1901.0,Wikipedia,True,8
234,"Repplier, Agnes",Agnes Repplier,female,American,1855.0,1950.0,OpenLibrary,True,8
235,"Herford, Oliver",Oliver Herford,male,"American, Anglo-American",1863.0,1935.0,"Wikipedia, OpenLibrary",True,8
236,"Pemberton, Max",Max Pemberton,male,English,1863.0,1950.0,"Wikipedia, OpenLibrary",True,8
237,"Dawson, Coningsby",Coningsby Dawson,male,"American, Anglo-American, Canadian",1883.0,1959.0,"Wikipedia, OpenLibrary, Wikidata",True,8
238,"Rice, Cale Young",Cale Young Rice,male,"American, English",1872.0,1943.0,Wikipedia,True,8
239,"Graham, Harry",Harry Graham,male,"Australia, New Zealand",1874.0,1936.0,"OpenLibrary, Wikidata",True,8
240,"Rives, Hallie Erminie",Hallie Erminie Rives,female,American,1874.0,1956.0,"Wikipedia, OpenLibrary, Wikidata",True,8
241,"Thorne, Guy",Guy Thorne,male,English,1876.0,1923.0,"Wikipedia, OpenLibrary",True,8
242,"Cather, Willa",Willa Cather,female,American,1873.0,1947.0,Wikipedia,True,7
243,"Webster, Jean",Jean Webster,female,American,1876.0,1916.0,Wikipedia,True,7
244,"Morley, Christopher",Christopher Morley,male,American,1890.0,1957.0,"Wikipedia, OpenLibrary",True,7
245,"Service, Robert W. (Robert William)",Robert William Service,male,"British, Canadian, English, Scottish, French",1874.0,1958.0,Wikipedia,True,7
246,"Dreiser, Theodore",Theodore Dreiser,male,American,1871.0,1945.0,Wikipedia,True,7
247,"Grahame, Kenneth",Kenneth Grahame,male,Scottish,1859.0,1932.0,Wikipedia,True,7
248,"Stoker, Bram",Bram Stoker,male,Irish,1847.0,1912.0,Wikipedia,True,7
249,"Machen, Arthur",Arthur Machen,male,"Welsh, English",1863.0,1947.0,Wikipedia,True,7
250,"Beerbohm, Max, Sir","Max, Beerbohm",male,English,1872.0,1956.0,Wikipedia,True,7
251,"Duncan, Sara Jeannette",Sara Jeannette Duncan,female,"Canadian, Anglo-Indian",1861.0,1922.0,Wikipedia,True,7
252,"Lee, Jennette",Jennette Lee,female,"American, English",1860.0,1951.0,Wikipedia,True,7
253,"Wright, Harold Bell",Harold Bell Wright,male,American,1872.0,1944.0,Wikipedia,True,7
254,"Marsh, Richard",Richard Marsh,male,British,1857.0,1915.0,OpenLibrary,True,7
255,"Kyne, Peter B. (Peter Bernard)",Peter Bernard Kyne,male,American,1880.0,1957.0,Wikipedia,True,7
256,"Carey, Rosa Nouchette",Rosa Nouchette Carey,female,English,1840.0,1909.0,Wikipedia,True,7
257,"Henty, G. A. (George Alfred)",George Alfred Henty,male,"British, English",1832.0,1902.0,Wikipedia,True,7
258,"Grant, Robert",Robert Grant,male,"Kingdom of Great Britain, United Kingdom of Great Britain and Ireland",1824.0,1900.0,"OpenLibrary, Wikidata",True,7
259,"Brown, Alice",Alice Brown,female,United States,1857.0,1948.0,"OpenLibrary, Wikidata",True,7
260,"Merrick, Leonard",Leonard Merrick,male,English,1864.0,1939.0,Wikipedia,True,7
261,"Burgess, Gelett",Gelett Burgess,male,"American, French",1866.0,1951.0,Wikipedia,True,7
262,"Ade, George",George Ade,male,American,1866.0,1944.0,"Wikipedia, OpenLibrary",True,7
263,"Bain, F. W. (Francis William)",Francis William Bain,male,"United Kingdom, United Kingdom of Great Britain and Ireland",1863.0,1940.0,"OpenLibrary, Wikidata",True,7
264,"Beers, Henry A. (Henry Augustin)",Henry Augustin Beers,male,American,1847.0,1926.0,"Wikipedia, Wikidata",True,7
265,"Benson, Robert Hugh",Robert Hugh Benson,male,"British, English",1871.0,1914.0,Wikipedia,True,7
266,"Noyes, Alfred",Alfred Noyes,male,English,1880.0,1958.0,"Wikipedia, Wikidata",True,7
267,"Somerville, E. Oe. (Edith Oenone) ",Edith Oenone Somerville,female,Irish,1858.0,1949.0,"Wikipedia, Wikidata",True,7
268," Ross, Martin",Martin Ross,female,Irish,1865.0,1915.0,"OpenLibrary, Wikidata",True,7
269,"Onions, Oliver",Oliver Onions,male,English,1873.0,1961.0,Wikipedia,True,7
270,"King, Basil",Basil King,male,Canadian,1859.0,1928.0,Wikipedia,True,7
271,"Cholmondeley, Mary",Mary Cholmondeley,female,English,1859.0,1925.0,Wikipedia,True,7
272,"Scott, John Reed",John Reed Scott,male,American,1929.0,1935.0,"Wikipedia, Wikidata",True,7
273,"Gregory, Jackson",Jackson Gregory,male,American,1882.0,1943.0,"Wikipedia, OpenLibrary, Wikidata",True,7
274,"Seltzer, Charles Alden",Charles Alden Seltzer,male,American,1875.0,1942.0,"Wikipedia, OpenLibrary",True,7
275,"Bailey, Temple",Temple Bailey,female,American,1885.0,1953.0,"Wikipedia, OpenLibrary",True,7
276,"Coolidge, Dane",Dane Coolidge,male,American,1873.0,1940.0,"Wikipedia, OpenLibrary",True,7
277,"Brady, Cyrus Townsend",Cyrus Townsend Brady,male,American,1861.0,1920.0,Wikipedia,True,7
278,"Hay, Ian",Ian Hay,male,British,1876.0,1952.0,"Wikipedia, OpenLibrary",True,7
279,"Vaizey, George de Horne, Mrs.","George de Horne, Vaizey",female,English,,,Wikipedia,True,7
280,"Munro, Neil",Neil Munro,male,"United Kingdom, United Kingdom of Great Britain and Ireland",1864.0,1930.0,"OpenLibrary, Wikidata",True,7
281,"Grier, Sydney C.",Sydney C. Grier,female,English,1868.0,1933.0,"Wikipedia, OpenLibrary",True,7
282,"Hocking, Joseph",Joseph Hocking,male,British,1860.0,1937.0,"Wikipedia, Wikidata",True,7
283,"Johnson, Owen",Owen Johnson,male,United States,1878.0,1952.0,"OpenLibrary, Wikidata",True,7
284,"Phelps, Elizabeth Stuart",Elizabeth Stuart Phelps,female,American,1844.0,1911.0,"Wikipedia, OpenLibrary, Wikidata",True,7
285,"Marchmont, Arthur W.",Arthur W. Marchmont,male,United Kingdom of Great Britain and Ireland,1852.0,1923.0,"Wikipedia, OpenLibrary, Wikidata",True,7
286,"Merwin, Samuel",Samuel Merwin,male,United States,1874.0,1936.0,"OpenLibrary, Wikidata",True,7
287,"Peard, Frances Mary",Frances Mary Peard,female,English,1835.0,1922.0,"Wikipedia, OpenLibrary, Wikidata",True,7
288,"Norris, Frank",Frank Norris,male,American,1870.0,1902.0,Wikipedia,True,6
289,"Lawson, Henry",Henry Lawson,male,Australian,1867.0,1922.0,Wikipedia,True,6
290,Saki,Saki,male,British,1870.0,1916.0,Wikipedia,True,6
291,"Synge, J. M. (John Millington)",John Millington Synge,male,Irish,1871.0,1909.0,Wikipedia,True,6
292,"Altsheler, Joseph A. (Joseph Alexander)",Joseph Alexander Altsheler,male,"American, French",1862.0,1919.0,"Wikipedia, OpenLibrary",True,6
293,"Masters, Edgar Lee",Edgar Lee Masters,male,American,1868.0,1950.0,Wikipedia,True,6
294,"Ruskin, John",John Ruskin,male,English,1819.0,1900.0,Wikipedia,True,6
295,"Thompson, Francis",Francis Thompson,male,English,1859.0,1907.0,Wikipedia,True,6
296,"Shakespeare, William",William Shakespeare,male,English,1564.0,1616.0,Wikipedia,True,6
297,"Stephens, James",James Stephens,male,Irish,1880.0,1950.0,OpenLibrary,True,6
298,"Clouston, J. Storer (Joseph Storer)",Joseph Storer Clouston,male,Scottish,1870.0,1944.0,"Wikipedia, OpenLibrary",True,6
299,"Harris, Joel Chandler",Joel Chandler Harris,male,American,1848.0,1908.0,Wikipedia,True,6
300,"Jefferies, Richard",Richard Jefferies,male,English,1848.0,1887.0,Wikipedia,True,6
301,"Pater, Walter",Walter Pater,male,English,1839.0,1894.0,Wikipedia,True,6
302,"Ford, Ford Madox",Ford Madox Ford,male,"English, American",1873.0,1939.0,"Wikipedia, Wikidata",True,6
303,"Saunders, Marshall",Marshall Saunders,female,Canadian,1861.0,1947.0,Wikipedia,True,6
304,"Emerson, Ralph Waldo",Ralph Waldo Emerson,male,American,1803.0,1882.0,Wikipedia,True,6
305,"Connor, Ralph",Ralph Connor,male,Canadian,1860.0,1937.0,Wikipedia,True,6
306,"Norris, Kathleen Thompson",Kathleen Thompson Norris,female,American,1880.0,1966.0,Wikipedia,True,6
307,"Morris, Gouverneur",Gouverneur Morris,male,United States,1752.0,1816.0,"OpenLibrary, Wikidata",True,6
308,"White, William Hale",William Hale White,male,British,1831.0,1913.0,"Wikipedia, OpenLibrary",True,6
309,"Ford, Paul Leicester",Paul Leicester Ford,male,American,1865.0,1902.0,"Wikipedia, Wikidata",True,6
310,"Andrews, Mary Raymond Shipman",Mary Raymond Shipman Andrews,female,American,1860.0,1936.0,Wikipedia,True,6
311,"Brighouse, Harold",Harold Brighouse,male,English,1882.0,1958.0,Wikipedia,True,6
312,"Brand, Max",Max Brand,male,American,1892.0,1944.0,Wikipedia,True,6
313,"Le Fanu, Joseph Sheridan",Joseph Sheridan Le Fanu,male,Irish,1814.0,1873.0,Wikipedia,True,6
314,"Isham, Frederic Stewart",Frederic Stewart Isham,male,American,1866.0,1922.0,"Wikipedia, OpenLibrary",True,6
315,"Macaulay, Rose",Rose Macaulay,female,English,1881.0,1958.0,"Wikipedia, OpenLibrary",True,6
316,"Eggleston, Edward",Edward Eggleston,male,American,1837.0,1902.0,"Wikipedia, OpenLibrary, Wikidata",True,6
317,"McIntyre, John T. (John Thomas)",John Thomas McIntyre,male,American,1871.0,1951.0,"Wikipedia, OpenLibrary",True,6
318,"Scott, Leroy",Leroy Scott,male,American,1875.0,1929.0,"Wikipedia, OpenLibrary, Wikidata",True,6
319,"Abbott, Eleanor Hallowell",Eleanor Hallowell Abbott,female,American,1872.0,1958.0,Wikipedia,True,6
320,"Southworth, Emma Dorothy Eliza Nevitte",Emma Dorothy Eliza Nevitte Southworth,female,American,1819.0,1899.0,"Wikipedia, OpenLibrary",True,6
321,"Housman, Laurence",Laurence Housman,male,English,1865.0,1959.0,Wikipedia,True,6
322,"Footner, Hulbert",Hulbert Footner,male,"Canadian, American",1879.0,1944.0,"Wikipedia, OpenLibrary",True,6
323,"Bacon, Josephine Daskam",Josephine Daskam Bacon,female,American,1876.0,1961.0,"Wikipedia, OpenLibrary",True,6
324,"Miller, Joaquin",Joaquin Miller,male,American,1837.0,1913.0,Wikipedia,True,6
325,"Lefevre, Edwin",Edwin Lefevre,male,American,1871.0,1943.0,Wikipedia,True,6
326,"Meade, L. T.",L. T. Meade,female,Irish,1844.0,1914.0,Wikipedia,True,6
327,"Pain, Barry",Barry Pain,male,"British, English",1864.0,1928.0,"Wikipedia, Wikidata",True,6
328,"Roberts, Morley",Morley Roberts,male,United Kingdom,1857.0,1942.0,"OpenLibrary, Wikidata",True,6
329,"MacGregor, Mary Esther Miller",Mary Esther Miller MacGregor,female,Canadian,1876.0,1961.0,"Wikipedia, OpenLibrary, Wikidata",True,6
330,"Cannan, Gilbert",Gilbert Cannan,male,British,1884.0,1955.0,"Wikipedia, OpenLibrary",True,6
331,"Guiney, Louise Imogen",Louise Imogen Guiney,female,American,1861.0,1920.0,"Wikipedia, Wikidata",True,6
332,"Jewett, Sarah Orne",Sarah Orne Jewett,female,American,1849.0,1909.0,Wikipedia,True,5
333,"Lewis, Sinclair",Sinclair Lewis,male,American,1885.0,1951.0,Wikipedia,True,5
334,"Stevenson, Robert Louis ",Robert Louis Stevenson,male,Scottish,1850.0,1894.0,Wikipedia,True,5
335,"Hearn, Lafcadio",Lafcadio Hearn,male,Irish,1850.0,1904.0,"Wikipedia, Wikidata",True,5
336,"Gilbert, W. S. (William Schwenck)",William Schwenck Gilbert,male,English,1836.0,1911.0,Wikipedia,True,5
337,"Hudson, W. H. (William Henry)",William Henry Hudson,male,United Kingdom of Great Britain and Ireland,1841.0,1922.0,"Wikipedia, Wikidata",True,5
338,"Bramah, Ernest",Ernest Bramah,male,English,1868.0,1942.0,"Wikipedia, OpenLibrary",True,5
339,"Lyall, Edna",Edna Lyall,female,English,1857.0,1903.0,"Wikipedia, Wikidata",True,5
340,"McCarter, Margaret Hill",Margaret Hill McCarter,female,American,1860.0,1938.0,"Wikipedia, OpenLibrary",True,5
341,"Bullen, Frank Thomas",Frank Thomas Bullen,male,British,1857.0,1915.0,"Wikipedia, OpenLibrary",True,5
342,"Lincoln, Natalie Sumner",Natalie Sumner Lincoln,female,American,1881.0,1935.0,Wikipedia,True,5
343,"Peattie, Elia Wilkinson",Elia Wilkinson Peattie,female,American,1862.0,1935.0,"Wikipedia, OpenLibrary",True,5
344,"Butler, Samuel",Samuel Butler,male,"English, Italian",1835.0,1902.0,Wikipedia,True,5
345,"Alger, Horatio, Jr.","Horatio, Jr. Alger",male,American,1832.0,1899.0,Wikipedia,True,5
346,"Sabatini, Rafael",Rafael Sabatini,male,"Italian, British",1875.0,1950.0,"Wikipedia, OpenLibrary",True,5
347,"Jackson, Helen Hunt",Helen Hunt Jackson,female,American,1830.0,1885.0,Wikipedia,True,5
348,"Post, Melville Davisson",Melville Davisson Post,male,American,1871.0,1930.0,"Wikipedia, OpenLibrary",True,5
349,"Emerson, Willis George",Willis George Emerson,male,American,1856.0,1918.0,Wikipedia,True,5
350,"Stead, Robert J. C.",Robert J. C. Stead,,Canadian,1880.0,1959.0,Wikipedia,True,5
351,"Jenkins, Herbert George",Herbert George Jenkins,male,British,1876.0,1923.0,"Wikipedia, OpenLibrary",True,5
352,"Mundy, Talbot",Talbot Mundy,male,"British, English",1879.0,1940.0,Wikipedia,True,5
353,"Sheldon, Charles M.",Charles M. Sheldon,male,United States,1857.0,1946.0,"OpenLibrary, Wikidata",True,5
354,"Irwin, Wallace",Wallace Irwin,male,American,1875.0,1959.0,"Wikipedia, OpenLibrary",True,5
355,"Bennet, Robert Ames",Robert Ames Bennet,male,American,1870.0,1954.0,Wikipedia,True,5
356,"Browning, Robert",Robert Browning,male,English,1812.0,1889.0,Wikipedia,True,5
357,"Fleming, May Agnes",May Agnes Fleming,female,Canadian,1840.0,1880.0,Wikipedia,True,5
358,"England, George Allan",George Allan England,male,American,1877.0,1936.0,Wikipedia,True,5
359,"Mitchell, John Ames",John Ames Mitchell,male,American,1845.0,1918.0,"Wikipedia, OpenLibrary",True,5
360,"Fuller, Henry Blake",Henry Blake Fuller,male,American,1857.0,1929.0,Wikipedia,True,5
361,"Serviss, Garrett Putman",Garrett Putman Serviss,male,American,1851.0,1929.0,"Wikipedia, OpenLibrary",True,5
362,"Malet, Lucas",Lucas Malet,female,English,1852.0,1931.0,"Wikipedia, OpenLibrary",True,5
363,"Riddell, J. H., Mrs.","J. H., Riddell",female,Irish,1832.0,1906.0,Wikipedia,True,5
364,"Vachell, Horace Annesley",Horace Annesley Vachell,male,English,1861.0,1955.0,"Wikipedia, OpenLibrary",True,5
365,"Freeman, R. Austin (Richard Austin)",Richard Austin Freeman,male,British,1862.0,1943.0,Wikipedia,True,5
366,"Stephen, Leslie",Leslie Stephen,male,English,1832.0,1904.0,Wikipedia,True,5
367,"Sinclair, Bertrand W.",Bertrand W. Sinclair,female,United States,1881.0,1972.0,"OpenLibrary, Wikidata",True,5
368,"Wright, Mabel Osgood",Mabel Osgood Wright,female,American,1859.0,1934.0,"Wikipedia, OpenLibrary",True,5
369,"De la Mare, Walter",Walter De la Mare,male,"English, British",1873.0,1956.0,Wikipedia,True,5
370,"Phillips, Henry Wallace",Henry Wallace Phillips,male,,1869.0,1930.0,"OpenLibrary, Wikidata",True,5
371,"Connolly, James B. (James Brendan)",James Brendan Connolly,male,American,1868.0,1957.0,"Wikipedia, OpenLibrary",True,5
372,"Sharp, William",William Sharp,male,United Kingdom,1855.0,1905.0,"OpenLibrary, Wikidata",True,5
373,"Black, William",William Black,male,United States,1926.0,1745.0,"OpenLibrary, Wikidata",True,5
374,"Warner, Anne",Anne Warner,female,United States,1869.0,1913.0,"OpenLibrary, Wikidata",True,5
375,"Hendryx, James B. (James Beardsley)",James Beardsley Hendryx,male,American,1880.0,1963.0,"Wikipedia, OpenLibrary, Wikidata",True,5
376,"Murray, W. H. H. (William Henry Harrison)",William Henry Harrison Murray,male,American,1840.0,1904.0,Wikipedia,True,5
377,"Garvice, Charles",Charles Garvice,male,British,1850.0,1920.0,Wikipedia,True,5
378,"Hartley, John",John Hartley,male,American,1849.0,1724.0,"OpenLibrary, Wikidata",True,5
379,"Glass, Montague",Montague Glass,male,"American, British-American",1877.0,1934.0,Wikipedia,True,5
380,"Thomas, Edward",Edward Thomas,male,United Kingdom of Great Britain and Ireland,1878.0,1917.0,"OpenLibrary, Wikidata",True,5
381,"Burnham, Clara Louise",Clara Louise Burnham,female,American,1927.0,1927.0,Wikipedia,True,5
382,"Stockley, Cynthia",Cynthia Stockley,female,South Africa,1883.0,1936.0,"Wikipedia, OpenLibrary, Wikidata",True,5
383,"Gates, Eleanor",Eleanor Gates,female,American,1874.0,1951.0,Wikipedia,True,5
384,"Upward, Allen",Allen Upward,male,British,1863.0,1926.0,"Wikipedia, OpenLibrary",True,5
385,"Ryan, Marah Ellis",Marah Ellis Ryan,female,American,1866.0,1934.0,"Wikipedia, OpenLibrary",True,5
386,"Dehan, Richard",Richard Dehan,female,Irish,1863.0,1932.0,"Wikipedia, OpenLibrary, Wikidata",True,5
387,"Kingsley, Florence Morse",Florence Morse Kingsley,female,American,1859.0,1937.0,"Wikipedia, OpenLibrary",True,5
388,"Eggleston, George Cary",George Cary Eggleston,male,American,1837.0,1902.0,Wikipedia,True,5
389,"Molesworth, Mrs.",Molesworth,female,,,,OpenLibrary,True,5
390,"Broughton, Rhoda",Rhoda Broughton,female,Welsh,1840.0,1920.0,Wikipedia,True,5
391,"Bedford-Jones, H. (Henry)",Henry Bedford-Jones,male,"American, Canadian-American",1887.0,1949.0,"Wikipedia, OpenLibrary",True,5
392,"Whitlock, Brand",Brand Whitlock,male,American,1869.0,1934.0,"Wikipedia, OpenLibrary, Wikidata",True,5
393,"Marshall, Archibald",Archibald Marshall,male,English,1866.0,1934.0,OpenLibrary,True,5
394,"Sherman, Francis",Francis Sherman,male,United States,1871.0,1926.0,"OpenLibrary, Wikidata",True,5
395,"Grundy, Sydney",Sydney Grundy,male,United Kingdom of Great Britain and Ireland,1848.0,1914.0,"OpenLibrary, Wikidata",True,5
396,"Sutcliffe, Halliwell",Halliwell Sutcliffe,male,"United Kingdom, United Kingdom of Great Britain and Ireland",1870.0,1932.0,"OpenLibrary, Wikidata",True,5
397,"Bloundelle-Burton, John",John Bloundelle-Burton,male,English,1850.0,1917.0,Wikipedia,True,5
398,"Hains, T. Jenkins (Thornton Jenkins)",Thornton Jenkins Hains,male,American,1866.0,1953.0,Wikipedia,True,5
399,"Gilman, Charlotte Perkins",Charlotte Perkins Gilman,female,American,1860.0,1935.0,Wikipedia,True,4
400,"Paterson, A. B. (Andrew Barton)",Andrew Barton Paterson,male,Australian,1941.0,1941.0,OpenLibrary,True,4
401,"Boyesen, Hjalmar Hjorth",Hjalmar Hjorth Boyesen,male,American,1848.0,1895.0,Wikipedia,True,4
402,"Robinson, Edwin Arlington",Edwin Arlington Robinson,male,American,1869.0,1935.0,"Wikipedia, Wikidata",True,4
403,"Teasdale, Sara",Sara Teasdale,female,American,1884.0,1933.0,Wikipedia,True,4
404,"Lindsay, Vachel",Vachel Lindsay,male,American,1879.0,1931.0,Wikipedia,True,4
405,"Marquis, Don",Don Marquis,male,American,1878.0,1937.0,"Wikipedia, OpenLibrary",True,4
406,"Chesnutt, Charles W. (Charles Waddell)",Charles Waddell Chesnutt,male,American,1858.0,1932.0,Wikipedia,True,4
407,"Mitchell, S. Weir (Silas Weir)",Silas Weir Mitchell,male,American,1829.0,1914.0,Wikipedia,True,4
408,"Schreiner, Olive",Olive Schreiner,female,South Africa,1855.0,1920.0,"Wikipedia, Wikidata",True,4
409,"Wallace, Lew",Lew Wallace,male,American,1827.0,1905.0,Wikipedia,True,4
410,"Forster, E. M. (Edward Morgan)",Edward Morgan Forster,male,English,1879.0,1970.0,Wikipedia,True,4
411,"Alcott, Louisa May",Louisa May Alcott,female,American,1832.0,1888.0,Wikipedia,True,4
412,"Joyce, James",James Joyce,male,Irish,1882.0,1941.0,Wikipedia,True,4
413,"Chester, George Randolph",George Randolph Chester,male,American,1869.0,1924.0,"Wikipedia, OpenLibrary, Wikidata",True,4
414,"Evans, Augusta J. (Augusta Jane)",Augusta Jane Evans,female,American,1835.0,1909.0,Wikipedia,True,4
415,"Osbourne, Lloyd",Lloyd Osbourne,male,"American, Scottish",1868.0,1947.0,Wikipedia,True,4
416," Hornblow, Arthur",Arthur Hornblow,,,1865.0,1942.0,OpenLibrary,True,4
417,"Kester, Vaughan",Vaughan Kester,male,American,1869.0,1911.0,"Wikipedia, OpenLibrary, Wikidata",True,4
418,"Thurston, Katherine Cecil",Katherine Cecil Thurston,female,Irish,1875.0,1911.0,"Wikipedia, OpenLibrary, Wikidata",True,4
419,"Harland, Marion",Marion Harland,female,American,1853.0,1922.0,Wikipedia,True,4
420,"Bosher, Kate Langley",Kate Langley Bosher,female,American,1865.0,1932.0,Wikipedia,True,4
421,"Mabie, Hamilton Wright",Hamilton Wright Mabie,male,American,1846.0,1916.0,"Wikipedia, OpenLibrary, Wikidata",True,4
422,"Brebner, Percy James",Percy James Brebner,male,English,1864.0,1922.0,"Wikipedia, Wikidata",True,4
423,"Carryl, Guy Wetmore",Guy Wetmore Carryl,male,American,1873.0,1904.0,"Wikipedia, OpenLibrary, Wikidata",True,4
424,"Shiel, M. P. (Matthew Phipps)",Matthew Phipps Shiel,male,British,1865.0,1947.0,Wikipedia,True,4
425,"Lathrop, George Parsons",George Parsons Lathrop,male,American,1851.0,1898.0,"Wikipedia, OpenLibrary, Wikidata",True,4
426,"Stretton, Hesba",Hesba Stretton,female,English,1832.0,1911.0,Wikipedia,True,4
427,"Glaspell, Susan",Susan Glaspell,female,American,1876.0,1948.0,"Wikipedia, OpenLibrary",True,4
428,"Hawthorne, Nathaniel",Nathaniel Hawthorne,male,American,1804.0,1864.0,Wikipedia,True,4
429,"Russell, George William",George William Russell,male,Irish,1867.0,1935.0,Wikipedia,True,4
430,"Foote, Mary Hallock",Mary Hallock Foote,female,American,1847.0,1938.0,"Wikipedia, OpenLibrary",True,4
431,"Waterloo, Stanley",Stanley Waterloo,male,American,1846.0,1913.0,"Wikipedia, OpenLibrary",True,4
432,"Moffett, Cleveland",Cleveland Moffett,male,American,1863.0,1926.0,"Wikipedia, OpenLibrary, Wikidata",True,4
433,"Sassoon, Siegfried",Siegfried Sassoon,male,English,1886.0,1967.0,Wikipedia,True,4
434,"Fraser, William Alexander",William Alexander Fraser,male,United Kingdom,1859.0,1933.0,"OpenLibrary, Wikidata",True,4
435,"Stephens, Robert Neilson",Robert Neilson Stephens,male,American,1867.0,1906.0,"Wikipedia, OpenLibrary",True,4
436,"Jepson, Edgar",Edgar Jepson,male,English,1863.0,1938.0,"Wikipedia, OpenLibrary",True,4
437,"Austin, Mary",Mary Austin,female,United States,1868.0,1934.0,"OpenLibrary, Wikidata",True,4
438,"Harrison, Henry Sydnor",Henry Sydnor Harrison,male,American,1880.0,1930.0,Wikipedia,True,4
439,"Hodgson, William Hope",William Hope Hodgson,male,English,1877.0,1918.0,"Wikipedia, OpenLibrary",True,4
440,"Pyle, Howard",Howard Pyle,male,American,1853.0,1911.0,Wikipedia,True,4
441,"Grayson, David",David Grayson,male,United States,1870.0,1946.0,"OpenLibrary, Wikidata",True,4
442,"Futrelle, Jacques",Jacques Futrelle,male,American,1875.0,1912.0,Wikipedia,True,4
443,"Cooke, Marjorie Benton",Marjorie Benton Cooke,female,American,1876.0,1920.0,"Wikipedia, OpenLibrary",True,4
444,"Gregory, Lady",Gregory,female,,1954.0,,OpenLibrary,True,4
445,"Benson, Stella",Stella Benson,female,"British, English",1892.0,1933.0,Wikipedia,True,4
446,"Miller, Alice Duer",Alice Duer Miller,female,American,1874.0,1942.0,Wikipedia,True,4
447,"Gosse, Edmund",Edmund Gosse,male,English,1849.0,1928.0,Wikipedia,True,4
448,"Major, Charles",Charles Major,male,United States,1856.0,1913.0,"OpenLibrary, Wikidata",True,4
449,"Bell, Lilian",Lilian Bell,female,American,1867.0,1929.0,"Wikipedia, OpenLibrary",True,4
450,"Birrell, Augustine",Augustine Birrell,male,"British, Irish",1850.0,1933.0,Wikipedia,True,4
451,"Harraden, Beatrice",Beatrice Harraden,female,British,1864.0,1936.0,Wikipedia,True,4
452,"Hyne, Charles John Cutcliffe Wright",Charles John Cutcliffe Wright Hyne,male,English,1866.0,1944.0,"Wikipedia, OpenLibrary",True,4
453,"Barbour, Ralph Henry",Ralph Henry Barbour,male,American,1870.0,1944.0,"Wikipedia, OpenLibrary",True,4
454,"Runciman, James",James Runciman,male,English,1852.0,1891.0,"Wikipedia, OpenLibrary, Wikidata",True,4
455,"Beresford, J. D. (John Davys)",John Davys Beresford,male,United Kingdom,1873.0,1947.0,"OpenLibrary, Wikidata",True,4
456,"Dunbar, Paul Laurence",Paul Laurence Dunbar,male,American,1872.0,1906.0,Wikipedia,True,4
457,"Morrow, Honoré",Honoré Morrow,female,American,1880.0,1940.0,Wikipedia,True,4
458,"Hubbard, Elbert",Elbert Hubbard,male,American,1856.0,1915.0,Wikipedia,True,4
459,"Tynan, Katharine",Katharine Tynan,female,Irish,1859.0,1931.0,Wikipedia,True,4
460,"White, Grace Miller",Grace Miller White,female,American,1868.0,1957.0,Wikipedia,True,4
461,"Kelly, Florence Finch",Florence Finch Kelly,female,American,1858.0,1939.0,"Wikipedia, OpenLibrary, Wikidata",True,4
462,"Hueston, Ethel",Ethel Hueston,,,1887.0,,OpenLibrary,True,4
463,"Whitney, Helen Hay",Helen Hay Whitney,female,American,1875.0,1944.0,Wikipedia,True,4
464,"Griffith, George Chetwynd",George Chetwynd Griffith,male,British,1857.0,1906.0,Wikipedia,True,4
465,"Stimson, Frederic Jesup",Frederic Jesup Stimson,male,American,1855.0,1943.0,"Wikipedia, Wikidata",True,4
466,"Borrow, George",George Borrow,male,English,1803.0,1881.0,Wikipedia,True,4
467,"Ray, Anna Chapin",Anna Chapin Ray,female,American,1865.0,1945.0,"Wikipedia, OpenLibrary, Wikidata",True,4
468,"Murray, David Christie",David Christie Murray,male,English,1847.0,1907.0,"Wikipedia, Wikidata",True,4
469,"Reid, Mayne",Mayne Reid,male,"British, Irish, American",1818.0,1883.0,Wikipedia,True,4
470,"Dargan, Olive Tilford",Olive Tilford Dargan,female,American,1869.0,1968.0,"Wikipedia, OpenLibrary",True,4
471,"Lockhart, Caroline",Caroline Lockhart,female,American,1871.0,1962.0,Wikipedia,True,4
472,"Robertson, Margaret M. (Margaret Murray)",Margaret Murray Robertson,female,"Scottish, Canadian",1821.0,1897.0,"Wikipedia, OpenLibrary, Wikidata",True,4
473," Herford, Oliver",Oliver Herford,male,"American, Anglo-American",1863.0,1935.0,"Wikipedia, OpenLibrary",True,4
474,"Sergeant, Adeline",Adeline Sergeant,female,English,1851.0,1904.0,"Wikipedia, OpenLibrary",True,4
475,"McNeile, H. C. (Herman Cyril)",Herman Cyril McNeile,male,British,1888.0,1937.0,Wikipedia,True,4
476,"Huxley, Aldous",Aldous Huxley,male,English,1894.0,1963.0,Wikipedia,True,4
477,"Duncan, Norman",Norman Duncan,male,Canada,1871.0,1916.0,"OpenLibrary, Wikidata",True,4
478,"McCarthy, Justin H. (Justin Huntly)",Justin Huntly McCarthy,male,Irish,1859.0,1936.0,Wikipedia,True,4
479,"Magruder, Julia",Julia Magruder,female,American,1854.0,1907.0,Wikipedia,True,4
480,"Kummer, Frederic Arnold",Frederic Arnold Kummer,male,American,1873.0,1943.0,Wikipedia,True,4
481,"Mulford, Clarence Edward",Clarence Edward Mulford,male,American,1883.0,1956.0,"Wikipedia, Wikidata",True,4
482,"Trevena, John",John Trevena,male,,1870.0,1946.0,"OpenLibrary, Wikidata",True,4
483,"Delafield, E. M.",E. M. Delafield,female,English,1890.0,1943.0,Wikipedia,True,4
484,"Gould, Nat",Nat Gould,male,British,1857.0,1919.0,Wikipedia,True,4
485,"Reynolds, Baillie, Mrs.","Baillie, Reynolds",female,British,1896.0,1973.0,Wikipedia,True,4
486,"McKenna, Stephen",Stephen McKenna,male,"United Kingdom, United Kingdom of Great Britain and Ireland",1888.0,1967.0,"OpenLibrary, Wikidata",True,4
487,"Young, F. E. Mills (Florence Ethel Mills)",Florence Ethel Mills Young,female,English,1875.0,1945.0,"Wikipedia, OpenLibrary, Wikidata",True,4
488,"Kauffman, Reginald Wright",Reginald Wright Kauffman,male,,1877.0,1959.0,"OpenLibrary, Wikidata",True,4
489,"Johnston, Annie F. (Annie Fellows)",Annie Fellows Johnston,female,American,1863.0,1931.0,Wikipedia,True,4
490,"Castle, Egerton ",Egerton Castle,male,British,1858.0,1920.0,"Wikipedia, OpenLibrary",True,4
491," Castle, Agnes",Agnes Castle,female,Irish,1860.0,1922.0,"Wikipedia, OpenLibrary, Wikidata",True,4
492,"Singmaster, Elsie",Elsie Singmaster,female,American,1879.0,1958.0,Wikipedia,True,4
493,"Bowen, Marjorie",Marjorie Bowen,female,British,1885.0,1952.0,Wikipedia,True,4
494,"Rathborne, St. George",St. George Rathborne,male,American,1854.0,1938.0,"Wikipedia, OpenLibrary",True,4
495,"Bridges, Robert",Robert Bridges,male,British,1844.0,1930.0,Wikipedia,True,4
496,"Watanna, Onoto",Onoto Watanna,female,Canada,1879.0,1954.0,"OpenLibrary, Wikidata",True,4
497,"Marriott, Crittenden",Crittenden Marriott,male,United States,1867.0,1932.0,"OpenLibrary, Wikidata",True,4
498,"Carroll, Lewis",Lewis Carroll,male,"British, English",1832.0,1898.0,Wikipedia,True,3
499,"Chopin, Kate",Kate Chopin,female,American,1850.0,1904.0,Wikipedia,True,3
500,"Browning, Robert ",Robert Browning,male,English,1812.0,1889.0,Wikipedia,True,3
501,"Lowell, Amy",Amy Lowell,female,American,1874.0,1925.0,Wikipedia,True,3
502,"Stratton-Porter, Gene",Gene Stratton-Porter,female,American,1863.0,1924.0,Wikipedia,True,3
503,"Taylor, Bayard",Bayard Taylor,male,American,1825.0,1878.0,Wikipedia,True,3
504,"Guest, Edgar A. (Edgar Albert)",Edgar Albert Guest,male,"British, American",1881.0,1959.0,Wikipedia,True,3
505,"Raleigh, Walter Alexander, Sir","Walter Alexander, Raleigh",male,"British, English",1861.0,1922.0,"Wikipedia, OpenLibrary",True,3
506,Various,Various,male,Kingdom of the Netherlands,1929.0,2022.0,Wikidata,True,3
507,"Anderson, Sherwood",Sherwood Anderson,male,American,1876.0,1941.0,Wikipedia,True,3
508,"Yates, Dornford",Dornford Yates,male,English,1885.0,1960.0,Wikipedia,True,3
509,"Fitzgerald, F. Scott (Francis Scott)",Francis Scott Fitzgerald,male,American,1896.0,1940.0,Wikipedia,True,3
510," Osbourne, Lloyd",Lloyd Osbourne,male,"American, Scottish",1868.0,1947.0,Wikipedia,True,3
511,"Graves, Robert",Robert Graves,male,"English, Irish",1895.0,1985.0,Wikipedia,True,3
512,"Hale, Edward Everett",Edward Everett Hale,male,American,1822.0,1909.0,Wikipedia,True,3
513,"Biggers, Earl Derr",Earl Derr Biggers,male,American,1884.0,1933.0,"Wikipedia, OpenLibrary",True,3
514,"Lytton, Edward Bulwer Lytton, Baron","Edward Bulwer Lytton, Lytton",male,"British, English",1803.0,1873.0,Wikipedia,True,3
515,"Adams, Andy",Andy Adams,male,American,1859.0,1935.0,"Wikipedia, OpenLibrary, Wikidata",True,3
516,"Sherwood, Margaret Pollock",Margaret Pollock Sherwood,female,"American, English",1864.0,1955.0,"Wikipedia, Wikidata",True,3
517,"Reade, Charles",Charles Reade,male,British,1814.0,1884.0,"Wikipedia, Wikidata",True,3
518,"Lang, Andrew ",Andrew Lang,male,Scottish,1844.0,1912.0,Wikipedia,True,3
519,"Kingsley, Charles",Charles Kingsley,male,English,1819.0,1875.0,Wikipedia,True,3
520,"Donnell, Annie Hamilton",Annie Hamilton Donnell,female,United States,1862.0,1943.0,"OpenLibrary, Wikidata",True,3
521,"Cross, Victoria",Victoria Cross,female,British,1868.0,1952.0,"OpenLibrary, Wikidata",True,3
522,"Thompson, Maurice",Maurice Thompson,male,American,1844.0,1901.0,"Wikipedia, OpenLibrary, Wikidata",True,3
523,"McClung, Nellie L.",Nellie L. McClung,female,Canadian,1873.0,1951.0,Wikipedia,True,3
524,"Dennis, C. J. (Clarence James)",Clarence James Dennis,male,Australian,1876.0,1938.0,Wikipedia,True,3
525,"Klein, Charles ",Charles Klein,male,United States,1904.0,1958.0,Wikidata,True,3
526,"Burroughs, John",John Burroughs,male,American,1837.0,1921.0,"OpenLibrary, Wikidata",True,3
527,"Johnson, E. Pauline",E. Pauline Johnson,female,"Canadian, English",1861.0,1913.0,Wikipedia,True,3
528,"Page, Gertrude",Gertrude Page,female,United Kingdom of Great Britain and Ireland,1872.0,1922.0,"Wikipedia, Wikidata",True,3
529,"Kelland, Clarence Budington",Clarence Budington Kelland,male,American,1881.0,1964.0,"Wikipedia, OpenLibrary",True,3
530,"Little, Frances",Frances Little,female,American,1863.0,1941.0,Wikipedia,True,3
531,"Dobson, Austin",Austin Dobson,male,English,1840.0,1921.0,"Wikipedia, OpenLibrary, Wikidata",True,3
532,"Widdemer, Margaret",Margaret Widdemer,female,American,1884.0,1978.0,Wikipedia,True,3
533,"Pidgin, Charles Felton",Charles Felton Pidgin,male,American,1844.0,1923.0,Wikipedia,True,3
534,"Remington, Frederic",Frederic Remington,male,American,1861.0,1909.0,Wikipedia,True,3
535,"Webster, Henry Kitchell ",Henry Kitchell Webster,male,American,1875.0,1932.0,"Wikipedia, OpenLibrary",True,3
536," Merwin, Samuel",Samuel Merwin,male,United States,1874.0,1936.0,"OpenLibrary, Wikidata",True,3
537,"James, M. R. (Montague Rhodes)",Montague Rhodes James,male,"British, English",1862.0,1936.0,Wikipedia,True,3
538,"De Mille, James",James De Mille,male,Canadian,1833.0,1880.0,"Wikipedia, Wikidata",True,3
539,"Drummond, William Henry",William Henry Drummond,male,"Canadian, Irish, English",1854.0,1907.0,"Wikipedia, OpenLibrary",True,3
540,"Hurst, Fannie",Fannie Hurst,female,American,1889.0,1968.0,"Wikipedia, OpenLibrary",True,3
541,"Bell, J. J. (John Joy)",John Joy Bell,male,Scottish,1871.0,1934.0,"Wikipedia, OpenLibrary, Wikidata",True,3
542,"Wren, Percival Christopher",Percival Christopher Wren,male,"English, French",1875.0,1941.0,Wikipedia,True,3
543,"Gardiner, A. G. (Alfred George)",Alfred George Gardiner,male,English,1865.0,1946.0,"Wikipedia, OpenLibrary",True,3
544,"Sheard, Virna",Virna Sheard,female,Canadian,1862.0,1943.0,Wikipedia,True,3
545,"Palmer, Frederick",Frederick Palmer,male,United Kingdom,1873.0,1958.0,"OpenLibrary, Wikidata",True,3
546,"Stuart, Ruth McEnery",Ruth McEnery Stuart,female,American,1849.0,1917.0,"Wikipedia, Wikidata",True,3
547,"Marchant, Bessie",Bessie Marchant,female,"British, English",1862.0,1941.0,Wikipedia,True,3
548,"Griffiths, Arthur",Arthur Griffiths,male,British,1838.0,1908.0,OpenLibrary,True,3
549,"Peabody, Josephine Preston",Josephine Preston Peabody,female,American,1874.0,1922.0,"Wikipedia, OpenLibrary, Wikidata",True,3
550,"Clark, Charles Heber",Charles Heber Clark,male,American,1841.0,1915.0,"Wikipedia, OpenLibrary",True,3
551,"Russell, George William Erskine",George William Erskine Russell,male,United Kingdom of Great Britain and Ireland,1853.0,1919.0,"OpenLibrary, Wikidata",True,3
552,"Belasco, David",David Belasco,male,American,1853.0,1931.0,Wikipedia,True,3
553,"Van Schaick, George",George Van Schaick,male,,1861.0,1924.0,"OpenLibrary, Wikidata",True,3
554,"Higginson, Thomas Wentworth",Thomas Wentworth Higginson,male,American,1823.0,1911.0,Wikipedia,True,3
555,"Hanshew, Thomas W.",Thomas W. Hanshew,male,American,1857.0,1914.0,"Wikipedia, OpenLibrary",True,3
556,"Poole, Ernest",Ernest Poole,male,American,1880.0,1950.0,Wikipedia,True,3
557,"Lighthall, W. D. (William Douw)",William Douw Lighthall,male,Canadian,1857.0,1954.0,"Wikipedia, Wikidata",True,3
558,"Lippmann, Julie M.",Julie M. Lippmann,female,American,1864.0,1952.0,"Wikipedia, OpenLibrary",True,3
559,"Orcutt, William Dana",William Dana Orcutt,male,American,1870.0,1953.0,"Wikipedia, Wikidata",True,3
560,"Crothers, Samuel McChord",Samuel McChord Crothers,male,American,1857.0,1927.0,"OpenLibrary, Wikidata",True,3
561,"Miller, Elizabeth",Elizabeth Miller,female,United States,1878.0,1961.0,"OpenLibrary, Wikidata",True,3
562,"Dalrymple, Leona",Leona Dalrymple,female,American,1884.0,1968.0,"Wikipedia, OpenLibrary, Wikidata",True,3
563,"Hazlitt, William",William Hazlitt,male,English,1778.0,1830.0,OpenLibrary,True,3
564,"Knibbs, Henry Herbert",Henry Herbert Knibbs,male,,1874.0,1945.0,"OpenLibrary, Wikidata",True,3
565,"Mighels, Philip Verrill",Philip Verrill Mighels,male,American,1869.0,1911.0,Wikipedia,True,3
566,"Lloyd, Nelson",Nelson Lloyd,male,,1873.0,1933.0,"OpenLibrary, Wikidata",True,3
567,"Leinster, Murray",Murray Leinster,male,American,1896.0,1975.0,"Wikipedia, OpenLibrary",True,3
568,"Symons, Arthur",Arthur Symons,male,British,1865.0,1945.0,"Wikipedia, OpenLibrary, Wikidata",True,3
569,"Roberts, Theodore Goodridge",Theodore Goodridge Roberts,male,Canadian,1877.0,1953.0,"Wikipedia, OpenLibrary",True,3
570,"Huneker, James",James Huneker,male,American,1857.0,1921.0,"Wikipedia, OpenLibrary",True,3
571,"Jacob, Violet",Violet Jacob,female,Scottish,1863.0,1946.0,Wikipedia,True,3
572,"Laut, Agnes C.",Agnes C. Laut,,Canadian,1871.0,1936.0,"Wikipedia, OpenLibrary",True,3
573,"Townsend, George Alfred",George Alfred Townsend,male,American,1841.0,1914.0,Wikipedia,True,3
574,"Carman, Bliss",Bliss Carman,male,Canadian,1861.0,1929.0,"Wikipedia, OpenLibrary",True,3
575,"White, William Allen",William Allen White,male,American,1868.0,1944.0,Wikipedia,True,3
576,"Raine, Allen",Allen Raine,female,Welsh,1836.0,1908.0,Wikipedia,True,3
577,"Shorter, Clement King",Clement King Shorter,female,"English, British",1857.0,1926.0,"Wikipedia, OpenLibrary",True,3
578,"Mencken, H. L. (Henry Louis)",Henry Louis Mencken,male,"American, English",1880.0,1956.0,Wikipedia,True,3
579,"Quick, Herbert",Herbert Quick,male,American,1861.0,1925.0,"Wikipedia, OpenLibrary, Wikidata",True,3
580,"Brooks, Charles S. (Charles Stephen)",Charles Stephen Brooks,,,1878.0,1934.0,OpenLibrary,True,3
581,"Bartlett, Frederick Orin",Frederick Orin Bartlett,male,United States,1876.0,1945.0,"OpenLibrary, Wikidata",True,3
582,"Riis, Jacob A. (Jacob August)",Jacob August Riis,male,American,1849.0,1914.0,Wikipedia,True,3
583,"Morrow, W. C.",W. C. Morrow,male,American,1853.0,1923.0,"Wikipedia, OpenLibrary",True,3
584,"Fitzgerald, Percy",Percy Fitzgerald,,,1834.0,1925.0,OpenLibrary,True,3
585,"Potter, Margaret Horton",Margaret Horton Potter,female,American,1881.0,1911.0,"Wikipedia, OpenLibrary",True,3
586,"Knowles, Robert E. (Robert Edward)",Robert Edward Knowles,male,,1868.0,1946.0,"OpenLibrary, Wikidata",True,3
587,"Mason, Walt",Walt Mason,male,"Canadian-American, Canadian, American",1862.0,1939.0,"Wikipedia, OpenLibrary, Wikidata",True,3
588,"Chaplin, Heman White",Heman White Chaplin,male,American,1946.0,1924.0,"Wikipedia, OpenLibrary",True,3
589,"Pound, Ezra",Ezra Pound,male,American,1885.0,1972.0,Wikipedia,True,3
590,"Clay, John Cecil ",John Cecil Clay,male,United States,1875.0,1930.0,"OpenLibrary, Wikidata",True,3
591,"Ostrander, Isabel",Isabel Ostrander,female,American,1883.0,1924.0,Wikipedia,True,3
592,"Griggs, Sutton E. (Sutton Elbert)",Sutton Elbert Griggs,male,American,1872.0,1933.0,Wikipedia,True,3
593,"Montgomery, L. M. (Lucy Maud)",Lucy Maud Montgomery,female,Canadian,1874.0,1942.0,"Wikipedia, OpenLibrary",True,3
594,"Robertson, Morgan",Morgan Robertson,male,American,1861.0,1915.0,"Wikipedia, OpenLibrary",True,3
595,"Marshall, Emma",Emma Marshall,female,English,1830.0,1899.0,"Wikipedia, OpenLibrary",True,3
596,"Mackay, Eric",Eric Mackay,male,English,1851.0,1898.0,"Wikipedia, OpenLibrary, Wikidata",True,3
597,Bartimeus,Bartimeus,male,"United Kingdom, United Kingdom of Great Britain and Ireland",1886.0,1967.0,"OpenLibrary, Wikidata",True,3
598,"Bottome, Phyllis",Phyllis Bottome,female,British,1884.0,1963.0,"Wikipedia, OpenLibrary",True,3
599," Dickens, Charles",Charles Dickens,male,English,1812.0,1870.0,Wikipedia,True,3
600,"Ridge, W. Pett (William Pett)",William Pett Ridge,male,English,1859.0,1930.0,Wikipedia,True,3
601,"Rives, Amélie",Amélie Rives,female,American,1863.0,1945.0,Wikipedia,True,3
602,"Hall, Eliza Calvert",Eliza Calvert Hall,female,American,1856.0,1935.0,"Wikipedia, Wikidata",True,3
603,"Litsey, Edwin Carlile",Edwin Carlile Litsey,,,1874.0,1970.0,OpenLibrary,True,3
604,"Munn, Charles Clark",Charles Clark Munn,male,,1848.0,1917.0,"OpenLibrary, Wikidata",True,3
605,"McFee, William",William McFee,male,"English, Canadian",1881.0,1966.0,Wikipedia,True,3
606,"Van Vorst, Marie",Marie Van Vorst,female,American,1867.0,1936.0,"Wikipedia, Wikidata",True,3
607,"Thanet, Octave",Octave Thanet,female,"American, French",1850.0,1934.0,"Wikipedia, OpenLibrary, Wikidata",True,3
608,"Edwards, Harry Stillwell",Harry Stillwell Edwards,male,American,1855.0,1938.0,Wikipedia,True,3
609,"Ruck, Berta",Berta Ruck,female,"Welsh, English",1878.0,1978.0,Wikipedia,True,3
610,"Ingersoll, Robert Green",Robert Green Ingersoll,male,American,1833.0,1899.0,"Wikipedia, Wikidata",True,3
611,"Titus, Harold",Harold Titus,male,United States,1888.0,1967.0,"OpenLibrary, Wikidata",True,3
612,"Whitaker, Herman",Herman Whitaker,male,English,1867.0,1919.0,"Wikipedia, OpenLibrary",True,3
613,"Byron, May",May Byron,female,British,1861.0,1936.0,Wikipedia,True,3
614,"Scully, W. C. (William Charles)",William Charles Scully,male,South Africa,1855.0,1943.0,"Wikipedia, Wikidata",True,3
615,"Cahan, Abraham",Abraham Cahan,male,American,1860.0,1951.0,"Wikipedia, OpenLibrary",True,3
616,"Alcott, Amos Bronson",Amos Bronson Alcott,male,American,1799.0,1888.0,Wikipedia,True,3
617,"Hopkins, William John",William John Hopkins,male,United States,1863.0,1926.0,"OpenLibrary, Wikidata",True,3
618,"Micheaux, Oscar",Oscar Micheaux,male,American,1884.0,1951.0,Wikipedia,True,3
619,"Gallizier, Nathan",Nathan Gallizier,male,,1866.0,1927.0,"OpenLibrary, Wikidata",True,3
620,"Sharber, Kate Trimble",Kate Trimble Sharber,,,1883.0,,OpenLibrary,True,3
621,"Frankau, Gilbert",Gilbert Frankau,male,British,1884.0,1904.0,"Wikipedia, OpenLibrary",True,3
622,"Holme, Constance",Constance Holme,female,English,1880.0,1955.0,"Wikipedia, OpenLibrary, Wikidata",True,3
623,"Gallon, Tom",Tom Gallon,male,British,1866.0,1914.0,"Wikipedia, OpenLibrary",True,3
624,"Pocock, Roger",Roger Pocock,male,,1865.0,1941.0,"OpenLibrary, Wikidata",True,3
625,"Gibson, Wilfrid Wilson",Wilfrid Wilson Gibson,male,British,1878.0,1962.0,"Wikipedia, Wikidata",True,3
626,"Baring, Maurice",Maurice Baring,male,"British, English",1874.0,1945.0,Wikipedia,True,3
627,"Allen, Willis Boyd",Willis Boyd Allen,male,"United States, Kingdom of England",1855.0,1938.0,"OpenLibrary, Wikidata",True,3
628,"MacLane, Mary",Mary MacLane,female,"American, Canadian",1881.0,1929.0,"Wikipedia, OpenLibrary",True,3
629,"Ainsworth, William Harrison",William Harrison Ainsworth,male,English,1805.0,1882.0,Wikipedia,True,3
630,"Ross, Ronald, Sir","Ronald, Ross",male,,,,OpenLibrary,True,3
631,"Gibbs, Philip",Philip Gibbs,male,"English, British",1877.0,1962.0,Wikipedia,True,3
632,"Stacpoole, H. De Vere (Henry De Vere)",Henry De Vere Stacpoole,male,"British, Irish",1863.0,1951.0,Wikipedia,True,3
633,"Buchanan, Robert Williams",Robert Williams Buchanan,male,Scottish,1841.0,1901.0,"Wikipedia, OpenLibrary",True,3
634,"Kaye-Smith, Sheila",Sheila Kaye-Smith,female,English,1887.0,1956.0,Wikipedia,True,3
635,"Lynch, Hannah",Hannah Lynch,female,Irish,1859.0,1904.0,Wikipedia,True,3
636,"Magnay, William, Sir","William, Magnay",male,,1855.0,1917.0,OpenLibrary,True,3
637,"Sackville-West, V. (Victoria)",Victoria Sackville-West,female,British,1892.0,1962.0,"Wikipedia, OpenLibrary",True,3
638,"Knapp, Adeline",Adeline Knapp,female,American,1860.0,1909.0,"Wikipedia, OpenLibrary",True,3
639,"Syrett, Netta",Netta Syrett,female,English,1865.0,1943.0,Wikipedia,True,3
640,"Clay, Bertha M.",Bertha M. Clay,,,1836.0,1884.0,OpenLibrary,True,3
641,"Woolf, Virginia",Virginia Woolf,female,English,1882.0,1941.0,Wikipedia,True,2
642,"Coleridge, Samuel Taylor",Samuel Taylor Coleridge,male,English,1773.0,1834.0,Wikipedia,True,2
643,"Brooke, Rupert",Rupert Brooke,male,"English, Irish, French",1887.0,1915.0,Wikipedia,True,2
644,"Benét, Stephen Vincent",Stephen Vincent Benét,male,American,1898.0,1943.0,Wikipedia,True,2
645,"Gregory, Eliot",Eliot Gregory,female,English,1819.0,1880.0,Wikipedia,True,2
646,"Michelson, Miriam",Miriam Michelson,female,American,1870.0,1942.0,"Wikipedia, Wikidata",True,2
647,"Sousa, John Philip",John Philip Sousa,male,United States,1854.0,1932.0,"OpenLibrary, Wikidata",True,2
648,"Arnold, Edwin Lester",Edwin Lester Arnold,male,"British, English",1857.0,1935.0,"Wikipedia, OpenLibrary",True,2
649,"Johnson, Samuel",Samuel Johnson,male,English,1709.0,1784.0,Wikipedia,True,2
650,"Merritt, Abraham",Abraham Merritt,male,American,1888.0,1943.0,"Wikipedia, OpenLibrary",True,2
651,"Mayo, Margaret",Margaret Mayo,female,"American, English",1936.0,1951.0,"OpenLibrary, Wikidata",True,2
652,"Christie, Agatha",Agatha Christie,female,English,1890.0,1976.0,Wikipedia,True,2
653,"Seton, Ernest Thompson",Ernest Thompson Seton,male,"Canadian, American",1860.0,1946.0,"Wikipedia, Wikidata",True,2
654,"Eliot, T. S. (Thomas Stearns)",Thomas Stearns Eliot,male,English,1888.0,1965.0,Wikipedia,True,2
655,"Mansfield, Katherine",Katherine Mansfield,female,New Zealand,1888.0,1923.0,Wikipedia,True,2
656,"Whyte, Alexander",Alexander Whyte,male,United Kingdom of Great Britain and Ireland,1836.0,1921.0,"OpenLibrary, Wikidata",True,2
657,"Ellis, J. Breckenridge (John Breckenridge)",John Breckenridge Ellis,male,American,1870.0,1956.0,"Wikipedia, Wikidata",True,2
658,"Burke, Thomas",Thomas Burke,male,United States,1887.0,1945.0,"OpenLibrary, Wikidata",True,2
659,"Bentley, E. C. (Edmund Clerihew)",Edmund Clerihew Bentley,male,English,1875.0,1956.0,"Wikipedia, OpenLibrary, Wikidata",True,2
660,"Frost, Robert",Robert Frost,male,American,1874.0,1963.0,Wikipedia,True,2
661,"Lazarus, Emma",Emma Lazarus,female,American,1849.0,1887.0,Wikipedia,True,2
662,"Wason, Robert Alexander",Robert Alexander Wason,male,American,1874.0,1955.0,"Wikipedia, OpenLibrary",True,2
663,"Sutphen, Van Tassel",Van Tassel Sutphen,male,American,1861.0,1945.0,"Wikipedia, Wikidata",True,2
664,"Ridge, Lola",Lola Ridge,female,"Irish-American, Irish, New Zealand, American",1873.0,1941.0,Wikipedia,True,2
665,"Coolidge, Susan",Susan Coolidge,female,American,1961.0,2012.0,Wikipedia,True,2
666,"Martin, Helen Reimensnyder",Helen Reimensnyder Martin,female,American,1868.0,1939.0,"Wikipedia, OpenLibrary, Wikidata",True,2
667,"Trollope, Thomas Adolphus",Thomas Adolphus Trollope,male,"English, British",1810.0,1892.0,Wikipedia,True,2
668,"Gibran, Kahlil",Kahlil Gibran,male,"American, English",1883.0,1931.0,"Wikipedia, OpenLibrary",True,2
669,"Ball, Eustace Hale",Eustace Hale Ball,male,American,1881.0,1931.0,"Wikipedia, OpenLibrary",True,2
670,"Wemyss, Mary C. E.",Mary C. E. Wemyss,female,English,1868.0,1951.0,"Wikipedia, Wikidata",True,2
671,"Jordan, Elizabeth Garver",Elizabeth Garver Jordan,female,American,1865.0,1947.0,Wikipedia,True,2
672,"Savage, Richard",Richard Savage,male,English,1697.0,1743.0,OpenLibrary,True,2
673,"Burney, Fanny",Fanny Burney,female,"English, French",1752.0,1840.0,Wikipedia,True,2
674,"Hay, John",John Hay,male,American,1838.0,1905.0,Wikipedia,True,2
675,"Hutchinson, A. S. M. (Arthur Stuart-Menteth)",Arthur Stuart-Menteth Hutchinson,male,,1880.0,1971.0,"OpenLibrary, Wikidata",True,2
676,"Halleck, Reuben Post",Reuben Post Halleck,male,American,1859.0,1936.0,"OpenLibrary, Wikidata",True,2
677,"Kelly, Myra",Myra Kelly,female,"American, Irish",1875.0,1910.0,"Wikipedia, Wikidata",True,2
678,"Collins, J. E. (Joseph Edmund)",Joseph Edmund Collins,male,Canada,1855.0,1892.0,"OpenLibrary, Wikidata",True,2
679,"Cooper, Elizabeth",Elizabeth Cooper,female,Philippines,1877.0,1945.0,"OpenLibrary, Wikidata",True,2
680,Vera,Vera,female,Russian,1890.0,1972.0,"OpenLibrary, Wikidata",True,2
681,"Baldwin, James",James Baldwin,male,"American, English",1924.0,1987.0,Wikipedia,True,2
682,"Day, Clarence",Clarence Day,male,American,1874.0,1935.0,Wikipedia,True,2
683,"Lathrop, Rose Hawthorne",Rose Hawthorne Lathrop,female,American,1851.0,1926.0,"Wikipedia, Wikidata",True,2
684,"De Vere, Aubrey",Aubrey De Vere,male,,1814.0,1902.0,"OpenLibrary, Wikidata",True,2
685,"Woodberry, George Edward",George Edward Woodberry,male,American,1855.0,1930.0,"Wikipedia, OpenLibrary, Wikidata",True,2
686,"Scollard, Clinton",Clinton Scollard,male,"American, English",1860.0,1932.0,Wikipedia,True,2
687,"Walcott, Earle Ashley",Earle Ashley Walcott,male,United States,1859.0,1931.0,"OpenLibrary, Wikidata",True,2
688,"Ellis, Havelock",Havelock Ellis,male,"British, English",1859.0,1939.0,Wikipedia,True,2
689,"Franklin, Edgar",Edgar Franklin,male,United States,1879.0,1985.0,"OpenLibrary, Wikidata",True,2
690,"Whitman, Walt",Walt Whitman,male,American,1819.0,1892.0,Wikipedia,True,2
691,"Ollivant, Alfred",Alfred Ollivant,male,,1874.0,1927.0,"OpenLibrary, Wikidata",True,2
692,"Lowell, James Russell",James Russell Lowell,male,"American, British",1819.0,1891.0,Wikipedia,True,2
693,"Smith, Logan Pearsall",Logan Pearsall Smith,male,"American, British, English",1865.0,1946.0,Wikipedia,True,2
694,"Grand, Sarah",Sarah Grand,female,"English, Irish",1854.0,1943.0,Wikipedia,True,2
695,"Lever, Charles James",Charles James Lever,male,Irish,1806.0,1872.0,Wikipedia,True,2
696,"Kirk, William Frederick",William Frederick Kirk,male,American,1877.0,1927.0,"Wikipedia, OpenLibrary, Wikidata",True,2
697,"Phelps, William Lyon",William Lyon Phelps,male,American,1865.0,1943.0,Wikipedia,True,2
698,"Peple, Edward",Edward Peple,male,American,1869.0,1924.0,Wikipedia,True,2
699,"Davies, W. H. (William Henry)",William Henry Davies,male,"United Kingdom, United Kingdom of Great Britain and Ireland",1871.0,1940.0,"OpenLibrary, Wikidata",True,2
700,"Carleton, Will",Will Carleton,male,American,1845.0,1912.0,Wikipedia,True,2
701,"Nichol, John",John Nichol,male,United Kingdom of Great Britain and Ireland,1833.0,1894.0,"OpenLibrary, Wikidata",True,2
702,"Durning-Lawrence, Edwin, Sir","Edwin, Durning-Lawrence",male,,,,OpenLibrary,True,2
703,"Watson, John R. (John Reay) ",John Reay Watson,male,Australian,1872.0,1944.0,"Wikipedia, OpenLibrary",True,2
704," Rees, Arthur J. (Arthur John)",Arthur John Rees,male,Australian,1872.0,1942.0,"Wikipedia, OpenLibrary, Wikidata",True,2
705,"Garnett, Richard",Richard Garnett,male,English,1835.0,1906.0,"OpenLibrary, Wikidata",True,2
706,"Bryant, William Cullen",William Cullen Bryant,male,American,1794.0,1878.0,Wikipedia,True,2
707,"Copplestone, Bennet",Bennet Copplestone,male,,1867.0,1932.0,"OpenLibrary, Wikidata",True,2
708,"Bridges, Victor",Victor Bridges,male,English,1878.0,1972.0,"Wikipedia, OpenLibrary",True,2
709,"Barrett, Frank",Frank Barrett,male,United States,1848.0,1926.0,"OpenLibrary, Wikidata",True,2
710,"Burt, Katharine Newlin",Katharine Newlin Burt,female,American,1882.0,1977.0,"Wikipedia, OpenLibrary",True,2
711,"Moore, Frederick Ferdinand",Frederick Ferdinand Moore,male,American,1881.0,1947.0,Wikipedia,True,2
712,"Webster, Henry Kitchell",Henry Kitchell Webster,male,American,1875.0,1932.0,"Wikipedia, OpenLibrary",True,2
713,"Drinkwater, John",John Drinkwater,male,"British, English",1882.0,1937.0,Wikipedia,True,2
714,"Fisher, Dorothy Canfield",Dorothy Canfield Fisher,female,American,1879.0,1958.0,Wikipedia,True,2
715,"Banks, Nancy Huston",Nancy Huston Banks,female,American,1849.0,1934.0,"Wikipedia, Wikidata",True,2
716,"Franklin, Miles",Miles Franklin,female,Australian,1879.0,1954.0,Wikipedia,True,2
717,"Lillibridge, Will",Will Lillibridge,male,American,1983.0,1909.0,"Wikipedia, OpenLibrary",True,2
718,"Rhodes, Eugene Manlove",Eugene Manlove Rhodes,male,American,1869.0,1934.0,Wikipedia,True,2
719,"O'Brien, Seumas",Seumas O'Brien,,Irish,1880.0,,OpenLibrary,True,2
720,"Brame, Charlotte M.",Charlotte M. Brame,female,"British, English",1836.0,1884.0,"Wikipedia, OpenLibrary",True,2
721,"Train, Arthur Cheney",Arthur Cheney Train,male,American,1875.0,1945.0,Wikipedia,True,2
722,"Furman, Lucy S.",Lucy S. Furman,female,American,1870.0,1958.0,Wikipedia,True,2
723,"Sanborn, Kate",Kate Sanborn,female,American,1839.0,1917.0,"Wikipedia, OpenLibrary",True,2
724,"Payn, James",James Payn,male,English,1830.0,1898.0,Wikipedia,True,2
725,"Lorimer, George Horace",George Horace Lorimer,male,American,1867.0,1937.0,Wikipedia,True,2
726,"Harris, Miriam Coles",Miriam Coles Harris,female,American,1834.0,1925.0,"Wikipedia, OpenLibrary",True,2
727,"Harper, Frances Ellen Watkins",Frances Ellen Watkins Harper,female,American,1825.0,1911.0,Wikipedia,True,2
728,"Oemler, Marie Conway",Marie Conway Oemler,female,American,1879.0,1932.0,Wikipedia,True,2
729,"Arnold, Matthew",Matthew Arnold,male,English,1822.0,1888.0,Wikipedia,True,2
730,"Collingwood, W. G. (William Gershom)",William Gershom Collingwood,male,"United Kingdom, United Kingdom of Great Britain and Ireland",1854.0,1932.0,"OpenLibrary, Wikidata",True,2
731,"Gale, Norman",Norman Gale,male,English,1862.0,1942.0,"Wikipedia, Wikidata",True,2
732,"Anderson, Ada Woodruff",Ada Woodruff Anderson,female,United States,1860.0,1956.0,"OpenLibrary, Wikidata",True,2
733,"Bradley, Mary Hastings",Mary Hastings Bradley,female,American,1896.0,1951.0,"Wikipedia, OpenLibrary",True,2
734,"Holliday, Robert Cortes",Robert Cortes Holliday,male,American,1880.0,1947.0,"Wikipedia, Wikidata",True,2
735,"Church, R. W. (Richard William)",Richard William Church,male,English,1815.0,1890.0,Wikipedia,True,2
736,"Dazey, Charles Turner ",Charles Turner Dazey,male,American,1855.0,1938.0,"Wikipedia, OpenLibrary, Wikidata",True,2
737," Marshall, Edward",Edward Marshall,male,United States,1942.0,1992.0,"OpenLibrary, Wikidata",True,2
738,"Falkner, John Meade",John Meade Falkner,male,English,1858.0,1932.0,"Wikipedia, OpenLibrary",True,2
739,"Leighton, Robert",Robert Leighton,male,United States,1611.0,1684.0,"OpenLibrary, Wikidata",True,2
740,"Saintsbury, George",George Saintsbury,male,English,1845.0,1933.0,"OpenLibrary, Wikidata",True,2
741,"Sutro, Alfred",Alfred Sutro,male,"British, English",1863.0,1933.0,Wikipedia,True,2
742,"Maxwell, W. B. (William Babington)",William Babington Maxwell,male,British,1866.0,1938.0,"OpenLibrary, Wikidata",True,2
743,"Sherley, Douglass",Douglass Sherley,male,American,1857.0,1917.0,"Wikipedia, OpenLibrary, Wikidata",True,2
744,"Williams, Valentine",Valentine Williams,male,"United Kingdom, United Kingdom of Great Britain and Ireland",1883.0,1946.0,"OpenLibrary, Wikidata",True,2
745,"Stein, Gertrude",Gertrude Stein,female,American,1903.0,1946.0,Wikipedia,True,2
746,"Leonard, Mary Finley",Mary Finley Leonard,male,"American, Irish",1867.0,1936.0,Wikipedia,True,2
747,"Kelley, Francis Clement",Francis Clement Kelley,male,Canadian,1870.0,1948.0,Wikipedia,True,2
748,"Sawyer, Ruth",Ruth Sawyer,female,American,1880.0,1970.0,Wikipedia,True,2
749,"Davis, William Stearns",William Stearns Davis,male,American,1877.0,1930.0,Wikipedia,True,2
750,"Granville-Barker, Harley",Harley Granville-Barker,male,"British, English",1877.0,1946.0,Wikipedia,True,2
751,"Kendall, Ralph S. (Ralph Selwood)",Ralph Selwood Kendall,,,1878.0,,OpenLibrary,True,2
752,"Perry, Bliss",Bliss Perry,male,American,1860.0,1954.0,"Wikipedia, OpenLibrary",True,2
753,"Dougall, L. (Lily)",Lily Dougall,female,Canadian,1858.0,1923.0,"Wikipedia, Wikidata",True,2
754,"Carruth, Hayden",Hayden Carruth,male,American,1921.0,2008.0,"Wikipedia, OpenLibrary",True,2
755,"Jesse, F. Tennyson (Fryniwyd Tennyson)",Fryniwyd Tennyson Jesse,female,"British, English",1888.0,1958.0,"Wikipedia, OpenLibrary",True,2
756,"Perry, Lawrence",Lawrence Perry,male,American,1875.0,1954.0,"Wikipedia, OpenLibrary, Wikidata",True,2
757,"Thurston, E. Temple (Ernest Temple)",Ernest Temple Thurston,,British,1879.0,1933.0,Wikipedia,True,2
758,"Oliphant, Laurence",Laurence Oliphant,male,United Kingdom of Great Britain and Ireland,1829.0,1888.0,"OpenLibrary, Wikidata",True,2
759,"Swan, Annie S.",Annie S. Swan,female,Scottish,1859.0,1943.0,Wikipedia,True,2
760,"Baxter, Beverley",Beverley Baxter,male,British,1891.0,1964.0,Wikipedia,True,2
761,"Warman, Cy",Cy Warman,male,American,1855.0,1914.0,"Wikipedia, OpenLibrary",True,2
762,"Hensley, Sophia Margaretta",Sophia Margaretta Hensley,female,Canadian,1866.0,1946.0,"Wikipedia, OpenLibrary",True,2
763,"Hovey, Richard ",Richard Hovey,male,American,1864.0,1900.0,Wikipedia,True,2
764," Carman, Bliss",Bliss Carman,male,Canadian,1861.0,1929.0,"Wikipedia, OpenLibrary",True,2
765,"Palmer, John",John Palmer,male,United States,1943.0,1900.0,"OpenLibrary, Wikidata",True,2
766,"Comstock, Harriet T. (Harriet Theresa)",Harriet Theresa Comstock,male,American,1860.0,1925.0,"Wikipedia, OpenLibrary, Wikidata",True,2
767,"Gunnison, Charles A.",Charles A. Gunnison,male,,1861.0,1897.0,"OpenLibrary, Wikidata",True,2
768,"Lee, Sidney, Sir","Sidney, Lee",male,English,1859.0,1926.0,Wikipedia,True,2
769,"De Quincey, Thomas",Thomas De Quincey,male,English,1785.0,1859.0,Wikipedia,True,2
770,"Gardener, Helen H. (Helen Hamilton)",Helen Hamilton Gardener,female,American,1853.0,1925.0,Wikipedia,True,2
771,"Barlow, Jane",Jane Barlow,female,Irish,1856.0,1917.0,Wikipedia,True,2
772,"Fitch, George",George Fitch,male,American,1877.0,1915.0,"OpenLibrary, Wikidata",True,2
773,"Prouty, Olive Higgins",Olive Higgins Prouty,female,American,1882.0,1974.0,Wikipedia,True,2
774,"Greene, Sarah Pratt McLean",Sarah Pratt McLean Greene,female,American,1856.0,1935.0,"Wikipedia, OpenLibrary",True,2
775,"Lucas, E. V. (Edward Verrall)",Edward Verrall Lucas,male,English,1868.0,1938.0,"Wikipedia, OpenLibrary",True,2
776,"Morris, Elisabeth Woodbridge",Elisabeth Woodbridge Morris,female,United States,1870.0,1964.0,"OpenLibrary, Wikidata",True,2
777,"Hay, James",James Hay,male,"Scottish, Australian",1953.0,1849.0,"Wikipedia, OpenLibrary",True,2
778,"Byron, George Gordon Byron, Baron","George Gordon Byron, Byron",male,British,1789.0,1868.0,Wikipedia,True,2
779,"Morley, John",John Morley,male,British,1838.0,1923.0,"Wikipedia, Wikidata",True,2
780,"Diver, Maud",Maud Diver,female,"English, British",1867.0,1945.0,"Wikipedia, OpenLibrary, Wikidata",True,2
781,"Thomson, Edward William",Edward William Thomson,male,,1849.0,1924.0,OpenLibrary,True,2
782,"Gibbon, Perceval",Perceval Gibbon,male,United Kingdom of Great Britain and Ireland,1879.0,1926.0,"Wikipedia, OpenLibrary, Wikidata",True,2
783," Nesbit, E. (Edith)",Edith Nesbit,female,English,1858.0,1924.0,Wikipedia,True,2
784,"Kingston, William Henry Giles",William Henry Giles Kingston,male,English,1814.0,1880.0,"Wikipedia, Wikidata",True,2
785,"Henley, William Ernest",William Ernest Henley,male,English,1849.0,1903.0,Wikipedia,True,2
786,"Walk, Charles Edmonds",Charles Edmonds Walk,,,1875.0,,OpenLibrary,True,2
787,"Smith, Harriet L. (Harriet Lummis)",Harriet Lummis Smith,female,American,1866.0,1947.0,"Wikipedia, Wikidata",True,2
788,"Holt, Emily Sarah",Emily Sarah Holt,female,English,1836.0,1893.0,Wikipedia,True,2
789,"Bergengren, Ralph",Ralph Bergengren,female,"American, French",1871.0,1947.0,"Wikipedia, Wikidata",True,2
790,"Harris, Corra",Corra Harris,female,American,1869.0,1935.0,Wikipedia,True,2
791,"Moore, John Trotwood",John Trotwood Moore,male,American,1858.0,1929.0,Wikipedia,True,2
792,"Boynton, Henry Walcott",Henry Walcott Boynton,male,United States,1869.0,1947.0,"OpenLibrary, Wikidata",True,2
793,"Mallock, W. H. (William Hurrell)",William Hurrell Mallock,male,English,1849.0,1923.0,"Wikipedia, Wikidata",True,2
794,"Thayer, Ella Cheever",Ella Cheever Thayer,female,American,1879.0,1925.0,"Wikipedia, OpenLibrary",True,2
795,"Douglas, Amanda M.",Amanda M. Douglas,female,American,1831.0,1916.0,"Wikipedia, OpenLibrary",True,2
796,"Dickey, Paul ",Paul Dickey,male,American,1885.0,1933.0,"Wikipedia, OpenLibrary",True,2
797," Goddard, Charles",Charles Goddard,male,United States,1770.0,1845.0,"OpenLibrary, Wikidata",True,2
798,"Kingsley, Henry",Henry Kingsley,male,English,1830.0,1876.0,Wikipedia,True,2
799,"Peck, George W. (George Wilbur)",George Wilbur Peck,male,American,1840.0,1916.0,Wikipedia,True,2
800,"Chisholm, A. M. (Arthur Murray)",Arthur Murray Chisholm,male,"Canadian, British",1871.0,1960.0,Wikipedia,True,2
801,"Young, Francis Brett",Francis Brett Young,male,English,1884.0,1954.0,"Wikipedia, Wikidata",True,2
802,"Williams, Ben Ames",Ben Ames Williams,male,American,1889.0,1953.0,Wikipedia,True,2
803,"Lardner, Ring",Ring Lardner,male,American,1885.0,1933.0,Wikipedia,True,2
804,"Worthington, Elizabeth Strong",Elizabeth Strong Worthington,female,American,1851.0,1916.0,"Wikipedia, Wikidata",True,2
805,"Graham, Margaret Collier",Margaret Collier Graham,female,United States,1850.0,1910.0,"OpenLibrary, Wikidata",True,2
806,"Stopes, C. C. (Charlotte Carmichael)",Charlotte Carmichael Stopes,female,British,1840.0,1929.0,Wikipedia,True,2
807,"MacGowan, Alice",Alice MacGowan,female,American,1858.0,1947.0,Wikipedia,True,2
808,"Cram, Ralph Adams",Ralph Adams Cram,male,United States,1863.0,1942.0,"OpenLibrary, Wikidata",True,2
809,"Warner, Susan",Susan Warner,female,American,1819.0,1885.0,Wikipedia,True,2
810,"Harris, Credo Fitch",Credo Fitch Harris,male,American,1874.0,1956.0,Wikipedia,True,2
811,"Jones, Henry Arthur",Henry Arthur Jones,male,English,1851.0,1929.0,Wikipedia,True,2
812,"Heady, Morrison",Morrison Heady,male,American,1829.0,1915.0,"Wikipedia, OpenLibrary",True,2
813,"Sargent, Epes",Epes Sargent,male,United States,1813.0,1880.0,"OpenLibrary, Wikidata",True,2
814,"Sullivan, Francis William",Francis William Sullivan,male,American,1887.0,1963.0,"Wikipedia, OpenLibrary, Wikidata",True,2
815,"Chapman, John Jay",John Jay Chapman,male,American,1862.0,1933.0,"Wikipedia, OpenLibrary",True,2
816,"Morris, Lewis",Lewis Morris,male,"United States, Kingdom of Great Britain",1833.0,1907.0,"OpenLibrary, Wikidata",True,2
817,"Wells, David Dwight",David Dwight Wells,female,American,1828.0,1898.0,"Wikipedia, OpenLibrary",True,2
818,"Baily, Waldron",Waldron Baily,male,American,1871.0,1953.0,"Wikipedia, OpenLibrary, Wikidata",True,2
819,"Zangwill, Louis",Louis Zangwill,male,English,1869.0,1938.0,"Wikipedia, Wikidata",True,2
820,"Hyatt, Stanley Portal",Stanley Portal Hyatt,male,English,1877.0,1914.0,"Wikipedia, OpenLibrary",True,2
821,"Hopper, James",James Hopper,male,United States,1876.0,1956.0,"OpenLibrary, Wikidata",True,2
822,"Bartley, Nalbro",Nalbro Bartley,female,American,1888.0,1952.0,"Wikipedia, OpenLibrary",True,2
823,"Norton, Roy",Roy Norton,male,American,1969.0,1942.0,"Wikipedia, OpenLibrary",True,2
824,"Maher, Richard Aumerle",Richard Aumerle Maher,male,,1880.0,1959.0,OpenLibrary,True,2
825,"Ritchie, Anne Thackeray",Anne Thackeray Ritchie,female,English,1837.0,1919.0,Wikipedia,True,2
826,"Brownell, Gertrude Hall",Gertrude Hall Brownell,female,"American, French",1863.0,1961.0,Wikipedia,True,2
827,"Bunner, H. C. (Henry Cuyler)",Henry Cuyler Bunner,male,American,1855.0,1896.0,Wikipedia,True,2
828,"Fullerton, Georgiana",Georgiana Fullerton,female,English,1812.0,1885.0,Wikipedia,True,2
829,"Rowland, Helen",Helen Rowland,female,American,1876.0,1950.0,"Wikipedia, OpenLibrary, Wikidata",True,2
830,"Nason, Frank Lewis",Frank Lewis Nason,male,American,1856.0,1928.0,"Wikipedia, OpenLibrary, Wikidata",True,2
831,"Babcock, Bernie",Bernie Babcock,female,American,1868.0,1962.0,"Wikipedia, OpenLibrary, Wikidata",True,2
832,"Martin, George Madden",George Madden Martin,female,American,1866.0,1936.0,"Wikipedia, OpenLibrary",True,2
833,"Ottolengui, Rodrigues",Rodrigues Ottolengui,male,American,1877.0,1937.0,"Wikipedia, OpenLibrary",True,2
834,"Garrett, Randall",Randall Garrett,male,American,1927.0,1987.0,Wikipedia,True,2
835,"Howe, Julia Ward",Julia Ward Howe,female,American,1819.0,1910.0,Wikipedia,True,2
836,"Williams, Robert Moore",Robert Moore Williams,male,American,1907.0,1977.0,"Wikipedia, OpenLibrary, Wikidata",True,2
837,"Flecker, James Elroy",James Elroy Flecker,male,British,1884.0,1915.0,"Wikipedia, OpenLibrary, Wikidata",True,2
838,"Madison, Lucy Foster",Lucy Foster Madison,female,American,1865.0,1932.0,"Wikipedia, Wikidata",True,2
839,"Balmer, Edwin ",Edwin Balmer,male,American,1883.0,1959.0,"Wikipedia, Wikidata",True,2
840," MacHarg, William",William MacHarg,male,American,1883.0,1959.0,"Wikipedia, OpenLibrary",True,2
841,"Blunt, Wilfrid Scawen",Wilfrid Scawen Blunt,male,English,1840.0,1922.0,Wikipedia,True,2
842,"Wood, Robert Williams",Robert Williams Wood,male,United States,1868.0,1955.0,"OpenLibrary, Wikidata",True,2
843,"Sawyer, Robert J.",Robert J. Sawyer,male,"Canadian, American",1960.0,,Wikipedia,True,2
844,"Shorthouse, J. H. (Joseph Henry)",Joseph Henry Shorthouse,male,English,1834.0,1903.0,Wikipedia,True,2
845,"Hill, Headon",Headon Hill,male,United Kingdom of Great Britain and Ireland,1857.0,1927.0,"OpenLibrary, Wikidata",True,2
846,"Call, Frank Oliver",Frank Oliver Call,male,Canadian,1878.0,1956.0,"Wikipedia, OpenLibrary, Wikidata",True,2
847,"Putnam, Nina Wilcox",Nina Wilcox Putnam,female,American,1888.0,1962.0,"Wikipedia, OpenLibrary",True,2
848,"Marshall, Edison",Edison Marshall,male,American,1894.0,1967.0,"Wikipedia, Wikidata",True,2
849,"Leverage, Henry",Henry Leverage,male,American,1885.0,1931.0,"Wikipedia, OpenLibrary, Wikidata",True,2
850,"Rowlands, Effie Adelaide",Effie Adelaide Rowlands,female,British,1859.0,1936.0,"Wikipedia, OpenLibrary",True,2
851,"Pattullo, George",George Pattullo,male,"United Kingdom, United Kingdom of Great Britain and Ireland",1879.0,1967.0,"OpenLibrary, Wikidata",True,2
852,"Mead, Lucia True Ames",Lucia True Ames Mead,female,American,1856.0,1936.0,"Wikipedia, OpenLibrary, Wikidata",True,2
853,"Herbert, A. P. (Alan Patrick)",Alan Patrick Herbert,male,English,1890.0,1971.0,Wikipedia,True,2
854,"Kent, Elizabeth",Elizabeth Kent,female,United Kingdom of Great Britain and Ireland,1875.0,1947.0,"OpenLibrary, Wikidata",True,2
855,"Starrett, Vincent",Vincent Starrett,male,"American, Canadian",1886.0,1974.0,"Wikipedia, OpenLibrary",True,2
856,A. L. O. E.,A. L. O. E.,female,,1821.0,1893.0,OpenLibrary,True,2
857,"Ransome, Arthur",Arthur Ransome,male,English,1884.0,1967.0,Wikipedia,True,2
858,"Howe, E. W. (Edgar Watson)",Edgar Watson Howe,male,United States,1853.0,1937.0,"OpenLibrary, Wikidata",True,2
859,"Machar, Agnes Maule",Agnes Maule Machar,female,Canadian,1837.0,1927.0,"Wikipedia, OpenLibrary, Wikidata",True,2
860,"Osborne, William Hamilton",William Hamilton Osborne,male,American,1873.0,1942.0,"Wikipedia, OpenLibrary",True,2
861,"Colvin, Sidney",Sidney Colvin,male,"United Kingdom, United Kingdom of Great Britain and Ireland",1845.0,1927.0,"OpenLibrary, Wikidata",True,2
862,"Daggett, Mary Stewart",Mary Stewart Daggett,female,,1856.0,1922.0,"OpenLibrary, Wikidata",True,2
863,"Billings, Josh",Josh Billings,male,United States,1818.0,1885.0,"OpenLibrary, Wikidata",True,2
864,"Glanville, Ernest",Ernest Glanville,male,South Africa,1855.0,1925.0,"Wikipedia, OpenLibrary, Wikidata",True,2
865,"Norwood, Robert Winkworth",Robert Winkworth Norwood,male,Canada,1874.0,1932.0,"OpenLibrary, Wikidata",True,2
866,"Mills, Weymer Jay",Weymer Jay Mills,,,1880.0,1938.0,OpenLibrary,True,2
867,"Matthews, Brander",Brander Matthews,male,"American, French",1852.0,1929.0,"Wikipedia, OpenLibrary",True,2
868,"Fawcett, Edgar",Edgar Fawcett,male,American,1847.0,1904.0,"Wikipedia, OpenLibrary, Wikidata",True,2
869,"West, Rebecca",Rebecca West,female,British,1892.0,1983.0,Wikipedia,True,2
870,"Cutting, Mary Stewart",Mary Stewart Cutting,female,American,1879.0,1928.0,"Wikipedia, Wikidata",True,2
871,"Murray, Gilbert",Gilbert Murray,male,"Australian, British",1866.0,1957.0,Wikipedia,True,2
872,"Cambridge, Ada",Ada Cambridge,female,"Australian, English",1844.0,1926.0,Wikipedia,True,2
873,"Cousins, James Henry",James Henry Cousins,male,Irish,1873.0,1956.0,"Wikipedia, Wikidata",True,2
874,"Banks, G. Linnaeus (George Linnaeus), Mrs.",George Linnaeus Banks,female,British,1821.0,1881.0,Wikipedia,True,2
875,"Stables, Gordon",Gordon Stables,male,Scottish,1840.0,1910.0,"Wikipedia, Wikidata",True,2
876,"Kiser, Samuel E. (Samuel Ellsworth)",Samuel Ellsworth Kiser,male,,1862.0,1942.0,"OpenLibrary, Wikidata",True,2
877,"Fletcher, John Gould",John Gould Fletcher,male,American,1886.0,1950.0,"Wikipedia, OpenLibrary",True,2
878,"Edwards, Albert",Albert Edwards,male,"Australia, United Kingdom of Great Britain and Ireland",1879.0,1929.0,"OpenLibrary, Wikidata",True,2
879,"James, G. P. R. (George Payne Rainsford)",George Payne Rainsford James,male,"English, British",1802.0,1960.0,"Wikipedia, OpenLibrary",True,2
880,"Pollard, Percival",Percival Pollard,male,American,1869.0,1911.0,"Wikipedia, OpenLibrary, Wikidata",True,2
881,"Brooks, Sarah Warner",Sarah Warner Brooks,male,American,1947.0,1906.0,"Wikipedia, OpenLibrary",True,2
882,"Fern, Fanny",Fanny Fern,female,American,1811.0,1872.0,Wikipedia,True,2
883,"Dane, Clemence",Clemence Dane,female,English,1888.0,1965.0,"Wikipedia, OpenLibrary",True,2
884,"Garrett, Erwin Clarkson",Erwin Clarkson Garrett,male,,1879.0,1954.0,"OpenLibrary, Wikidata",True,2
885,"Machray, Robert",Robert Machray,male,,1831.0,1904.0,"OpenLibrary, Wikidata",True,2
886,"Gilson, Roy Rolfe",Roy Rolfe Gilson,male,,1875.0,1933.0,"OpenLibrary, Wikidata",True,2
887,"Whyte-Melville, G. J. (George John)",George John Whyte-Melville,male,Scottish,1821.0,1878.0,"Wikipedia, OpenLibrary",True,2
888,"Schoonmaker, Edwin Davies",Edwin Davies Schoonmaker,male,,1873.0,1940.0,"OpenLibrary, Wikidata",True,2
889,"Sharp, Evelyn",Evelyn Sharp,female,"United Kingdom, United Kingdom of Great Britain and Ireland",1869.0,1955.0,"OpenLibrary, Wikidata",True,2
890,"Church, Alfred John",Alfred John Church,male,United Kingdom of Great Britain and Ireland,1829.0,1912.0,"OpenLibrary, Wikidata",True,2
891,"Hunt, Violet",Violet Hunt,female,"English, British",1862.0,1942.0,Wikipedia,True,2
892,"Alexander, Mrs.",Alexander,female,Macedonia,1968.0,,"OpenLibrary, Wikidata",True,2
893,"Elliott, Maud Howe",Maud Howe Elliott,female,American,1854.0,1948.0,Wikipedia,True,2
894,"Bisland, Elizabeth",Elizabeth Bisland,female,American,1861.0,1929.0,"Wikipedia, OpenLibrary",True,2
895,"Kirkland, Winifred Margaretta",Winifred Margaretta Kirkland,female,United States,1872.0,1943.0,"OpenLibrary, Wikidata",True,2
896,"Dowling, Richard",Richard Dowling,male,Ireland,1846.0,1898.0,"OpenLibrary, Wikidata",True,2
897,"Wilkinson, William Cleaver",William Cleaver Wilkinson,male,"German, English",1833.0,1920.0,"Wikipedia, OpenLibrary",True,2
898,"Besant, Walter ",Walter Besant,male,English,1836.0,1901.0,Wikipedia,True,2
899," Rice, James",James Rice,male,United Kingdom of Great Britain and Ireland,1934.0,1882.0,"OpenLibrary, Wikidata",True,2
900,"Manning, Frederic",Frederic Manning,male,Australian,1882.0,1935.0,"Wikipedia, OpenLibrary",True,2
901,"Aubrey, Frank",Frank Aubrey,male,British,1847.0,1927.0,"OpenLibrary, Wikidata",True,2
902,"Niven, Frederick",Frederick Niven,male,"Scottish, Canadian",1878.0,1944.0,"Wikipedia, OpenLibrary",True,2
903,"Dix, Beulah Marie",Beulah Marie Dix,female,American,1876.0,1970.0,"Wikipedia, OpenLibrary",True,2
904,"De Morgan, William",William De Morgan,male,English,1839.0,1917.0,"Wikipedia, OpenLibrary",True,2
905,"Davis, Foxcroft",Foxcroft Davis,female,"American, English",1860.0,1916.0,Wikipedia,True,2
906,"Harkins, E. F. (Edward Francis)",Edward Francis Harkins,,,1872.0,,OpenLibrary,True,2
907,"Finley, Martha",Martha Finley,female,American,1828.0,1909.0,Wikipedia,True,2
908,"Sims, George R.",George R. Sims,male,English,1847.0,1922.0,"Wikipedia, Wikidata",True,2
909,"Whishaw, Frederick",Frederick Whishaw,male,"Russian, English, British",1854.0,1934.0,"Wikipedia, OpenLibrary",True,2
910,"Hankin, St. John",St. John Hankin,male,English,1869.0,1909.0,"Wikipedia, OpenLibrary",True,2
911,"Cunninghame Graham, R. B. (Robert Bontine)",Robert Bontine Cunninghame Graham,male,"British, Scottish",1852.0,1936.0,Wikipedia,True,2
912,"Sladen, Douglas Brooke Wheelton",Douglas Brooke Wheelton Sladen,male,English,1856.0,1947.0,"Wikipedia, OpenLibrary, Wikidata",True,2
913,"Alexander, Francesca",Francesca Alexander,female,American,1837.0,1917.0,"Wikipedia, OpenLibrary, Wikidata",True,2
914,"Frye, James A. (James Albert)",James Albert Frye,,,1863.0,,OpenLibrary,True,2
915,"Hall, Radclyffe",Radclyffe Hall,female,"British, English",1880.0,1943.0,Wikipedia,True,2
916,"Wylie, I. A. R. (Ida Alexa Ross)",Ida Alexa Ross Wylie,female,"Australian, British, British-American",1885.0,1959.0,Wikipedia,True,2
917,"McKishnie, Archie P.",Archie P. McKishnie,male,Canadian,1875.0,1946.0,"Wikipedia, Wikidata",True,2
918,"Baum, L. Frank (Lyman Frank)",Lyman Frank Baum,male,American,1856.0,1919.0,Wikipedia,True,2
919,"MacGill, Patrick",Patrick MacGill,male,Irish,1889.0,1963.0,"Wikipedia, OpenLibrary",True,2
920,"Powys, John Cowper",John Cowper Powys,male,English,1871.0,1963.0,Wikipedia,True,2
921,"Perrin, Alice",Alice Perrin,female,British,1867.0,1934.0,"Wikipedia, OpenLibrary",True,2
922,"Darrow, Clarence",Clarence Darrow,male,American,1857.0,1938.0,Wikipedia,True,2
923,"Giberne, Agnes",Agnes Giberne,female,British,1845.0,1939.0,"Wikipedia, OpenLibrary",True,2
924,"Reid, Christian",Christian Reid,female,American,1846.0,1920.0,"Wikipedia, OpenLibrary",True,2
925,"Golding, Louis",Louis Golding,male,English,1895.0,1958.0,Wikipedia,True,2
926,"Farjeon, Eleanor",Eleanor Farjeon,female,English,1881.0,1965.0,"Wikipedia, Wikidata",True,2
927,"Hayes, J. W. (Jeff W.)",Jeff W. Hayes,female,English,1976.0,1917.0,"Wikipedia, Wikidata",True,2
928,"Pickthall, Marmaduke William",Marmaduke William Pickthall,male,English,1875.0,1936.0,Wikipedia,True,2
929,"MacKaye, Percy",Percy MacKaye,male,American,1876.0,1956.0,"Wikipedia, Wikidata",True,2
930,"Levy, Amy",Amy Levy,female,English,1861.0,1889.0,Wikipedia,True,2
931,"Woolf, Leonard",Leonard Woolf,male,British,1880.0,1969.0,Wikipedia,True,2
932,"Crow, Martha Foote",Martha Foote Crow,female,American,1854.0,1924.0,"Wikipedia, OpenLibrary",True,2
933,"Yates, Edmund",Edmund Yates,male,British,1831.0,1894.0,"Wikipedia, Wikidata",True,2
934,"Coppard, A. E. (Alfred Edgar)",Alfred Edgar Coppard,male,"English, British",1878.0,1957.0,"Wikipedia, OpenLibrary",True,2
935,"Cummings, Ray",Ray Cummings,male,American,1887.0,1957.0,"Wikipedia, OpenLibrary, Wikidata",True,2
936,"Hale, Katherine",Katherine Hale,female,Canadian,1878.0,1956.0,"Wikipedia, OpenLibrary, Wikidata",True,2
937,"Carr, Alice Vansittart Strettel",Alice Vansittart Strettel Carr,female,,1850.0,,OpenLibrary,True,2
938,"Ingraham, Prentiss",Prentiss Ingraham,male,American,1843.0,1904.0,"Wikipedia, OpenLibrary, Wikidata",True,2
939,"Horsley, Reginald",Reginald Horsley,male,,1863.0,1926.0,"OpenLibrary, Wikidata",True,2
940,"Silverberg, Robert",Robert Silverberg,male,American,1935.0,,Wikipedia,True,2
941,"Prime-Stevenson, Edward",Edward Prime-Stevenson,male,American,1858.0,1942.0,Wikipedia,True,2
942,"Pertwee, Roland",Roland Pertwee,male,"British, English",1885.0,1963.0,Wikipedia,True,2
943,"Thomas, Henry Wilton",Henry Wilton Thomas,female,,1867.0,,OpenLibrary,True,2
944,"Mearns, Hughes",Hughes Mearns,male,American,1875.0,1965.0,Wikipedia,True,2
945,"Dowdall, Mrs.",Dowdall,female,,,,OpenLibrary,True,2
946,"Irving, Washington",Washington Irving,male,American,1783.0,1859.0,Wikipedia,True,1
947,"Austen, Jane",Jane Austen,female,English,1775.0,1817.0,Wikipedia,True,1
948," Corson, Hiram",Hiram Corson,male,American,1828.0,1911.0,"Wikipedia, OpenLibrary, Wikidata",True,1
949,"Kilmer, Joyce",Joyce Kilmer,male,"American, British",1886.0,1918.0,Wikipedia,True,1
950,"Drake, Joseph Rodman",Joseph Rodman Drake,male,American,1795.0,1820.0,"Wikipedia, OpenLibrary, Wikidata",True,1
951,"Davis, Rebecca Harding",Rebecca Harding Davis,female,American,1831.0,1910.0,"Wikipedia, OpenLibrary",True,1
952,"Eastman, Charles A.",Charles A. Eastman,male,American,1858.0,1939.0,Wikipedia,True,1
953,"McCrae, John",John McCrae,male,Canadian,1872.0,1918.0,Wikipedia,True,1
954,"Gaskell, Elizabeth Cleghorn",Elizabeth Cleghorn Gaskell,female,English,1810.0,1865.0,Wikipedia,True,1
955,"Tuckwell, William",William Tuckwell,male,United Kingdom of Great Britain and Ireland,1829.0,1919.0,"OpenLibrary, Wikidata",True,1
956,"Jenkins, Edward",Edward Jenkins,male,United Kingdom of Great Britain and Ireland,1838.0,1910.0,"OpenLibrary, Wikidata",True,1
957,"Seeger, Alan",Alan Seeger,male,"American, French",1888.0,1916.0,Wikipedia,True,1
958," Stevenson, Fanny Van de Grift",Fanny Van de Grift Stevenson,female,American,1840.0,1914.0,Wikipedia,True,1
959," Orr, Sutherland, Mrs.","Sutherland, Orr",female,,,,OpenLibrary,True,1
960,"Dunbar-Nelson, Alice Moore",Alice Moore Dunbar-Nelson,female,American,1875.0,1935.0,Wikipedia,True,1
961,"Fairless, Michael",Michael Fairless,female,United Kingdom of Great Britain and Ireland,1869.0,1901.0,"OpenLibrary, Wikidata",True,1
962," Henley, William Ernest",William Ernest Henley,male,English,1849.0,1903.0,Wikipedia,True,1
963,"Veiller, Bayard ",Bayard Veiller,male,American,1869.0,1943.0,"Wikipedia, OpenLibrary",True,1
964," Dana, Marvin",Marvin Dana,male,American,1867.0,1926.0,"Wikipedia, OpenLibrary, Wikidata",True,1
965,"Poe, Edgar Allan",Edgar Allan Poe,male,American,1809.0,1849.0,Wikipedia,True,1
966,"Stewart, Cal",Cal Stewart,male,,1856.0,1919.0,"OpenLibrary, Wikidata",True,1
967,"Grossmith, George ",George Grossmith,male,English,1847.0,1912.0,Wikipedia,True,1
968," Grossmith, Weedon",Weedon Grossmith,male,English,1854.0,1919.0,Wikipedia,True,1
969,"Venables, Edmund",Edmund Venables,male,"British, English",1819.0,1895.0,"Wikipedia, OpenLibrary, Wikidata",True,1
970,"Sinclair, Upton ",Upton Sinclair,male,American,1878.0,1968.0,Wikipedia,True,1
971," Brieux, Eugène",Eugène Brieux,male,France,1858.0,1932.0,"OpenLibrary, Wikidata",True,1
972,"Thomson, James",James Thomson,male,Kingdom of Great Britain,1700.0,1748.0,"OpenLibrary, Wikidata",True,1
973,"Aiken, Conrad",Conrad Aiken,male,American,1889.0,1973.0,"Wikipedia, OpenLibrary",True,1
974,"Rand, Ayn",Ayn Rand,female,"Russian, American",1905.0,1982.0,Wikipedia,True,1
975,"Lindsay, David",David Lindsay,male,American,1969.0,1641.0,"Wikipedia, OpenLibrary",True,1
976,"Waterlow, Sydney",Sydney Waterlow,male,United Kingdom of Great Britain and Ireland,1878.0,1944.0,"OpenLibrary, Wikidata",True,1
977,"Galt, John",John Galt,male,"Scottish, English",1779.0,1839.0,OpenLibrary,True,1
978,"Clough, Arthur Hugh",Arthur Hugh Clough,male,English,1819.0,1861.0,Wikipedia,True,1
979,"Wolf, Emma",Emma Wolf,female,American,1865.0,1932.0,Wikipedia,True,1
980,"McNeill, John Charles",John Charles McNeill,male,,1874.0,1907.0,"OpenLibrary, Wikidata",True,1
981,"Bunyan, John",John Bunyan,male,English,1628.0,1688.0,Wikipedia,True,1
982,"Lewis, C. S. (Clive Staples)",Clive Staples Lewis,male,"Irish, British",1898.0,1963.0,OpenLibrary,True,1
983,"Macaulay, Thomas Babington Macaulay, Baron","Thomas Babington Macaulay, Macaulay",male,British,1800.0,1859.0,Wikipedia,True,1
984,"Larcom, Lucy",Lucy Larcom,female,American,1824.0,1893.0,Wikipedia,True,1
985,"Childers, Erskine",Erskine Childers,male,"Irish, English, German",1870.0,1922.0,"Wikipedia, OpenLibrary",True,1
986,"Wood, Eugene",Eugene Wood,male,,1860.0,1923.0,"OpenLibrary, Wikidata",True,1
987,"Atkinson, Eleanor",Eleanor Atkinson,female,American,1863.0,1942.0,"Wikipedia, OpenLibrary",True,1
988," Haggard, H. Rider (Henry Rider)",Henry Rider Haggard,male,"English, British",1856.0,1925.0,Wikipedia,True,1
989,"Thackeray, William Makepeace",William Makepeace Thackeray,male,"English, British",1811.0,1863.0,Wikipedia,True,1
990,"Jones, Henry Festing",Henry Festing Jones,male,English,1851.0,1928.0,"Wikipedia, Wikidata",True,1
991,"Moorman, F. W. (Frederic William)",Frederic William Moorman,male,English,1872.0,1919.0,"Wikipedia, Wikidata",True,1
992,"Earls, Michael",Michael Earls,male,American,1875.0,1937.0,"Wikipedia, Wikidata",True,1
993,"Clarke, Marcus Andrew Hislop",Marcus Andrew Hislop Clarke,male,"English, Australian",1846.0,1881.0,"Wikipedia, OpenLibrary",True,1
994,"Voynich, E. L. (Ethel Lillian)",Ethel Lillian Voynich,female,Irish,1864.0,1960.0,Wikipedia,True,1
995,"Gatlin, Dana",Dana Gatlin,female,,1884.0,1940.0,"OpenLibrary, Wikidata",True,1
996,"Manners, J. Hartley",J. Hartley Manners,male,Irish,1870.0,1928.0,"Wikipedia, OpenLibrary, Wikidata",True,1
997,"Angellotti, Marion Polk",Marion Polk Angellotti,female,American,1887.0,1975.0,"Wikipedia, OpenLibrary, Wikidata",True,1
998,"Rudd, Steele",Steele Rudd,male,Australian,1868.0,1935.0,Wikipedia,True,1
999,"Rossetti, Dante Gabriel",Dante Gabriel Rossetti,male,English,1828.0,1882.0,Wikipedia,True,1
1000,"Richardson, Henry Handel",Henry Handel Richardson,female,Australian,1870.0,1946.0,Wikipedia,True,1
1001,"Hartmann, George",George Hartmann,male,French,1843.0,1900.0,"Wikipedia, Wikidata",True,1
1002,"Scott, Evelyn",Evelyn Scott,female,American,1893.0,1963.0,OpenLibrary,True,1
1003,"Symonds, John Addington",John Addington Symonds,male,English,1840.0,1893.0,Wikipedia,True,1
1004,"Seiffert, Marjorie Allen",Marjorie Allen Seiffert,female,American,1885.0,1970.0,"Wikipedia, OpenLibrary",True,1
1005,"Gillmore, Inez Haynes",Inez Haynes Gillmore,female,American,1873.0,1970.0,Wikipedia,True,1
1006,"Calverley, Charles Stuart",Charles Stuart Calverley,male,English,1831.0,1884.0,"Wikipedia, OpenLibrary",True,1
1007,"Abbott, Lyman",Lyman Abbott,male,American,1835.0,1922.0,"Wikipedia, OpenLibrary, Wikidata",True,1
1008,"Abbott, Belle K. (Belle Kendrick)",Belle Kendrick Abbott,female,American,1842.0,1893.0,"Wikipedia, Wikidata",True,1
1009,"James, Henry ",Henry James,male,"American, British, American-British, English",1843.0,1916.0,Wikipedia,True,1
1010," Cutting, Mary Stewart ",Mary Stewart Cutting,female,American,1879.0,1928.0,"Wikipedia, Wikidata",True,1
1011," Wyatt, Edith ",Edith Wyatt,female,American,1873.0,1958.0,"Wikipedia, OpenLibrary, Wikidata",True,1
1012," Andrews, Mary Raymond Shipman ",Mary Raymond Shipman Andrews,female,American,1860.0,1936.0,Wikipedia,True,1
1013," Howells, William Dean ",William Dean Howells,male,American,1837.0,1920.0,Wikipedia,True,1
1014," Bangs, John Kendrick ",John Kendrick Bangs,male,American,1862.0,1922.0,"Wikipedia, OpenLibrary, Wikidata",True,1
1015," Jordan, Elizabeth Garver ",Elizabeth Garver Jordan,female,American,1865.0,1947.0,Wikipedia,True,1
1016," Vorse, Mary Heaton ",Mary Heaton Vorse,female,American,1874.0,1966.0,Wikipedia,True,1
1017," Brown, Alice ",Alice Brown,female,United States,1857.0,1948.0,"OpenLibrary, Wikidata",True,1
1018," Freeman, Mary Eleanor Wilkins ",Mary Eleanor Wilkins Freeman,female,American,1852.0,1930.0,Wikipedia,True,1
1019," Van Dyke, Henry ",Henry Van Dyke,male,American,1852.0,1933.0,"Wikipedia, OpenLibrary",True,1
1020," Phelps, Elizabeth Stuart",Elizabeth Stuart Phelps,female,American,1844.0,1911.0,"Wikipedia, OpenLibrary, Wikidata",True,1
1021,"Calhoun, Frances Boyd",Frances Boyd Calhoun,female,American,1867.0,1909.0,Wikipedia,True,1
1022,"Roe, Vingie E. (Vingie Eve)",Vingie Eve Roe,,American,1879.0,1958.0,"Wikipedia, OpenLibrary",True,1
1023,"Hillyer, Robert",Robert Hillyer,male,"American, English",1895.0,1961.0,Wikipedia,True,1
1024,"Housman, A. E. (Alfred Edward)",Alfred Edward Housman,male,English,1859.0,1936.0,Wikipedia,True,1
1025,"Marshall, H. E. (Henrietta Elizabeth)",Henrietta Elizabeth Marshall,female,"British, Scottish",1867.0,1941.0,Wikipedia,True,1
1026,"Millay, Edna St. Vincent",Edna St. Vincent Millay,female,American,1892.0,1950.0,Wikipedia,True,1
1027,"Van Slyke, Lucille",Lucille Van Slyke,female,American,1879.0,1966.0,"Wikipedia, OpenLibrary",True,1
1028,"Burton, Richard Francis, Sir","Richard Francis, Burton",male,British,1821.0,1890.0,Wikipedia,True,1
1029,"Tourgée, Albion Winegar",Albion Winegar Tourgée,male,American,1838.0,1905.0,"Wikipedia, OpenLibrary, Wikidata",True,1
1030,"Goddard, Charles",Charles Goddard,male,United States,1770.0,1845.0,"OpenLibrary, Wikidata",True,1
1031,"White, Edward Lucas",Edward Lucas White,male,American,1866.0,1934.0,"Wikipedia, Wikidata",True,1
1032,"Crewdson, Charles N. (Charles Newman)",Charles Newman Crewdson,,,1870.0,,OpenLibrary,True,1
1033,"Maher, William H.",William H. Maher,male,American,1846.0,1913.0,"Wikipedia, Wikidata",True,1
1034,"Browne, Porter Emerson",Porter Emerson Browne,male,American,1879.0,1934.0,"Wikipedia, OpenLibrary, Wikidata",True,1
1035,"Ledyard, Mary Forman ",Mary Forman Ledyard,,,1867.0,,OpenLibrary,True,1
1036," Mandall, Abertine D.",Abertine D. Mandall,,,,,,False,1
1037,"Carter, Charles Franklin",Charles Franklin Carter,male,,1890.0,1957.0,"OpenLibrary, Wikidata",True,1
1038,"Barrus, Clara",Clara Barrus,female,American,1864.0,1931.0,Wikipedia,True,1
1039,"Hulbert, James R. (James Root)",James Root Hulbert,male,,1884.0,1969.0,"OpenLibrary, Wikidata",True,1
1040,"Benét, William Rose",William Rose Benét,male,American,1886.0,1950.0,"Wikipedia, OpenLibrary",True,1
1041,Norah,Norah,female,American,1979.0,1983.0,"Wikipedia, OpenLibrary",True,1
1042,"Yule, J. C., Mrs.","J. C., Yule",female,,,,OpenLibrary,True,1
1043,"Rossetti, Lucy Madox Brown",Lucy Madox Brown Rossetti,female,British,1843.0,1894.0,"Wikipedia, Wikidata",True,1
1044,"Traill, Catharine Parr Strickland",Catharine Parr Strickland Traill,female,"English, Canadian",1802.0,1899.0,"Wikipedia, OpenLibrary",True,1
1045,"Crawford, Isabella Valancy",Isabella Valancy Crawford,female,"Irish, Canadian",1850.0,1887.0,"Wikipedia, OpenLibrary",True,1
1046,"Mair, Charles",Charles Mair,male,Canadian,1838.0,1927.0,Wikipedia,True,1
1047,"Campbell, Helen",Helen Campbell,female,American,1839.0,1918.0,"Wikipedia, OpenLibrary",True,1
1048,"Henderson, Archibald",Archibald Henderson,male,United States,1877.0,1963.0,"OpenLibrary, Wikidata",True,1
1049,"Dent, John Charles",John Charles Dent,male,"Canadian, American",1841.0,1888.0,"Wikipedia, OpenLibrary",True,1
1050,"Hull, E. M. (Edith Maude)",Edith Maude Hull,female,British,1880.0,1947.0,"Wikipedia, Wikidata",True,1
1051,"Weir, Arthur",Arthur Weir,male,,1864.0,1902.0,"OpenLibrary, Wikidata",True,1
1052,"Byrum, Isabel C. (Isabel Coston)",Isabel Coston Byrum,female,,1870.0,1938.0,"OpenLibrary, Wikidata",True,1
1053,"Webb, Mary Gladys Meredith",Mary Gladys Meredith Webb,female,English,1881.0,1927.0,Wikipedia,True,1
1054,"Cowherd, Thomas",Thomas Cowherd,male,British,1817.0,1907.0,"Wikipedia, Wikidata",True,1
1055,"Stearns, Frank Preston",Frank Preston Stearns,male,American,1846.0,1917.0,Wikipedia,True,1
1056,"Fletcher, Robert Huntington",Robert Huntington Fletcher,,,1875.0,1919.0,OpenLibrary,True,1
1057,"Argyll, John Douglas Sutherland Campbell, Duke of","John Douglas Sutherland Campbell, Duke of Argyll",,Canadian,1845.0,1914.0,OpenLibrary,True,1
1058,"Bacon, Delia Salter",Delia Salter Bacon,female,American,1811.0,1859.0,"Wikipedia, OpenLibrary",True,1
1059,"Pope, Alexander",Alexander Pope,male,English,1688.0,1744.0,Wikipedia,True,1
1060,"Hale, Beatrice Forbes-Robertson",Beatrice Forbes-Robertson Hale,female,English,1883.0,1967.0,"Wikipedia, OpenLibrary, Wikidata",True,1
1061,"Godden, G. M. (Gertrude M.)",Gertrude M. Godden,female,"United Kingdom, United Kingdom of Great Britain and Ireland",1867.0,1947.0,"Wikipedia, Wikidata",True,1
1062,"Hudson, Stephen",Stephen Hudson,male,British,1868.0,1944.0,Wikipedia,True,1
1063,"Feis, Jacob",Jacob Feis,male,,1842.0,1900.0,"OpenLibrary, Wikidata",True,1
1064,"Wilkins, Harriet Annie",Harriet Annie Wilkins,female,"English, Canadian",1829.0,1888.0,"Wikipedia, OpenLibrary, Wikidata",True,1
1065,"Hope, Laurence",Laurence Hope,female,"British Raj, United Kingdom of Great Britain and Ireland",1865.0,1904.0,"OpenLibrary, Wikidata",True,1
1066,"Curtis, George William",George William Curtis,male,American,1824.0,1892.0,Wikipedia,True,1
1067,"Ingleby, C. M. (Clement Mansfield)",Clement Mansfield Ingleby,male,United Kingdom of Great Britain and Ireland,1823.0,1886.0,"OpenLibrary, Wikidata",True,1
1068,"Edwards, Amelia B.",Amelia B. Edwards,female,English,1831.0,1892.0,Wikipedia,True,1
1069,"Führer, Ch. (Charlotte)",Charlotte Führer,female,German,1834.0,1907.0,"Wikipedia, Wikidata",True,1
1070,"Granville-Barker, Harley ",Harley Granville-Barker,male,"British, English",1877.0,1946.0,Wikipedia,True,1
1071," Calthrop, Dion Clayton",Dion Clayton Calthrop,male,"English, British",1878.0,1937.0,"Wikipedia, Wikidata",True,1
1072,"Wetherald, A. Ethelwyn ",A. Ethelwyn Wetherald,female,Canadian,1857.0,1940.0,"Wikipedia, Wikidata",True,1
1073," Adam, G. Mercer (Graeme Mercer)",Graeme Mercer Adam,male,Canadian,1839.0,1912.0,"Wikipedia, OpenLibrary, Wikidata",True,1
1074,"Dake, Charles Romyn",Charles Romyn Dake,male,American,1849.0,1899.0,"Wikipedia, Wikidata",True,1
1075,"Pattison, Mark",Mark Pattison,male,United Kingdom of Great Britain and Ireland,1813.0,1884.0,"OpenLibrary, Wikidata",True,1
1076,"Fields, Annie",Annie Fields,female,American,1834.0,1915.0,Wikipedia,True,1
1077,"Arnold, Edwin, Sir","Edwin, Arnold",male,English,1832.0,1904.0,Wikipedia,True,1
1078,"Landis, Frederick",Frederick Landis,male,American,1872.0,1934.0,"Wikipedia, Wikidata",True,1
1079,"Leathem, William Harvey",William Harvey Leathem,male,"United Kingdom, United Kingdom of Great Britain and Ireland",1875.0,1937.0,Wikidata,True,1
1080,"Story, William Wetmore",William Wetmore Story,male,American,1819.0,1895.0,"Wikipedia, OpenLibrary, Wikidata",True,1
1081,"Edwards, George Wharton",George Wharton Edwards,male,American,1859.0,1950.0,"Wikipedia, OpenLibrary, Wikidata",True,1
1082,"Hardy, Arthur Sherburne",Arthur Sherburne Hardy,male,American,1847.0,1930.0,"Wikipedia, Wikidata",True,1
1083,"Shorter, Dora Sigerson",Dora Sigerson Shorter,female,Irish,1866.0,1918.0,Wikipedia,True,1
1084,"Cone, Helen Gray",Helen Gray Cone,female,"American, English",1859.0,1934.0,"Wikipedia, OpenLibrary, Wikidata",True,1
1085,"Vance, Louis Joseph ",Louis Joseph Vance,male,American,1879.0,1933.0,"Wikipedia, OpenLibrary",True,1
1086," Smith, Winchell",Winchell Smith,male,American,1871.0,1933.0,Wikipedia,True,1
1087,"Griswold, Latta",Latta Griswold,,,1876.0,1931.0,OpenLibrary,True,1
1088,"Hastings, Milo",Milo Hastings,male,American,1884.0,1957.0,"Wikipedia, OpenLibrary",True,1
1089,"Bagnold, Enid",Enid Bagnold,female,"English, British",1889.0,1981.0,Wikipedia,True,1
1090,"Adams, Samuel Hopkins ",Samuel Hopkins Adams,male,American,1871.0,1958.0,"Wikipedia, OpenLibrary",True,1
1091," White, Stewart Edward",Stewart Edward White,male,American,1873.0,1946.0,Wikipedia,True,1
1092,"Black, Edith Ferguson",Edith Ferguson Black,male,English,1942.0,2018.0,Wikipedia,True,1
1093,"Cooke, Grace MacGowan",Grace MacGowan Cooke,female,American,1863.0,1944.0,"Wikipedia, OpenLibrary",True,1
1094,"Forsslund, Louise",Louise Forsslund,female,American,1873.0,1910.0,"Wikipedia, Wikidata",True,1
1095,"Mackenzie, Donald A. (Donald Alexander)",Donald Alexander Mackenzie,male,Scottish,1873.0,1936.0,"Wikipedia, OpenLibrary",True,1
1096,"Rideout, Henry Milner",Henry Milner Rideout,male,American,1877.0,1927.0,Wikipedia,True,1
1097,"Bowman, Earl Wayland",Earl Wayland Bowman,male,United States,1875.0,1952.0,"OpenLibrary, Wikidata",True,1
1098,"Mackay, Isabel Ecclestone",Isabel Ecclestone Mackay,female,Canadian,1875.0,1928.0,"Wikipedia, OpenLibrary",True,1
1099,"De La Pasture, Henry, Mrs.","Henry, De La Pasture",female,English,1866.0,1945.0,Wikipedia,True,1
1100,"Trask, Katrina",Katrina Trask,female,American,1853.0,1922.0,"Wikipedia, Wikidata",True,1
1101,"Smith, Arthur Cosslett",Arthur Cosslett Smith,female,American,1880.0,1968.0,Wikipedia,True,1
1102,"Long, William J. (William Joseph)",William Joseph Long,male,English,1867.0,1952.0,"OpenLibrary, Wikidata",True,1
1103,"Litchfield, Grace Denio",Grace Denio Litchfield,female,American,1849.0,1944.0,"Wikipedia, OpenLibrary, Wikidata",True,1
1104,"Rhodes, Harrison ",Harrison Rhodes,male,American,1993.0,1929.0,"Wikipedia, OpenLibrary",True,1
1105," Wise, Thomas A. (Thomas Alfred) ",Thomas Alfred Wise,male,United States,1848.0,1928.0,"OpenLibrary, Wikidata",True,1
1106," Toombs, Frederick R.",Frederick R. Toombs,male,,1879.0,1929.0,"OpenLibrary, Wikidata",True,1
1107,"Dwyer, James Francis",James Francis Dwyer,male,Australian,1874.0,1952.0,"Wikipedia, OpenLibrary",True,1
1108,"Whicher, George Frisbie",George Frisbie Whicher,male,American,1783.0,1838.0,"Wikipedia, Wikidata",True,1
1109,"Lincoln, Jeanie Gould",Jeanie Gould Lincoln,female,American,1846.0,1921.0,"Wikipedia, OpenLibrary",True,1
1110,"Johnson, James Weldon",James Weldon Johnson,male,American,1871.0,1938.0,Wikipedia,True,1
1111,"Nevinson, Henry Woodd",Henry Woodd Nevinson,male,"British, English",1856.0,1941.0,"Wikipedia, Wikidata",True,1
1112,"Stoddard, John L. (John Lawson)",John Lawson Stoddard,male,American,1850.0,1931.0,Wikipedia,True,1
1113,"Johnston, William",William Johnston,female,United States,1804.0,1891.0,"OpenLibrary, Wikidata",True,1
1114,"Cody, Sherwin",Sherwin Cody,male,"American, English",1868.0,1959.0,"Wikipedia, OpenLibrary",True,1
1115,"Jung, Nizamat, Sir","Nizamat, Jung",male,,1871.0,1955.0,Wikipedia,True,1
1116,"Mair, G. H. (George Herbert)",George Herbert Mair,male,British,1887.0,1926.0,"Wikipedia, OpenLibrary, Wikidata",True,1
1117,"Oppenheim, James",James Oppenheim,male,American,1882.0,1932.0,"Wikipedia, OpenLibrary, Wikidata",True,1
1118,"Taylor, Bayard ",Bayard Taylor,male,American,1825.0,1878.0,Wikipedia,True,1
1119," Matthews, Brander ",Brander Matthews,male,"American, French",1852.0,1929.0,"Wikipedia, OpenLibrary",True,1
1120," Davis, Rebecca Harding ",Rebecca Harding Davis,female,American,1831.0,1910.0,"Wikipedia, OpenLibrary",True,1
1121," Bunner, H. C. (Henry Cuyler) ",Henry Cuyler Bunner,male,American,1855.0,1896.0,Wikipedia,True,1
1122," Webster, Albert",Albert Webster,male,United Kingdom,1919.0,2010.0,"OpenLibrary, Wikidata",True,1
1123,"Collingwood, Stuart Dodgson",Stuart Dodgson Collingwood,male,"British, English",1832.0,1898.0,Wikipedia,True,1
1124,"King, Grace Elizabeth",Grace Elizabeth King,female,American,1852.0,1932.0,"Wikipedia, OpenLibrary, Wikidata",True,1
1125,"Prentiss, George Lewis",George Lewis Prentiss,female,American,1818.0,1878.0,Wikipedia,True,1
1126,"Cooke, George Willis",George Willis Cooke,male,United States,1848.0,1923.0,"Wikipedia, OpenLibrary, Wikidata",True,1
1127,"Goodloe, Abbe Carter",Abbe Carter Goodloe,female,American,1867.0,1960.0,"Wikipedia, OpenLibrary, Wikidata",True,1
1128,"Hall, Tom",Tom Hall,male,United States,1862.0,1900.0,"OpenLibrary, Wikidata",True,1
1129,"Dobie, Charles Caldwell",Charles Caldwell Dobie,male,American,1881.0,1943.0,"Wikipedia, OpenLibrary",True,1
1130,"Colum, Padraic",Padraic Colum,male,Irish,1881.0,1972.0,"Wikipedia, OpenLibrary",True,1
1131,"Spurgeon, Caroline F. E. (Caroline Frances Eleanor)",Caroline Frances Eleanor Spurgeon,female,English,1869.0,1942.0,"OpenLibrary, Wikidata",True,1
1132,"Kennedy, Charles Rann",Charles Rann Kennedy,male,United States,1871.0,1950.0,"OpenLibrary, Wikidata",True,1
1133,"Freeman, John",John Freeman,male,United Kingdom of Great Britain and Ireland,1974.0,1900.0,"OpenLibrary, Wikidata",True,1
1134,"Keller, Helen",Helen Keller,female,American,1880.0,1968.0,Wikipedia,True,1
1135,"Traill, H. D. (Henry Duff)",Henry Duff Traill,male,British,1842.0,1900.0,"Wikipedia, Wikidata",True,1
1136,"Wordsworth, William",William Wordsworth,male,English,1770.0,1850.0,"Wikipedia, Wikidata",True,1
1137,"Whitney, A. D. T. (Adeline Dutton Train)",Adeline Dutton Train Whitney,female,American,1824.0,1906.0,"Wikipedia, OpenLibrary",True,1
1138,"Ingelow, Jean",Jean Ingelow,female,English,1820.0,1897.0,Wikipedia,True,1
1139,"De Forest, John William",John William De Forest,male,American,1826.0,1906.0,Wikipedia,True,1
1140,"Lawson, Thomas William",Thomas William Lawson,male,American,1857.0,1925.0,"Wikipedia, OpenLibrary",True,1
1141,"Stoddard, Elizabeth",Elizabeth Stoddard,female,American,1823.0,1902.0,"Wikipedia, Wikidata",True,1
1142,"Slosson, Annie Trumbull",Annie Trumbull Slosson,female,American,1838.0,1926.0,Wikipedia,True,1
1143,"Van Doren, Carl",Carl Van Doren,male,United States,1885.0,1950.0,"OpenLibrary, Wikidata",True,1
1144,"Fields, James Thomas",James Thomas Fields,male,American,1817.0,1881.0,Wikipedia,True,1
1145,"Kenyon, Camilla",Camilla Kenyon,female,American,1876.0,1957.0,"Wikipedia, Wikidata",True,1
1146,"Stellman, Louis J. (Louis John)",Louis John Stellman,male,United States,1877.0,1961.0,"OpenLibrary, Wikidata",True,1
1147,"Melville, Herman",Herman Melville,male,American,1819.0,1891.0,Wikipedia,True,1
1148,"Webster, John",John Webster,male,English,1580.0,1632.0,Wikipedia,True,1
1149,"Thompson, Slason",Slason Thompson,male,Canada,1849.0,1935.0,"Wikipedia, OpenLibrary, Wikidata",True,1
1150,"Tietjens, Eunice",Eunice Tietjens,female,American,1884.0,1944.0,"Wikipedia, OpenLibrary, Wikidata",True,1
1151,"Grant, Ethel Watts Mumford",Ethel Watts Mumford Grant,female,American,1878.0,1940.0,"Wikipedia, OpenLibrary",True,1
1152,"Whistler, Charles W. (Charles Watts)",Charles Watts Whistler,male,English,1856.0,1913.0,"Wikipedia, OpenLibrary, Wikidata",True,1
1153,"Watts-Dunton, Theodore",Theodore Watts-Dunton,male,English,1832.0,1914.0,"Wikipedia, OpenLibrary",True,1
1154,"Parker, Lester Shepard",Lester Shepard Parker,male,Canadian,1980.0,2011.0,Wikipedia,True,1
1155,"Jones, Henry, Sir","Henry, Jones",male,Irish,1851.0,1925.0,OpenLibrary,True,1
1156,"Patmore, Coventry",Coventry Patmore,male,English,1823.0,1896.0,Wikipedia,True,1
1157,"Anderson, Nephi",Nephi Anderson,male,American,1865.0,1923.0,"Wikipedia, OpenLibrary, Wikidata",True,1
1158,"Lynd, Robert",Robert Lynd,male,Irish,1879.0,1949.0,"Wikipedia, Wikidata",True,1
1159,"Newbolt, Henry John, Sir","Henry John, Newbolt",male,English,1862.0,1938.0,Wikipedia,True,1
1160,"Cobban, J. Maclaren (James Maclaren)",James Maclaren Cobban,male,"Kingdom of England, Kingdom of Scotland",1849.0,1903.0,"OpenLibrary, Wikidata",True,1
1161,"Chamberlain, George Agnew",George Agnew Chamberlain,male,American,1879.0,1966.0,"Wikipedia, OpenLibrary",True,1
1162,"Runkle, Bertha",Bertha Runkle,female,American,1879.0,1958.0,"Wikipedia, OpenLibrary",True,1
1163,"Brooke, Stopford A. (Stopford Augustus)",Stopford Augustus Brooke,male,Irish,1832.0,1916.0,"Wikipedia, OpenLibrary, Wikidata",True,1
1164,"O'Donnell, Elliott",Elliott O'Donnell,male,English,1872.0,1965.0,"Wikipedia, OpenLibrary",True,1
1165,"Niles, Henry Thayer",Henry Thayer Niles,male,,1825.0,1901.0,"OpenLibrary, Wikidata",True,1
1166,"Adams, Henry",Henry Adams,male,"American, English",1838.0,1918.0,Wikipedia,True,1
1167,"Lewis, Charlton M. (Charlton Miner)",Charlton Miner Lewis,male,"American, English",1866.0,1923.0,Wikipedia,True,1
1168,"Mather, Marshall",Marshall Mather,male,,1851.0,1916.0,"OpenLibrary, Wikidata",True,1
1169,"Lang, Jean ",Jean Lang,male,"German, American",1890.0,1976.0,Wikipedia,True,1
1170," Lang, John",John Lang,male,Australia,1972.0,1975.0,"OpenLibrary, Wikidata",True,1
1171,"Wentworth, Marion Craig",Marion Craig Wentworth,female,American,1872.0,1942.0,Wikipedia,True,1
1172,"Herford, C. H. (Charles Harold)",Charles Harold Herford,male,"United Kingdom, United Kingdom of Great Britain and Ireland",1853.0,1931.0,"OpenLibrary, Wikidata",True,1
1173,"Adams, Francis A. (Francis Alexandre)",Francis Alexandre Adams,male,United States,1874.0,1975.0,"OpenLibrary, Wikidata",True,1
1174,"Talmage, T. De Witt (Thomas De Witt)",Thomas De Witt Talmage,male,American,1832.0,1902.0,"OpenLibrary, Wikidata",True,1
1175,"Porter, Charlotte (Charlotte Endymion) ",Charlotte Endymion Porter,female,American,1859.0,1942.0,"Wikipedia, OpenLibrary",True,1
1176," Clarke, Helen A. (Helen Archibald)",Helen Archibald Clarke,female,"American, British",1860.0,1926.0,"Wikipedia, OpenLibrary, Wikidata",True,1
1177,"Craik, Dinah Maria Mulock",Dinah Maria Mulock Craik,female,English,1826.0,1887.0,Wikipedia,True,1
1178,"Goss, Charles Frederic",Charles Frederic Goss,male,American,1852.0,1930.0,"Wikipedia, OpenLibrary",True,1
1179,"Westall, William",William Westall,male,United Kingdom,1781.0,1850.0,"OpenLibrary, Wikidata",True,1
1180,"Roberts, Lloyd",Lloyd Roberts,male,United States,1884.0,1966.0,"OpenLibrary, Wikidata",True,1
1181,"Laidlaw, A. H. (Alexander Hamilton)",Alexander Hamilton Laidlaw,,,1828.0,1908.0,OpenLibrary,True,1
1182,"Ford, Ford Madox ",Ford Madox Ford,male,"English, American",1873.0,1939.0,"Wikipedia, Wikidata",True,1
1183," Conrad, Joseph",Joseph Conrad,male,"Polish, British, English",1857.0,1924.0,Wikipedia,True,1
1184,"Minto, William",William Minto,male,Scottish,1845.0,1893.0,"Wikipedia, OpenLibrary, Wikidata",True,1
1185,"Runciman, Thomas",Thomas Runciman,male,"British, English",1903.0,2000.0,Wikipedia,True,1
1186,"Miller, Freeman Edwin",Freeman Edwin Miller,male,American,1864.0,1951.0,"Wikipedia, OpenLibrary, Wikidata",True,1
1187,"Glass, Nancy Rebecca Campbell",Nancy Rebecca Campbell Glass,female,American,1891.0,1968.0,Wikipedia,True,1
1188,"Warfield, Catherine A. (Catherine Ann)",Catherine Ann Warfield,female,American,1816.0,1877.0,Wikipedia,True,1
1189,"Bernays, Edward L. ",Edward L. Bernays,male,American,1891.0,1995.0,OpenLibrary,True,1
1190," Kingsley, Walter J. ",Walter J. Kingsley,,American,,1929.0,"Wikipedia, Wikidata",True,1
1191," Hoffenstein, Samuel ",Samuel Hoffenstein,male,"Russian, American",1889.0,1947.0,"Wikipedia, OpenLibrary",True,1
1192," Pemberton, Murdock",Murdock Pemberton,male,,1888.0,1982.0,"OpenLibrary, Wikidata",True,1
1193,"Coppée, Henry",Henry Coppée,male,American,1821.0,1895.0,Wikipedia,True,1
1194,"Swinnerton, Frank",Frank Swinnerton,male,English,1884.0,1982.0,"Wikipedia, OpenLibrary, Wikidata",True,1
1195,"Gordon, Hanford Lennox",Hanford Lennox Gordon,male,United States,1836.0,1920.0,"OpenLibrary, Wikidata",True,1
1196,"Beede, Clara Frances McKee",Clara Frances McKee Beede,,,,,,False,1
1197,"Holland, J. G. (Josiah Gilbert)",Josiah Gilbert Holland,male,American,1819.0,1881.0,"Wikipedia, Wikidata",True,1
1198,"Conquest, Joan",Joan Conquest,female,United Kingdom,1883.0,1941.0,Wikidata,True,1
1199,"Adams, Frederick Upham",Frederick Upham Adams,male,American,1859.0,1921.0,Wikipedia,True,1
1200,"Falconer, Lanoe",Lanoe Falconer,female,United Kingdom of Great Britain and Ireland,1848.0,1908.0,"OpenLibrary, Wikidata",True,1
1201,"Du Bois, W. E. B. (William Edward Burghardt)",William Edward Burghardt Du Bois,female,American,1868.0,1963.0,"Wikipedia, OpenLibrary",True,1
1202,"Miles, George H. (George Henry)",George Henry Miles,male,American,1824.0,1871.0,"Wikipedia, OpenLibrary, Wikidata",True,1
1203,"Alden, Raymond MacDonald ",Raymond MacDonald Alden,,,1873.0,1924.0,OpenLibrary,True,1
1204," McFadden, Elizabeth A. (Elizabeth Apthorp)",Elizabeth Apthorp McFadden,,,1875.0,,OpenLibrary,True,1
1205,"Beale, Anne",Anne Beale,female,English,1816.0,1900.0,Wikipedia,True,1
1206,"Tuckerman, Bayard",Bayard Tuckerman,male,United States,1855.0,1923.0,"OpenLibrary, Wikidata",True,1
1207,"Johnston, Harry",Harry Johnston,male,United Kingdom of Great Britain and Ireland,1858.0,1927.0,"OpenLibrary, Wikidata",True,1
1208,"Doubleday, W. E. (William Elliott)",William Elliott Doubleday,male,"United Kingdom, United Kingdom of Great Britain and Ireland",1865.0,1959.0,"OpenLibrary, Wikidata",True,1
1209,"Hitchcock, Mary",Mary Hitchcock,female,United States,1943.0,1920.0,"OpenLibrary, Wikidata",True,1
1210,"Abercrombie, Lascelles",Lascelles Abercrombie,male,"British, English",1881.0,1938.0,Wikipedia,True,1
1211,"Welsh, James C.",James C. Welsh,male,"Scottish, Welsh",1880.0,1954.0,"Wikipedia, OpenLibrary",True,1
1212,"Tarkington, Booth ",Booth Tarkington,male,American,1869.0,1946.0,Wikipedia,True,1
1213," Wilson, Harry Leon",Harry Leon Wilson,male,American,1867.0,1939.0,"Wikipedia, OpenLibrary",True,1
1214,"Adams, J. S., Mrs.","J. S., Adams",female,,,,OpenLibrary,True,1
1215,"Holley, Horace",Horace Holley,male,United States,1887.0,1960.0,"OpenLibrary, Wikidata",True,1
1216,"Kunz, George Frederick",George Frederick Kunz,male,United States,1856.0,1932.0,"OpenLibrary, Wikidata",True,1
1217,"Wagner, Madge Morris",Madge Morris Wagner,female,American,1862.0,1924.0,"Wikipedia, OpenLibrary",True,1
1218,"Reeve, Arthur B. (Arthur Benjamin) ",Arthur Benjamin Reeve,male,American,1880.0,1936.0,Wikipedia,True,1
1219," Grey, John W.",John W. Grey,male,American,1885.0,1964.0,"Wikipedia, Wikidata",True,1
1220,"Godwin, William",William Godwin,male,English,1756.0,1836.0,Wikipedia,True,1
1221,"Broadhurst, George Howells ",George Howells Broadhurst,male,"American, Anglo-American",1866.0,1952.0,"Wikipedia, OpenLibrary",True,1
1222,"Miller, John",John Miller,male,British,1937.0,2022.0,"OpenLibrary, Wikidata",True,1
1223,"Pedler, Margaret",Margaret Pedler,female,British,1877.0,1948.0,"Wikipedia, Wikidata",True,1
1224,"Stoddart, Thomas Tod",Thomas Tod Stoddart,male,Scottish,1810.0,1880.0,"Wikipedia, OpenLibrary",True,1
1225,"Pickett, La Salle Corbell",La Salle Corbell Pickett,,American,1848.0,1931.0,"Wikipedia, OpenLibrary",True,1
1226,"Hagedorn, Hermann",Hermann Hagedorn,male,American,1882.0,1964.0,"Wikipedia, OpenLibrary, Wikidata",True,1
1227,"Moore, Arthur ",Arthur Moore,male,United Kingdom of Great Britain and Ireland,1666.0,1730.0,"OpenLibrary, Wikidata",True,1
1228," Dowson, Ernest Christopher",Ernest Christopher Dowson,male,English,1867.0,1900.0,Wikipedia,True,1
1229,"Ball, Margaret",Margaret Ball,female,Irish,1515.0,1584.0,Wikipedia,True,1
1230,"Egbert, H. M.",H. M. Egbert,male,"English, British",1879.0,1960.0,"Wikipedia, OpenLibrary",True,1
1231,"Marzials, Frank T. (Frank Thomas), Sir",Frank Thomas Marzials,male,"French, British",1840.0,1912.0,"Wikipedia, OpenLibrary",True,1
1232,"Murray, R. F. (Robert Fuller)",Robert Fuller Murray,male,American,1863.0,1893.0,Wikipedia,True,1
1233,"Evans, Caradoc",Caradoc Evans,male,Welsh,1879.0,1945.0,"Wikipedia, OpenLibrary, Wikidata",True,1
1234,"Allingham, William",William Allingham,male,Irish,1824.0,1889.0,"Wikipedia, OpenLibrary",True,1
1235,"Goodwin, C. C. (Charles Carroll)",Charles Carroll Goodwin,male,United States,1832.0,1917.0,Wikidata,True,1
1236,"Foley, James W. (James William)",James William Foley,male,American,1973.0,2014.0,Wikipedia,True,1
1237,"Von Hutten, Bettina",Bettina Von Hutten,female,"American, German",1874.0,1957.0,"Wikipedia, OpenLibrary",True,1
1238,"Cumming, R. D. (Robert Dalziel)",Robert Dalziel Cumming,,,1871.0,,OpenLibrary,True,1
1239,"Parker, Lottie Blair ",Lottie Blair Parker,female,American,1858.0,1937.0,Wikipedia,True,1
1240," Grismer, Joseph Rhode",Joseph Rhode Grismer,male,American,1849.0,1922.0,Wikipedia,True,1
1241,"Smith, Horace",Horace Smith,male,United States,1779.0,1849.0,"OpenLibrary, Wikidata",True,1
1242,"Earle, John",John Earle,male,Kingdom of England,1601.0,1665.0,"OpenLibrary, Wikidata",True,1
1243,"Viereck, George Sylvester",George Sylvester Viereck,male,"American, German",1884.0,1962.0,Wikipedia,True,1
1244,"Todhunter, John",John Todhunter,male,Irish,1839.0,1916.0,"Wikipedia, OpenLibrary, Wikidata",True,1
1245,"Alma-Tadema, Laurence",Laurence Alma-Tadema,male,British,1836.0,1912.0,Wikipedia,True,1
1246,"Rorie, David",David Rorie,male,,1867.0,1946.0,"Wikipedia, OpenLibrary",True,1
1247,"Bellinger, Martha Idell Fletcher",Martha Idell Fletcher Bellinger,,,1870.0,,OpenLibrary,True,1
1248,"Laughlin, Clara E. (Clara Elizabeth)",Clara Elizabeth Laughlin,female,American,1873.0,1941.0,Wikipedia,True,1
1249,"Campbell, John",John Campbell,male,United States,1910.0,1794.0,"OpenLibrary, Wikidata",True,1
1250,"Ross, Robert Baldwin",Robert Baldwin Ross,male,"Canada, United Kingdom",1869.0,1918.0,"OpenLibrary, Wikidata",True,1
1251,"Westcott, Edward Noyes",Edward Noyes Westcott,male,American,1846.0,1898.0,"Wikipedia, OpenLibrary, Wikidata",True,1
1252,Pansy ,Pansy,male,United States,1841.0,1930.0,"OpenLibrary, Wikidata",True,1
1253," Livingston, C. M., Mrs.","C. M., Livingston",female,,,,OpenLibrary,True,1
1254,"Austen-Leigh, James Edward",James Edward Austen-Leigh,female,,1799.0,1874.0,OpenLibrary,True,1
1255,"Warner, Susan ",Susan Warner,female,American,1819.0,1885.0,Wikipedia,True,1
1256," Warner, Anna Bartlett",Anna Bartlett Warner,female,American,1824.0,1915.0,"Wikipedia, OpenLibrary",True,1
1257,"Palgrave, Francis Turner",Francis Turner Palgrave,male,British,1824.0,1897.0,"Wikipedia, OpenLibrary, Wikidata",True,1
1258,"Ward, Wilfrid, Mrs.","Wilfrid, Ward",female,,1856.0,1916.0,OpenLibrary,True,1
1259,"Jerrold, Walter",Walter Jerrold,male,English,1865.0,1929.0,"Wikipedia, Wikidata",True,1
1260,"Aldrich, Mildred",Mildred Aldrich,female,"American, French",1853.0,1928.0,Wikipedia,True,1
1261,"Bowling, Edward Woodley",Edward Woodley Bowling,male,United Kingdom of Great Britain and Ireland,1837.0,1907.0,Wikidata,True,1
1262,"Silberrad, Una L.",Una L. Silberrad,female,British,1872.0,1955.0,Wikipedia,True,1
1263,"Hutton, Richard Holt",Richard Holt Hutton,male,English,1826.0,1897.0,"Wikipedia, OpenLibrary",True,1
1264,"Kingsley, Florence Morse ",Florence Morse Kingsley,female,American,1859.0,1937.0,"Wikipedia, OpenLibrary",True,1
1265," Freeman, Mary Eleanor Wilkins",Mary Eleanor Wilkins Freeman,female,American,1852.0,1930.0,Wikipedia,True,1
1266,"Mackay, Constance D'Arcy",Constance D'Arcy Mackay,female,American,1880.0,1966.0,"Wikipedia, Wikidata",True,1
1267,"Cleveland, Cecilia Pauline",Cecilia Pauline Cleveland,,,1850.0,,OpenLibrary,True,1
1268,"Bandelier, Adolph Francis Alphonse",Adolph Francis Alphonse Bandelier,male,"United States, Switzerland",1840.0,1914.0,"OpenLibrary, Wikidata",True,1
1269,"Harrison, Frederic",Frederic Harrison,male,"British, English",1831.0,1923.0,Wikipedia,True,1
1270,"Neilson, William Allan",William Allan Neilson,male,American,1869.0,1946.0,"Wikipedia, OpenLibrary",True,1
1271,"Abbott, Keene",Keene Abbott,male,,1876.0,1941.0,"OpenLibrary, Wikidata",True,1
1272,"Jordan, David Starr",David Starr Jordan,male,United States,1851.0,1931.0,"OpenLibrary, Wikidata",True,1
1273,"Murray, Roy Irving ",Roy Irving Murray,,,,,,False,1
1274," Andrews, Mary Raymond Shipman",Mary Raymond Shipman Andrews,female,American,1860.0,1936.0,Wikipedia,True,1
1275,"Sharp, Dallas Lore",Dallas Lore Sharp,male,American,1870.0,1929.0,"Wikipedia, Wikidata",True,1
1276,"Jacobs, W. W. (William Wymark) ",William Wymark Jacobs,male,English,1863.0,1943.0,Wikipedia,True,1
1277," Rock, Charles",Charles Rock,male,British,1866.0,1919.0,Wikipedia,True,1
1278,"Haney, John Louis",John Louis Haney,male,,1877.0,1960.0,"OpenLibrary, Wikidata",True,1
1279,"Wynne, Arnold",Arnold Wynne,,English,1880.0,,OpenLibrary,True,1
1280,"Reynolds, Katharine Yirsa",Katharine Yirsa Reynolds,,,1883.0,,OpenLibrary,True,1
1281,"Young, Edward",Edward Young,male,English,1683.0,1772.0,"Wikipedia, OpenLibrary, Wikidata",True,1
1282,"Venable, William Henry",William Henry Venable,male,American,1836.0,1920.0,"Wikipedia, OpenLibrary, Wikidata",True,1
1283,"Morison, James Cotter",James Cotter Morison,male,English,1832.0,1888.0,"Wikipedia, Wikidata",True,1
1284,"O'Reilly, John Boyle ",John Boyle O'Reilly,male,Irish,1844.0,1890.0,Wikipedia,True,1
1285," Grant, Robert ",Robert Grant,male,"Kingdom of Great Britain, United Kingdom of Great Britain and Ireland",1824.0,1900.0,"OpenLibrary, Wikidata",True,1
1286," Wheelwright, John T. (John Tyler) ",John Tyler Wheelwright,male,United States,1856.0,1925.0,"OpenLibrary, Wikidata",True,1
1287," Stimson, Frederic Jesup",Frederic Jesup Stimson,male,American,1855.0,1943.0,"Wikipedia, Wikidata",True,1
1288,"Marcin, Max",Max Marcin,male,"Polish, American",1879.0,1948.0,"Wikipedia, OpenLibrary",True,1
1289,"Gilbert, Rosa M. (Rosa Mulholland)",Rosa Mulholland Gilbert,female,Irish,1841.0,1921.0,Wikipedia,True,1
1290,"Foote, John Taintor",John Taintor Foote,male,American,1881.0,1950.0,"Wikipedia, OpenLibrary, Wikidata",True,1
1291,"Luther, Mark Lee",Mark Lee Luther,,,1872.0,,OpenLibrary,True,1
1292,"Train, Arthur Cheney ",Arthur Cheney Train,male,American,1875.0,1945.0,Wikipedia,True,1
1293," Wood, Robert Williams",Robert Williams Wood,male,United States,1868.0,1955.0,"OpenLibrary, Wikidata",True,1
1294,"Fitch, George Hamlin",George Hamlin Fitch,male,English,1852.0,1925.0,"OpenLibrary, Wikidata",True,1
1295,"Crosby, Ernest",Ernest Crosby,male,American,1856.0,1907.0,"Wikipedia, OpenLibrary, Wikidata",True,1
1296,"Strunsky, Simeon",Simeon Strunsky,male,"Russian, American",1879.0,1948.0,"Wikipedia, Wikidata",True,1
1297,"Oyen, Henry",Henry Oyen,male,United States,1883.0,1921.0,"OpenLibrary, Wikidata",True,1
1298,"Lawson, Alfred W. (Alfred William)",Alfred William Lawson,male,English,1869.0,1954.0,Wikipedia,True,1
1299,"Lounsbury, Thomas Raynesford",Thomas Raynesford Lounsbury,male,American,1838.0,1915.0,Wikipedia,True,1
1300,"Hall, Angelo",Angelo Hall,male,American,1983.0,1922.0,"Wikipedia, Wikidata",True,1
1301,"Disraeli, Benjamin, Earl of Beaconsfield","Benjamin, Earl of Beaconsfield Disraeli",male,British,1874.0,1880.0,Wikipedia,True,1
1302,"Fowler, Ellen Thorneycroft",Ellen Thorneycroft Fowler,female,English,1860.0,1929.0,Wikipedia,True,1
1303,"Hayward, Rachel",Rachel Hayward,female,Canadian,1965.0,,Wikipedia,True,1
1304,"Henry, Stuart Oliver",Stuart Oliver Henry,,French,,,OpenLibrary,True,1
1305,"Comfort, Will Levington ",Will Levington Comfort,male,American,1878.0,1932.0,Wikipedia,True,1
1306, Zamin Ki Dost,Zamin Ki Dost,female,American,1866.0,1947.0,"Wikipedia, OpenLibrary",True,1
1307,"Thompson, Charles Miner",Charles Miner Thompson,male,United States,1864.0,1941.0,"OpenLibrary, Wikidata",True,1
1308,"Hemenway, Hetty",Hetty Hemenway,,,1890.0,1961.0,OpenLibrary,True,1
1309,"Appleton, Everard Jack",Everard Jack Appleton,male,,1872.0,1931.0,"OpenLibrary, Wikidata",True,1
1310,"Hornblow, Arthur",Arthur Hornblow,,,1865.0,1942.0,OpenLibrary,True,1
1311,"Mayne, Rutherford",Rutherford Mayne,male,"British, Irish, American",1818.0,1883.0,Wikipedia,True,1
1312,"Osborne, Duffield",Duffield Osborne,male,American,1858.0,1917.0,"Wikipedia, Wikidata",True,1
1313,"Sheehan, Patrick Augustine",Patrick Augustine Sheehan,male,Irish,1852.0,1913.0,"Wikipedia, OpenLibrary",True,1
1314,"Lee, Gerald Stanley",Gerald Stanley Lee,male,American,1862.0,1944.0,Wikipedia,True,1
1315,Dum-Dum,Dum-Dum,male,Brazil,1869.0,1952.0,"OpenLibrary, Wikidata",True,1
1316,"Garrison, Theodosia Pickering",Theodosia Pickering Garrison,female,American,1874.0,1944.0,"Wikipedia, Wikidata",True,1
1317,"Brooke, Caris ",Caris Brooke,female,American,1977.0,1899.0,"Wikipedia, Wikidata",True,1
1318,"Sidgwick, Frank",Frank Sidgwick,male,,1879.0,1939.0,Wikidata,True,1
1319,"Blyth, James",James Blyth,male,United Kingdom of Great Britain and Ireland,1864.0,1933.0,"OpenLibrary, Wikidata",True,1
1320,"Rees, Arthur J. (Arthur John)",Arthur John Rees,male,Australian,1872.0,1942.0,"Wikipedia, OpenLibrary, Wikidata",True,1
1321,"Peterson, Henry",Henry Peterson,male,United States,1818.0,1891.0,"OpenLibrary, Wikidata",True,1
1322,"Meredith, Ellis",Ellis Meredith,female,American,1865.0,1955.0,"Wikipedia, Wikidata",True,1
1323,"Field, Roswell Martin",Roswell Martin Field,male,United States,1851.0,1919.0,"OpenLibrary, Wikidata",True,1
1324," Browning, Elizabeth Barrett ",Elizabeth Barrett Browning,female,English,1806.0,1861.0,Wikipedia,True,1
1325," Eliot, George ",George Eliot,female,English,1819.0,1880.0,Wikipedia,True,1
1326," Shelley, Percy Bysshe",Percy Bysshe Shelley,male,"English, American",1792.0,1822.0,Wikipedia,True,1
1327,"Goldsmith, Milton",Milton Goldsmith,male,American,1861.0,1957.0,"Wikipedia, OpenLibrary, Wikidata",True,1
1328,"Sheckley, Robert",Robert Sheckley,male,American,1928.0,2005.0,"Wikipedia, OpenLibrary",True,1
1329,"Binns, Ottwell",Ottwell Binns,male,British,1872.0,1935.0,"Wikipedia, OpenLibrary, Wikidata",True,1
1330,"Gray, John",John Gray,male,American,1951.0,1875.0,"OpenLibrary, Wikidata",True,1
1331,"Lockwood, Frank, Sir","Frank, Lockwood",male,,1864.0,1948.0,OpenLibrary,True,1
1332,"Mayne, Ethel Colburn",Ethel Colburn Mayne,female,Irish,1865.0,1941.0,"Wikipedia, OpenLibrary, Wikidata",True,1
1333,"Ker, W. P. (William Paton)",William Paton Ker,male,United Kingdom of Great Britain and Ireland,1855.0,1923.0,"OpenLibrary, Wikidata",True,1
1334,"Shairp, John Campbell",John Campbell Shairp,male,United Kingdom of Great Britain and Ireland,1819.0,1885.0,"OpenLibrary, Wikidata",True,1
1335,"Kent, Charles",Charles Kent,male,"United States, United Kingdom of Great Britain and Ireland",1857.0,1929.0,"OpenLibrary, Wikidata",True,1
1336," Kendall, May",May Kendall,female,English,1861.0,1943.0,"Wikipedia, OpenLibrary, Wikidata",True,1
1337,"Ashford, Daisy",Daisy Ashford,female,English,1881.0,1972.0,"Wikipedia, OpenLibrary",True,1
1338,"FitzGerald, Edward",Edward FitzGerald,male,English,1809.0,1883.0,Wikipedia,True,1
1339,"McCarthy, Justin",Justin McCarthy,male,United States,1830.0,1912.0,"OpenLibrary, Wikidata",True,1
1340,"Moorhouse, Herbert Joseph",Herbert Joseph Moorhouse,male,,1882.0,,OpenLibrary,True,1
1341,"Goodwin, Maud Wilder",Maud Wilder Goodwin,female,American,1856.0,1935.0,"Wikipedia, OpenLibrary, Wikidata",True,1
1342,"Ballantyne, R. M. (Robert Michael)",Robert Michael Ballantyne,male,Scottish,1825.0,1894.0,Wikipedia,True,1
1343,"Beeching, H. C. (Henry Charles)",Henry Charles Beeching,male,"English, British",1859.0,1919.0,"Wikipedia, Wikidata",True,1
1344,"Ambient, Mark",Mark Ambient,male,English,1860.0,1937.0,"Wikipedia, OpenLibrary, Wikidata",True,1
1345,"Caird, Mona",Mona Caird,female,English,1854.0,1932.0,Wikipedia,True,1
1346,"Barbour, A. Maynard (Anna Maynard)",Anna Maynard Barbour,female,American,1801.0,1941.0,"Wikipedia, Wikidata",True,1
1347,"Cornell, Fred C. (Frederick Carruthers)",Frederick Carruthers Cornell,male,English,1867.0,1921.0,"Wikipedia, Wikidata",True,1
1348,"Bailey, John Cann",John Cann Bailey,male,,1864.0,1931.0,OpenLibrary,True,1
1349,"Bronson, Edgar Beecher",Edgar Beecher Bronson,male,American,1856.0,1917.0,Wikipedia,True,1
1350,"Hopkins, Gerard Manley",Gerard Manley Hopkins,male,English,1844.0,1889.0,Wikipedia,True,1
1351,"Wilson, John Dover",John Dover Wilson,male,"British, English",1881.0,1969.0,"Wikipedia, OpenLibrary",True,1
1352,"Quigg, Lemuel Ely",Lemuel Ely Quigg,male,United States,1863.0,1919.0,"OpenLibrary, Wikidata",True,1
1353,"Custance, Olive",Olive Custance,female,English,1874.0,1944.0,Wikipedia,True,1
1354,"Runciman, Walter Runciman, Baron","Walter Runciman, Runciman",male,"British, English",1903.0,2000.0,Wikipedia,True,1
1355,"Lampman, Archibald",Archibald Lampman,male,"Canadian, English",1861.0,1899.0,"Wikipedia, OpenLibrary",True,1
1356,"Mukerji, Dhan Gopal",Dhan Gopal Mukerji,male,American,1890.0,1936.0,"Wikipedia, OpenLibrary",True,1
1357,"Fenollosa, Mary McNeil",Mary McNeil Fenollosa,female,American,1865.0,1954.0,Wikipedia,True,1
1358,"Weinbaum, Stanley G. (Stanley Grauman)",Stanley Grauman Weinbaum,male,American,1902.0,1935.0,Wikipedia,True,1
1359,"Romero, George A.",George A. Romero,male,"American, Canadian",1940.0,2017.0,Wikipedia,True,1
1360,"Trowbridge, J. T. (John Townsend)",John Townsend Trowbridge,male,American,1827.0,1916.0,"Wikipedia, Wikidata",True,1
1361,"Stoddard, Lorimer",Lorimer Stoddard,male,United States,1864.0,1901.0,"OpenLibrary, Wikidata",True,1
1362,"Hayes, Augustus Allen",Augustus Allen Hayes,male,United States,1837.0,1892.0,"OpenLibrary, Wikidata",True,1
1363,"Young, Egerton Ryerson",Egerton Ryerson Young,male,Canadian,1840.0,1909.0,"Wikipedia, Wikidata",True,1
1364,"Young, Rose E. (Rose Emmet)",Rose Emmet Young,female,American,1869.0,1941.0,"Wikipedia, OpenLibrary, Wikidata",True,1
1365,"Taylor, Rachel Annand",Rachel Annand Taylor,male,Scottish,1876.0,1960.0,"Wikipedia, OpenLibrary, Wikidata",True,1
1366,"Fox, Frances Barton",Frances Barton Fox,,,1887.0,,OpenLibrary,True,1
1367,"Havens, Munson Aldrich",Munson Aldrich Havens,male,,1873.0,1942.0,"OpenLibrary, Wikidata",True,1
1368,"Dos Passos, John",John Dos Passos,male,American,1896.0,1970.0,Wikipedia,True,1
1369,"Cobb, Irvin S. (Irvin Shrewsbury) ",Irvin Shrewsbury Cobb,male,American,1876.0,1944.0,Wikipedia,True,1
1370," Rinehart, Mary Roberts",Mary Roberts Rinehart,female,American,1876.0,1958.0,Wikipedia,True,1
1371,"Keats, John",John Keats,male,English,1795.0,1821.0,Wikipedia,True,1
1372,"Fea, Samuel",Samuel Fea,,Irish,1872.0,1943.0,OpenLibrary,True,1
1373,"Purdon, K. F. (Katherine Frances)",Katherine Frances Purdon,female,Irish,1852.0,1920.0,"Wikipedia, OpenLibrary, Wikidata",True,1
1374,"Beeckman, Ross",Ross Beeckman,female,American,1865.0,1922.0,"Wikipedia, OpenLibrary",True,1
1375,"Drummond, Hamilton",Hamilton Drummond,male,Irish,1857.0,1935.0,"Wikipedia, OpenLibrary, Wikidata",True,1
1376,"Ficke, Arthur Davison",Arthur Davison Ficke,male,American,1883.0,1945.0,Wikipedia,True,1
1377,"Miller, Henry Russell",Henry Russell Miller,male,,1880.0,1955.0,OpenLibrary,True,1
1378,"Chant, Joseph Horatio",Joseph Horatio Chant,,,1837.0,1928.0,OpenLibrary,True,1
1379,"Collier, Ada Langworthy",Ada Langworthy Collier,female,American,1843.0,1919.0,Wikipedia,True,1
1380,"Coursey, O. W. (Oscar William)",Oscar William Coursey,,,1873.0,1946.0,OpenLibrary,True,1
1381,"Reeves, Ira L. (Ira Louis)",Ira Louis Reeves,male,American,1923.0,1964.0,Wikipedia,True,1
1382,"Phillips, Stephen",Stephen Phillips,male,English,1868.0,1915.0,"Wikipedia, OpenLibrary",True,1
1383,"De la Roche, Mazo",Mazo De la Roche,female,Canadian,1879.0,1961.0,Wikipedia,True,1
1384,"Victor, Metta Victoria Fuller",Metta Victoria Fuller Victor,female,American,1831.0,1885.0,"Wikipedia, OpenLibrary",True,1
1385,"Tomlinson, H. M. (Henry Major)",Henry Major Tomlinson,male,British,1873.0,1958.0,Wikipedia,True,1
1386,"Robertson, J. M. (John Mackinnon)",John Mackinnon Robertson,male,United Kingdom,1856.0,1933.0,"OpenLibrary, Wikidata",True,1
1387,"Banks, William",William Banks,male,United States,1949.0,1879.0,"OpenLibrary, Wikidata",True,1
1388,"Lucy, Henry W. (Henry William), Sir",Henry William Lucy,male,English,1842.0,1924.0,Wikipedia,True,1
1389,"Browning, Elizabeth Barrett",Elizabeth Barrett Browning,female,English,1806.0,1861.0,Wikipedia,True,1
1390,Rita,Rita,female,Israel,1954.0,,"OpenLibrary, Wikidata",True,1
1391,"Ashford, Angela ",Angela Ashford,female,,1881.0,1972.0,OpenLibrary,True,1
1392," Ashford, Daisy",Daisy Ashford,female,English,1881.0,1972.0,"Wikipedia, OpenLibrary",True,1
1393,"Fisher, Frederick Vining",Frederick Vining Fisher,,,1866.0,,OpenLibrary,True,1
1394,"Burns, Robert",Robert Burns,male,"Scottish, English",1759.0,1796.0,Wikipedia,True,1
1395,"Scott, G. Firth",G. Firth Scott,male,"Scottish, Australian",1862.0,1935.0,"Wikipedia, Wikidata",True,1
1396,"Brooks, Virginia",Virginia Brooks,female,United States,1886.0,1929.0,"OpenLibrary, Wikidata",True,1
1397,"Robinson, A. Mary F. (Agnes Mary Frances)",Agnes Mary Frances Robinson,female,French,1857.0,1944.0,Wikipedia,True,1
1398,"Brown, George Douglas",George Douglas Brown,male,Scottish,1869.0,1902.0,Wikipedia,True,1
1399,"Fitzgerald, Percy ",Percy Fitzgerald,,,1834.0,1925.0,OpenLibrary,True,1
1400,"Castle, Egerton",Egerton Castle,male,British,1858.0,1920.0,"Wikipedia, OpenLibrary",True,1
1401,"Dodge, Henry Irving",Henry Irving Dodge,male,American,1861.0,1934.0,"Wikipedia, OpenLibrary",True,1
1402,"Jones, Raymond F.",Raymond F. Jones,male,American,1915.0,1994.0,"Wikipedia, OpenLibrary",True,1
1403,"Smith, Mabell S. C. (Mabell Shippie Clarke)",Mabell Shippie Clarke Smith,female,,1864.0,1942.0,"OpenLibrary, Wikidata",True,1
1404,"Reynolds, Stephen Sydney",Stephen Sydney Reynolds,male,English,1881.0,1919.0,"Wikipedia, OpenLibrary, Wikidata",True,1
1405,"Yeats, W. B. (William Butler) ",William Butler Yeats,male,Irish,1865.0,1939.0,OpenLibrary,True,1
1406," Gregory, Lady",Gregory,female,,1954.0,,OpenLibrary,True,1
1407,"Jameson, Mrs. (Anna)",Anna Jameson,female,"Irish, English, Anglo-Irish",1794.0,1860.0,Wikipedia,True,1
1408,"Shirley, Arthur",Arthur Shirley,male,Australian,1853.0,1925.0,"Wikipedia, OpenLibrary",True,1
1409,"Hewett-Thayer, Harvey W. (Harvey Waterman)",Harvey Waterman Hewett-Thayer,,,1873.0,,OpenLibrary,True,1
1410,"Barrett, James Francis",James Francis Barrett,male,,1888.0,1934.0,"OpenLibrary, Wikidata",True,1
1411,"Little, Mary Wallace Bundy",Mary Wallace Bundy Little,female,,1857.0,,"OpenLibrary, Wikidata",True,1
1412,"Dodge, Louis",Louis Dodge,male,United States,1870.0,1952.0,"OpenLibrary, Wikidata",True,1
1413,"Cromie, Robert",Robert Cromie,male,Irish,1855.0,1907.0,Wikipedia,True,1
1414,"Scheffauer, Herman George",Herman George Scheffauer,male,"American, German",1876.0,1927.0,"Wikipedia, Wikidata",True,1
1415,"Smith, F. Berkeley (Frank Berkeley)",Frank Berkeley Smith,female,,1869.0,1931.0,"OpenLibrary, Wikidata",True,1
1416,"Hapgood, Hutchins",Hutchins Hapgood,male,American,1904.0,1982.0,"Wikipedia, Wikidata",True,1
1417,"Bird, Frederic Mayer",Frederic Mayer Bird,male,American,1838.0,1908.0,Wikipedia,True,1
1418,"Nicoll, Maurice",Maurice Nicoll,male,Scottish,1884.0,1953.0,Wikipedia,True,1
1419,"Ranck, Edwin Carty",Edwin Carty Ranck,male,,1879.0,,"OpenLibrary, Wikidata",True,1
1420,"Chubb, Edwin Watts",Edwin Watts Chubb,male,,1865.0,1959.0,"OpenLibrary, Wikidata",True,1
1421,"Rand, Theodore H. (Theodore Harding)",Theodore Harding Rand,male,Canadian,1835.0,1900.0,"Wikipedia, Wikidata",True,1
1422,"Bynner, Witter ",Witter Bynner,male,American,1881.0,1968.0,Wikipedia,True,1
1423," Ficke, Arthur Davison",Arthur Davison Ficke,male,American,1883.0,1945.0,Wikipedia,True,1
1424,"Ellis, James Tandy",James Tandy Ellis,female,,1868.0,1943.0,"OpenLibrary, Wikidata",True,1
1425,"Combs, Josiah Henry ",Josiah Henry Combs,male,,1886.0,1960.0,"OpenLibrary, Wikidata",True,1
1426," Shearin, Hubert G. (Hubert Gibson)",Hubert Gibson Shearin,,,1878.0,,OpenLibrary,True,1
1427,"Giltner, Leigh Gordon",Leigh Gordon Giltner,female,United States,1875.0,1940.0,"OpenLibrary, Wikidata",True,1
1428,"Mayor, F. M. (Flora Macdonald)",Flora Macdonald Mayor,female,"United Kingdom, United Kingdom of Great Britain and Ireland",1872.0,1932.0,"OpenLibrary, Wikidata",True,1
1429,"Talley, Thomas Washington",Thomas Washington Talley,male,United States,1870.0,1952.0,Wikidata,True,1
1430,"Eddy, Mary Baker",Mary Baker Eddy,female,American,1821.0,1910.0,Wikipedia,True,1
1431,"Pease, Howard",Howard Pease,male,American,1894.0,1974.0,"Wikipedia, OpenLibrary",True,1
1432,"Bassett, Sara Ware",Sara Ware Bassett,female,American,1872.0,1968.0,"Wikipedia, OpenLibrary, Wikidata",True,1
1433,"Smith, Francis Asbury",Francis Asbury Smith,male,United States,1837.0,1915.0,"OpenLibrary, Wikidata",True,1
1434,"Chase, Mary Ellen",Mary Ellen Chase,female,American,1887.0,1973.0,"Wikipedia, OpenLibrary",True,1
1435,"Jeffrey, Rosa Vertner",Rosa Vertner Jeffrey,female,American,1828.0,1894.0,Wikipedia,True,1
1436,"MacKaye, Harold Steele",Harold Steele MacKaye,male,American,1879.0,1975.0,Wikipedia,True,1
1437,"Jones, Thomas S. (Thomas Samuel)",Thomas Samuel Jones,,,1882.0,1932.0,OpenLibrary,True,1
1438,"Pinney, Laura Ann Young",Laura Ann Young Pinney,female,United States,1849.0,1943.0,"OpenLibrary, Wikidata",True,1
1439,"Bynner, Witter",Witter Bynner,male,American,1881.0,1968.0,Wikipedia,True,1
1440,"Roberts, Elizabeth Madox",Elizabeth Madox Roberts,female,American,1881.0,1941.0,"Wikipedia, OpenLibrary",True,1
1441,Bill o'th' Hoylus End,Bill o'th' Hoylus End,,,,,,False,1
1442,"Wildman, Rounsevelle",Rounsevelle Wildman,male,American,1864.0,1901.0,"Wikipedia, Wikidata",True,1
1443,"Buchanan, Thompson",Thompson Buchanan,male,American,1877.0,1937.0,"Wikipedia, OpenLibrary",True,1
1444,"Curtis, Wardon Allan",Wardon Allan Curtis,male,American,1867.0,1940.0,"Wikipedia, OpenLibrary",True,1
1445,"Smith, John Talbot",John Talbot Smith,male,,1855.0,1923.0,"OpenLibrary, Wikidata",True,1
1446,"Munsey, Frank Andrew",Frank Andrew Munsey,male,American,1854.0,1925.0,Wikipedia,True,1
1447,"Hobbes, John Oliver",John Oliver Hobbes,female,"American, Anglo-American",1867.0,1906.0,Wikipedia,True,1
1448,"Harriman, Alice",Alice Harriman,female,American,1861.0,1925.0,"Wikipedia, OpenLibrary",True,1
1449,"Thorne, Jack",Jack Thorne,male,British,1978.0,,"Wikipedia, OpenLibrary, Wikidata",True,1
1450,"Fitch, Clyde",Clyde Fitch,male,American,1865.0,1909.0,Wikipedia,True,1
1451,"Trumbull, Annie Eliot",Annie Eliot Trumbull,female,American,1857.0,1949.0,"Wikipedia, Wikidata",True,1
1452,"Bryant, Marguerite",Marguerite Bryant,female,United Kingdom of Great Britain and Ireland,1870.0,1962.0,"OpenLibrary, Wikidata",True,1
1453,"Lane, Elinor Macartney",Elinor Macartney Lane,female,American,1864.0,1909.0,Wikipedia,True,1
1454,"Irwin, Will",Will Irwin,male,American,1873.0,1948.0,"Wikipedia, OpenLibrary, Wikidata",True,1
1455,"Raymond, Evelyn",Evelyn Raymond,female,United States,1843.0,1998.0,"OpenLibrary, Wikidata",True,1
1456,"Shea, Robert",Robert Shea,male,"American, British",1934.0,1994.0,"Wikipedia, OpenLibrary, Wikidata",True,1
1457,"Turley, Charles",Charles Turley,male,American,1868.0,1940.0,"Wikipedia, Wikidata",True,1
1458,H. D. (Hilda Doolittle),Hilda Doolittle,female,American,1886.0,1961.0,OpenLibrary,True,1
1459,"Bigelow, Jacob",Jacob Bigelow,male,American,1787.0,1879.0,Wikipedia,True,1
1460,"Worts, George F. (George Frank)",George Frank Worts,male,American,1836.0,1854.0,Wikipedia,True,1
1461,"Moody, William Vaughn",William Vaughn Moody,male,American,1869.0,1910.0,Wikipedia,True,1
1462,"Johnson, Jesse",Jesse Johnson,male,American,1982.0,,Wikipedia,True,1
1463,"Fothergill, Jessie",Jessie Fothergill,female,English,1851.0,1891.0,"Wikipedia, OpenLibrary",True,1
1464,"Luce, Nancy",Nancy Luce,female,American,1814.0,1890.0,"Wikipedia, OpenLibrary, Wikidata",True,1
1465,"Spearman, Frank H. (Frank Hamilton)",Frank Hamilton Spearman,male,American,1859.0,1937.0,"Wikipedia, OpenLibrary, Wikidata",True,1
1466,"Lynch, Lawrence L.",Lawrence L. Lynch,female,American,1853.0,1914.0,"Wikipedia, Wikidata",True,1
1467,"Cook, Eliza",Eliza Cook,female,English,1818.0,1889.0,Wikipedia,True,1
1468,"Libbey, Laura Jean",Laura Jean Libbey,female,American,1862.0,1924.0,"Wikipedia, OpenLibrary, Wikidata",True,1
1469,"Froude, James Anthony",James Anthony Froude,male,English,1818.0,1894.0,Wikipedia,True,1
1470,"Schachner, Nathan",Nathan Schachner,,American,1895.0,1955.0,Wikipedia,True,1
1471,"Brailsford, Henry Noel",Henry Noel Brailsford,male,English,1873.0,1958.0,Wikipedia,True,1
1472,"Taylor, Bert Leston",Bert Leston Taylor,male,American,1866.0,1921.0,"Wikipedia, OpenLibrary, Wikidata",True,1
1473,"McReynolds, Robert",Robert McReynolds,,,,1928.0,OpenLibrary,True,1
1474,"Riley, James Whitcomb ",James Whitcomb Riley,male,American,1849.0,1916.0,Wikipedia,True,1
1475," Nye, Bill",Bill Nye,male,American,1955.0,1999.0,Wikipedia,True,1
1476,"Barclay, Hubert, Mrs.","Hubert, Barclay",female,American,,,Wikipedia,True,1
1477,"Smith, David Nichol",David Nichol Smith,male,"United Kingdom, United Kingdom of Great Britain and Ireland",1875.0,1962.0,"OpenLibrary, Wikidata",True,1
1478,"Stocking, Charles Francis",Charles Francis Stocking,,,1873.0,,OpenLibrary,True,1
1479,"Whitaker, Evelyn",Evelyn Whitaker,female,English,1844.0,1929.0,Wikipedia,True,1
1480,"de Esque, Jean",Jean de Esque,male,American,1879.0,1956.0,Wikipedia,True,1
1481,"Brontë, Charlotte",Charlotte Brontë,female,English,1816.0,1855.0,Wikipedia,True,1
1482,"Vicary, John Fulford",John Fulford Vicary,male,British,,1837.0,Wikipedia,True,1
1483,"Pinkerton, Allan",Allan Pinkerton,male,"United States, United Kingdom of Great Britain and Ireland",1819.0,1884.0,"OpenLibrary, Wikidata",True,1
1484,"Lovecraft, H. P. (Howard Phillips)",Howard Phillips Lovecraft,male,American,1890.0,1937.0,Wikipedia,True,1
1485,"Whiting, Lilian",Lilian Whiting,female,American,1880.0,1890.0,Wikipedia,True,1
1486,"Phillips, Rog",Rog Phillips,male,American,1909.0,1965.0,"Wikipedia, OpenLibrary",True,1
1487,"Setoun, Gabriel",Gabriel Setoun,male,Scottish,1861.0,1930.0,"Wikipedia, OpenLibrary",True,1
1488,"Seccombe, Thomas",Thomas Seccombe,male,English,1866.0,1923.0,Wikipedia,True,1
1489,"Legler, Henry Eduard",Henry Eduard Legler,male,"American, Italian",1861.0,1917.0,"Wikipedia, OpenLibrary",True,1
1490,"Coward, Noel",Noel Coward,male,English,1899.0,1973.0,Wikipedia,True,1
1491,"Bump, Charles Weathers",Charles Weathers Bump,,,1872.0,1908.0,OpenLibrary,True,1
1492,"Smith, James Edgar ",James Edgar Smith,,,1864.0,,OpenLibrary,True,1
1493," Hawthorne, Nathaniel",Nathaniel Hawthorne,male,American,1804.0,1864.0,Wikipedia,True,1
1494,"Bell, Clive",Clive Bell,male,"United Kingdom, United Kingdom of Great Britain and Ireland",1881.0,1964.0,"OpenLibrary, Wikidata",True,1
1495,"Hughes, William R. (William Richard)",William Richard Hughes,male,,1830.0,1899.0,"OpenLibrary, Wikidata",True,1
1496,"London, Jack ",Jack London,male,American,1876.0,1916.0,Wikipedia,True,1
1497," Walling, Anna Strunsky",Anna Strunsky Walling,female,"American, Russian, English",1877.0,1964.0,Wikipedia,True,1
1498,"Brown, Paul Cameron",Paul Cameron Brown,,,1948.0,,OpenLibrary,True,1
1499,"Bone, David W. (David William)",David William Bone,male,"Scottish, British",1874.0,1959.0,Wikipedia,True,1
1500,"Marquis, Thomas Guthrie",Thomas Guthrie Marquis,male,Canada,1864.0,1936.0,"OpenLibrary, Wikidata",True,1
1501,"Preston, Jack",Jack Preston,male,,1888.0,1966.0,"OpenLibrary, Wikidata",True,1
1502,"Smith, Evelyn E.",Evelyn E. Smith,female,American,1922.0,2000.0,"Wikipedia, OpenLibrary, Wikidata",True,1
1503,"Watson, Robert",Robert Watson,male,United Kingdom,1882.0,1948.0,"OpenLibrary, Wikidata",True,1
1504,"Irvine, Alexander",Alexander Irvine,female,United States,1969.0,,"OpenLibrary, Wikidata",True,1
1505,"McElroy, John",John McElroy,male,United States,1846.0,1929.0,"OpenLibrary, Wikidata",True,1
1506,"Blossom, Henry",Henry Blossom,male,American,1866.0,1919.0,"Wikipedia, OpenLibrary",True,1
1507,"Stokes, Winston ",Winston Stokes,male,British,1874.0,1965.0,Wikipedia,True,1
1508," Longfellow, Henry Wadsworth",Henry Wadsworth Longfellow,male,American,1807.0,1882.0,Wikipedia,True,1
1509,"Marks, Winston K. (Winston Kinney)",Winston Kinney Marks,,United States,1915.0,1979.0,Wikidata,True,1
1510,"Risley, R. V. (Richard Voorhees)",Richard Voorhees Risley,male,United States,1874.0,1904.0,"OpenLibrary, Wikidata",True,1
1511,"Hill, Frederick Trevor",Frederick Trevor Hill,male,United States,1866.0,1930.0,"OpenLibrary, Wikidata",True,1
1512,"Stearns, Charles A.",Charles A. Stearns,male,,,,Wikidata,True,1
1513,"Ritchie, David G. (David George), Mrs.",David George Ritchie,female,United Kingdom of Great Britain and Ireland,1853.0,1903.0,"OpenLibrary, Wikidata",True,1
1514,"Marquis, Reina Melcher",Reina Melcher Marquis,male,American,1881.0,1923.0,"Wikipedia, OpenLibrary, Wikidata",True,1
1515,"Erskine, Payne",Payne Erskine,female,American,1854.0,1924.0,"Wikipedia, OpenLibrary",True,1
1516,"Wright, Farnsworth",Farnsworth Wright,male,American,1888.0,1940.0,"Wikipedia, Wikidata",True,1
1517,"Marsh, George",George Marsh,male,United Kingdom,1876.0,1945.0,"OpenLibrary, Wikidata",True,1
1518,"Counselman, Mary Elizabeth",Mary Elizabeth Counselman,female,American,1911.0,1995.0,"Wikipedia, OpenLibrary, Wikidata",True,1
1519,"Raplee, Elizabeth Virginia",Elizabeth Virginia Raplee,female,United States,1900.0,1982.0,Wikidata,True,1
1520,"Butz, C. A.",C. A. Butz,male,,,,Wikidata,True,1
1521,"Palmer, Ray",Ray Palmer,male,American,1808.0,1887.0,"Wikipedia, OpenLibrary, Wikidata",True,1
1522,"Macpherson, Hector",Hector Macpherson,male,Scottish,1888.0,1956.0,"OpenLibrary, Wikidata",True,1
1523,"Compton, Paul",Paul Compton,male,English,1961.0,,Wikipedia,True,1
1524,"Sigerson, George ",George Sigerson,male,Irish,1836.0,1925.0,Wikipedia,True,1
1525," Hyde, Douglas ",Douglas Hyde,male,Irish,1860.0,1949.0,"OpenLibrary, Wikidata",True,1
1526," Duffy, Charles Gavan, Sir","Charles Gavan, Duffy",male,Irish,,,Wikipedia,True,1
1527,"Rhodes, W. H. (William Henry)",William Henry Rhodes,male,American,1822.0,1876.0,"Wikipedia, OpenLibrary",True,1
1528,"Bradshaw, William Richard",William Richard Bradshaw,male,"American, Irish",1851.0,1927.0,Wikipedia,True,1
1529,"Stockham, Richard",Richard Stockham,,,,,,False,1
1530,"Russell, John",John Russell,male,"British, American",1919.0,2008.0,OpenLibrary,True,1
1531,"Riley, W. (William)",William Riley,male,Canadian,2006.0,,Wikipedia,True,1
1532,"Brown, Ivor John Carnegie",Ivor John Carnegie Brown,male,British,1891.0,1974.0,"Wikipedia, OpenLibrary",True,1
1533,"Ovington, Mary White",Mary White Ovington,male,American,1865.0,1951.0,"Wikipedia, OpenLibrary",True,1
1534,"Coke, Desmond",Desmond Coke,male,,1879.0,1931.0,"OpenLibrary, Wikidata",True,1
1535,"O'Brien, Howard Vincent",Howard Vincent O'Brien,male,American,1888.0,1947.0,Wikipedia,True,1
1536,"Camp, Wadsworth",Wadsworth Camp,male,American,1879.0,1936.0,OpenLibrary,True,1
1537,"Prichard, Sarah J. (Sarah Johnson)",Sarah Johnson Prichard,male,"American, Canadian",1972.0,1909.0,"Wikipedia, Wikidata",True,1
1538,"Compton-Rickett, Arthur",Arthur Compton-Rickett,male,English,1869.0,1937.0,"Wikipedia, OpenLibrary, Wikidata",True,1
1539,"Nye, Bill",Bill Nye,male,American,1955.0,1999.0,Wikipedia,True,1
1540,"Dodd, Lee Wilson",Lee Wilson Dodd,male,American,1879.0,1933.0,"Wikipedia, OpenLibrary, Wikidata",True,1
1541,"Chatfield-Taylor, H. C. (Hobart Chatfield)",Hobart Chatfield Chatfield-Taylor,male,American,1865.0,1945.0,"Wikipedia, OpenLibrary, Wikidata",True,1
1542,"George, Walter Lionel",Walter Lionel George,male,English,1882.0,1926.0,Wikipedia,True,1
1543,"Long, John Luther",John Luther Long,male,American,1861.0,1927.0,Wikipedia,True,1
1544,"Ward, Herbert D. (Herbert Dickinson)",Herbert Dickinson Ward,male,American,1861.0,1932.0,"Wikipedia, OpenLibrary",True,1
1545,"Evans, Donald",Donald Evans,male,American,1946.0,1977.0,"Wikipedia, OpenLibrary",True,1
1546,"Calhoun, Howell",Howell Calhoun,,,,,,False,1
1547,"Bolen, C. Edgar (Charles Edgar)",Charles Edgar Bolen,male,United States,1909.0,1988.0,Wikidata,True,1
1548,"McLennan, William ",William McLennan,male,Australian,1958.0,2006.0,Wikipedia,True,1
1549," McIlwraith, Jean N. (Jean Newton)",Jean Newton McIlwraith,female,Canadian,1858.0,1938.0,Wikipedia,True,1
1550,"Hammerton, J. A. (John Alexander)",John Alexander Hammerton,male,British,1871.0,1949.0,Wikipedia,True,1
1551,"Bullett, Gerald",Gerald Bullett,male,British,1893.0,1958.0,Wikipedia,True,1
1552,"Elliott, Francis Perry",Francis Perry Elliott,male,American,1861.0,1924.0,"Wikipedia, OpenLibrary",True,1
1553,"Janis, Elsie",Elsie Janis,female,American,1889.0,1956.0,Wikipedia,True,1
1554,"Bird, Richard",Richard Bird,male,"United Kingdom, United Kingdom of Great Britain and Ireland",1881.0,1986.0,"OpenLibrary, Wikidata",True,1
1555,"Weiss, Susan Archer Talley",Susan Archer Talley Weiss,female,American,1835.0,1917.0,"Wikipedia, OpenLibrary",True,1
1556,"Untermeyer, Louis",Louis Untermeyer,male,American,1885.0,1977.0,Wikipedia,True,1
1557,"Wallis, Arthur Frederick",Arthur Frederick Wallis,,,1874.0,,OpenLibrary,True,1
1558,"Chambers, R. W. (Raymond Wilson)",Raymond Wilson Chambers,male,British,1874.0,1942.0,Wikipedia,True,1
1559,"Roosevelt, Theodore",Theodore Roosevelt,male,United States,1858.0,1919.0,"OpenLibrary, Wikidata",True,1
1560,"Eaton, Walter Prichard",Walter Prichard Eaton,male,American,1878.0,1957.0,"Wikipedia, OpenLibrary",True,1
1561,"Ros, Amanda McKittrick",Amanda McKittrick Ros,female,Irish,1860.0,1939.0,"Wikipedia, OpenLibrary",True,1
1562,"Lundsford, Hugh",Hugh Lundsford,male,American,1879.0,1957.0,Wikipedia,True,1
1563,"Gayley, Charles Mills",Charles Mills Gayley,male,English,1858.0,1932.0,"OpenLibrary, Wikidata",True,1
1564,"Shepard, Odell",Odell Shepard,male,American,1884.0,1967.0,"Wikipedia, OpenLibrary",True,1
1565,"Holland, Norah M. (Norah Mary)",Norah Mary Holland,female,Canadian,1876.0,1925.0,Wikipedia,True,1
1566,"Bacon, Frank",Frank Bacon,male,United States,1864.0,1922.0,"OpenLibrary, Wikidata",True,1
1567,"Meade, L. T. ",L. T. Meade,female,Irish,1844.0,1914.0,Wikipedia,True,1
1568," Halifax, Clifford",Clifford Halifax,male,United Kingdom of Great Britain and Ireland,1860.0,1921.0,"OpenLibrary, Wikidata",True,1
1569,"White, William Patterson",William Patterson White,male,,1884.0,1954.0,"OpenLibrary, Wikidata",True,1
1570,"Francis, John",John Francis,male,American,1985.0,1885.0,"Wikipedia, OpenLibrary",True,1
1571,"Jarvis, Stinson",Stinson Jarvis,male,Canadian-American,1854.0,1926.0,"Wikipedia, OpenLibrary",True,1
1572,"Whitmore, Clara Helen",Clara Helen Whitmore,female,English,1865.0,,OpenLibrary,True,1
1573,"Prichard, Katharine Susannah",Katharine Susannah Prichard,female,Australian,1883.0,1969.0,"Wikipedia, OpenLibrary, Wikidata",True,1
1574,"Chapman, Ethel M.",Ethel M. Chapman,female,Canada,1888.0,1976.0,"OpenLibrary, Wikidata",True,1
1575,"Davis, Owen",Owen Davis,male,United States,1874.0,1956.0,"OpenLibrary, Wikidata",True,1
1576,"Kelly, Eleanor Mercein",Eleanor Mercein Kelly,female,American,1880.0,1968.0,Wikipedia,True,1
1577,"Sage, William",William Sage,male,"United Kingdom, United Kingdom of Great Britain and Ireland",1864.0,1968.0,"OpenLibrary, Wikidata",True,1
1578,"Post, Waldron Kintzing",Waldron Kintzing Post,male,American,1870.0,1944.0,Wikipedia,True,1
1579,"Douglas, George",George Douglas,male,United States,1902.0,1980.0,"OpenLibrary, Wikidata",True,1
1580,"Lear, Edward",Edward Lear,male,"British, English",1812.0,1888.0,Wikipedia,True,1
1581,"Gwynn, Stephen Lucius",Stephen Lucius Gwynn,male,"Irish, British",1864.0,1950.0,"Wikipedia, OpenLibrary",True,1
1582,"Merwin, Henry Childs",Henry Childs Merwin,male,United States,1853.0,1929.0,"OpenLibrary, Wikidata",True,1
1583,"Bayly, A. Eric",A. Eric Bayly,male,,1994.0,,Wikipedia,True,1
1584,"Clark, Ellery H. (Ellery Harding)",Ellery Harding Clark,male,American,1909.0,1949.0,"Wikipedia, OpenLibrary, Wikidata",True,1
1585,"Johnson, A. E. (Amelia E.)",Amelia E. Johnson,female,Canadian,1858.0,1922.0,"Wikipedia, OpenLibrary",True,1
1586,"Robinson, Rowland Evans",Rowland Evans Robinson,male,American,1833.0,1900.0,Wikipedia,True,1
1587,"Poel, William",William Poel,male,"United Kingdom, United Kingdom of Great Britain and Ireland",1852.0,1934.0,"OpenLibrary, Wikidata",True,1
1588,"Price-Brown, John",John Price-Brown,,,1844.0,1938.0,OpenLibrary,True,1
1589,"Douglas, O.",O. Douglas,female,Scottish,1877.0,1948.0,OpenLibrary,True,1
1590,"Davidson, John",John Davidson,male,United States,1886.0,1797.0,"OpenLibrary, Wikidata",True,1
1591,"Waugh, Joseph Laing",Joseph Laing Waugh,male,Scottish,1868.0,1928.0,"Wikipedia, Wikidata",True,1
1592,"Cruickshank, Alfred Hamilton",Alfred Hamilton Cruickshank,male,,1862.0,1927.0,"OpenLibrary, Wikidata",True,1
1593,"Winter, John Strange",John Strange Winter,female,British,1856.0,1911.0,Wikipedia,True,1
1594,"Allen, Frank Waller",Frank Waller Allen,,,1878.0,,OpenLibrary,True,1
1595,"Collingwood, Harry",Harry Collingwood,male,British,1851.0,1922.0,"Wikipedia, OpenLibrary, Wikidata",True,1
1596,"Ruiz de Burton, María Amparo",María Amparo Ruiz de Burton,female,"American, English",1832.0,1895.0,Wikipedia,True,1
1597,"Yellott, George",George Yellott,male,United States,1819.0,1902.0,"OpenLibrary, Wikidata",True,1
1598,"Dawson, W. J. (William James)",William James Dawson,male,English,1854.0,1928.0,Wikipedia,True,1
1599,"Doyle, C. W. (Charles William)",Charles William Doyle,male,"Kingdom of Great Britain, United Kingdom of Great Britain and Ireland, Kingdom of Ireland",1770.0,1842.0,Wikidata,True,1
1600,"Glenwood, Ida",Ida Glenwood,female,American,1826.0,1894.0,Wikipedia,True,1
1601,"Warren, George Washington",George Washington Warren,male,United States,1813.0,1883.0,"OpenLibrary, Wikidata",True,1
1602,"Rodd, Rennell",Rennell Rodd,male,British,1904.0,1968.0,Wikipedia,True,1
1603,"Bowman, Isa",Isa Bowman,male,British,1874.0,1958.0,Wikipedia,True,1
1604,"Bewsher, Paul",Paul Bewsher,male,,1894.0,1966.0,Wikidata,True,1
1605,"Roe, Mary A. (Mary Abigail)",Mary Abigail Roe,female,American,1996.0,2016.0,Wikipedia,True,1
1606,"Eastman, Max",Max Eastman,male,American,1883.0,1969.0,Wikipedia,True,1
1607,"McIntyre, James",James McIntyre,male,"English, British",1976.0,1906.0,"Wikipedia, OpenLibrary",True,1
1608,"Parsons, Eugene",Eugene Parsons,male,American,1855.0,1933.0,"Wikipedia, OpenLibrary",True,1
1609,"Strang, Alan L.",Alan L. Strang,male,American,1934.0,1919.0,"Wikipedia, OpenLibrary",True,1
1610,"Poor, Agnes Blake",Agnes Blake Poor,female,"American, English",1842.0,1922.0,"Wikipedia, OpenLibrary",True,1
1611,"Gilmore, Marion Forster",Marion Forster Gilmore,female,"English, British",1934.0,,Wikipedia,True,1
1612,"Dana, Marvin ",Marvin Dana,male,American,1867.0,1926.0,"Wikipedia, OpenLibrary, Wikidata",True,1
1613," Service, Robert W. (Robert William)",Robert William Service,male,"British, Canadian, English, Scottish, French",1874.0,1958.0,Wikipedia,True,1
1614,"Walker, Hugh",Hugh Walker,male,English,1888.0,1958.0,"OpenLibrary, Wikidata",True,1
1615,"Caldwell, Willie Walker",Willie Walker Caldwell,female,American,1860.0,1946.0,Wikipedia,True,1
1616,"Whitehead, Harold",Harold Whitehead,male,,1880.0,,"OpenLibrary, Wikidata",True,1
1617,"Flower, Elliott",Elliott Flower,male,American,1969.0,2003.0,Wikipedia,True,1
1618,"Wood, Henry Cleveland",Henry Cleveland Wood,male,American,1855.0,,"Wikipedia, OpenLibrary",True,1
1619,"Dejeans, Elizabeth",Elizabeth Dejeans,female,American,1868.0,1928.0,"Wikipedia, Wikidata",True,1
1620,"MacLean, John",John MacLean,male,Canada,1851.0,,"OpenLibrary, Wikidata",True,1
1621,"Baudelaire, Charles ",Charles Baudelaire,male,French,1821.0,1867.0,Wikipedia,True,1
1622," Squire, John Collings, Sir","John Collings, Squire",male,"British, English",1884.0,1958.0,Wikipedia,True,1
1623,"Gatty, Alfred",Alfred Gatty,male,,1813.0,1903.0,"OpenLibrary, Wikidata",True,1
1624,"Hill, James Langdon",James Langdon Hill,male,United States,1848.0,1931.0,"OpenLibrary, Wikidata",True,1
1625,"Ward, Adolphus William, Sir","Adolphus William, Ward",male,English,1837.0,1924.0,OpenLibrary,True,1
1626,"Berdoe, Edward",Edward Berdoe,male,English,1836.0,1916.0,Wikipedia,True,1
1627,"Clark, Badger",Badger Clark,male,American,1883.0,1957.0,"Wikipedia, OpenLibrary, Wikidata",True,1
1628,"Gould, George M. (George Milbrey)",George Milbrey Gould,,,1848.0,1922.0,OpenLibrary,True,1
1629,"Barrett, Robert Emmett",Robert Emmett Barrett,,,,,,False,1
1630,"Gilbert, Bernard",Bernard Gilbert,male,Canada,1882.0,,"OpenLibrary, Wikidata",True,1
1631,"Ritchie, J. Ewing (James Ewing)",James Ewing Ritchie,male,English,1820.0,1898.0,"Wikipedia, OpenLibrary, Wikidata",True,1
1632,"Vorse, Mary Heaton",Mary Heaton Vorse,female,American,1874.0,1966.0,Wikipedia,True,1
1633,"Eade, Peter, Sir","Peter, Eade",male,,1825.0,,OpenLibrary,True,1
1634,"Miller, Florence Fenwick",Florence Fenwick Miller,female,English,1854.0,1936.0,"Wikipedia, OpenLibrary",True,1
1635,"Smith, Elliott",Elliott Smith,male,American,1969.0,2003.0,Wikipedia,True,1
1636,"Hill, John A. (John Alexander)",John Alexander Hill,male,,1858.0,1916.0,"OpenLibrary, Wikidata",True,1
1637,"Ratcliffe, Dorothy Una",Dorothy Una Ratcliffe,female,British,1891.0,1967.0,"Wikipedia, OpenLibrary",True,1
1638,"O'Hagan, Thomas",Thomas O'Hagan,male,Canada,1855.0,1939.0,"OpenLibrary, Wikidata",True,1
1639,"Kennedy, William Sloane",William Sloane Kennedy,male,American,1819.0,1892.0,Wikipedia,True,1
1640,"Hughes, James L. (James Laughlin)",James Laughlin Hughes,male,Canada,1846.0,1935.0,"OpenLibrary, Wikidata",True,1
1641,"MacKeracher, William M. (William Mackay)",William Mackay MacKeracher,male,Canada,1871.0,1913.0,"OpenLibrary, Wikidata",True,1
1642,"Putnam Weale, B. L. (Bertram Lenox)",Bertram Lenox Putnam Weale,male,British,1877.0,1930.0,Wikipedia,True,1
1643,"Austen, Jane ",Jane Austen,female,English,1775.0,1817.0,Wikipedia,True,1
1644," MacKaye, Steele, Mrs.","Steele, MacKaye",female,American,1842.0,1894.0,Wikipedia,True,1
1645,"Bottomley, Gordon",Gordon Bottomley,male,English,1874.0,1948.0,"Wikipedia, OpenLibrary",True,1
1646,"Fletcher, John Gould ",John Gould Fletcher,male,American,1886.0,1950.0,"Wikipedia, OpenLibrary",True,1
1647," Lowell, Amy ",Amy Lowell,female,American,1874.0,1925.0,Wikipedia,True,1
1648," Lawrence, D. H. (David Herbert) ",David Herbert Lawrence,male,English,1885.0,1930.0,OpenLibrary,True,1
1649, H. D. (Hilda Doolittle) ,Hilda Doolittle,female,American,1886.0,1961.0,OpenLibrary,True,1
1650," Aldington, Richard ",Richard Aldington,male,English,1892.0,1962.0,Wikipedia,True,1
1651," Flint, F. S. (Frank Stewart)",Frank Stewart Flint,,French,,,OpenLibrary,True,1
1652,"Mackay, Angus",Angus Mackay,male,United Kingdom,1860.0,1911.0,"OpenLibrary, Wikidata",True,1
1653,"Tracy, Virginia",Virginia Tracy,female,American,1874.0,1946.0,"Wikipedia, Wikidata",True,1
1654,"Fuller, Robert H. (Robert Higginson)",Robert Higginson Fuller,male,American,1823.0,1911.0,Wikipedia,True,1
1655,"Grimm, Florence M. (Florence Marie)",Florence Marie Grimm,female,French,1726.0,1783.0,Wikipedia,True,1
1656,"Whitney, Orson F. (Orson Ferguson)",Orson Ferguson Whitney,male,American,1855.0,1931.0,Wikipedia,True,1
1657,"Marsland, Cora",Cora Marsland,female,,1859.0,1944.0,"OpenLibrary, Wikidata",True,1
1658,"Presland, John",John Presland,female,"United Kingdom, Australia",1935.0,1975.0,"OpenLibrary, Wikidata",True,1
1659,"Lloyd, John Uri",John Uri Lloyd,male,United States,1849.0,1936.0,"OpenLibrary, Wikidata",True,1
1660,"De Loach, R. J. H. (Robert John Henderson)",Robert John Henderson De Loach,male,United States,1873.0,,"OpenLibrary, Wikidata",True,1
1661,"Harding, Ellison",Ellison Harding,female,American,1982.0,1952.0,"Wikipedia, OpenLibrary, Wikidata",True,1
1662,"Squire, John Collings, Sir","John Collings, Squire",male,"British, English",1884.0,1958.0,Wikipedia,True,1
1663,"Brown, E. E. (Emma Elizabeth)",Emma Elizabeth Brown,female,United States,1847.0,1855.0,"Wikipedia, OpenLibrary, Wikidata",True,1
1664,"Reid, T. Wemyss (Thomas Wemyss)",Thomas Wemyss Reid,male,English,1842.0,1905.0,"Wikipedia, Wikidata",True,1
1665,"Williams, Wayland Wells",Wayland Wells Williams,,,1888.0,1945.0,OpenLibrary,True,1
1666,"Merington, Marguerite",Marguerite Merington,female,"American, English",1857.0,1951.0,"Wikipedia, OpenLibrary",True,1
1667,"Walker, Stuart",Stuart Walker,male,United States,1888.0,1941.0,"OpenLibrary, Wikidata",True,1
1668,"Macy, Arthur",Arthur Macy,male,American,1950.0,1904.0,"Wikipedia, OpenLibrary",True,1
1669,"Ingleby, Leonard Cresswell",Leonard Cresswell Ingleby,male,English,1876.0,1923.0,"Wikipedia, OpenLibrary",True,1
1670,"Smith, Clark Ashton",Clark Ashton Smith,male,"American, French",1893.0,1961.0,Wikipedia,True,1
1671,"Danziger, Adolphe ",Adolphe Danziger,,,1859.0,1959.0,OpenLibrary,True,1
1672," Bierce, Ambrose ",Ambrose Bierce,male,American,1842.0,1914.0,Wikipedia,True,1
1673," Voss, Richard",Richard Voss,male,German,1851.0,1918.0,Wikipedia,True,1
1674,"Willcock, John",John Willcock,male,Australia,1879.0,1956.0,"OpenLibrary, Wikidata",True,1
1675," Mason, A. E. W. (Alfred Edward Woodley)",Alfred Edward Woodley Mason,male,"English, French",1865.0,1948.0,Wikipedia,True,1
1676,"Thorndike, Ashley Horace",Ashley Horace Thorndike,male,United States,1871.0,1933.0,"OpenLibrary, Wikidata",True,1
1677,"Wingfield, Lewis",Lewis Wingfield,female,Irish,1842.0,1891.0,"Wikipedia, OpenLibrary",True,1
1678,"Clarke, Helen A. (Helen Archibald)",Helen Archibald Clarke,female,"American, British",1860.0,1926.0,"Wikipedia, OpenLibrary, Wikidata",True,1
1679,"Sheets, Emily Churchill Thompson",Emily Churchill Thompson Sheets,,,1875.0,,OpenLibrary,True,1
1680,"Wolfe, Theodore F. (Theodore Frelinghuysen)",Theodore Frelinghuysen Wolfe,male,,1847.0,1915.0,"OpenLibrary, Wikidata",True,1
1681,"Munthe, Axel",Axel Munthe,male,Sweden,1857.0,1949.0,"Wikipedia, OpenLibrary, Wikidata",True,1
1682,"Kettle, Tom",Tom Kettle,male,"Irish, British",1880.0,1916.0,Wikipedia,True,1
1683,"Campbell, Joseph",Joseph Campbell,male,American,1904.0,1987.0,Wikipedia,True,1
1684,"Johnston, Annie F. (Annie Fellows) ",Annie Fellows Johnston,female,American,1863.0,1931.0,Wikipedia,True,1
1685," Bacon, Albion Fellows",Albion Fellows Bacon,female,American,1865.0,1933.0,Wikipedia,True,1
1686,"Aitken, Robert",Robert Aitken,male,United States,1735.0,1802.0,"OpenLibrary, Wikidata",True,1
1687,"Burr, William Henry",William Henry Burr,male,Canadian,1882.0,1941.0,Wikipedia,True,1
1688,"Hocking, Silas K. (Silas Kitto)",Silas Kitto Hocking,male,British,1850.0,1935.0,"Wikipedia, OpenLibrary",True,1
1689,"More, Paul Elmer",Paul Elmer More,male,American,1864.0,1937.0,"Wikipedia, OpenLibrary, Wikidata",True,1
1690,"Leahy, William Augustine",William Augustine Leahy,male,United States,1867.0,1941.0,"OpenLibrary, Wikidata",True,1
1691,"Barbellion, W. N. P.",W. N. P. Barbellion,male,English,1889.0,1919.0,OpenLibrary,True,1
1692,"Nesbit, Wilbur D. (Wilbur Dick)",Wilbur Dick Nesbit,male,American,1871.0,1927.0,Wikipedia,True,1
1693,"Lindsey, William",William Lindsey,male,American,1935.0,2001.0,Wikipedia,True,1
1694,"Sauzade, John S.",John S. Sauzade,,,1828.0,,OpenLibrary,True,1
1695,"Morgan, Godfrey Charles",Godfrey Charles Morgan,male,United Kingdom of Great Britain and Ireland,1831.0,1913.0,"OpenLibrary, Wikidata",True,1
1696,"Gerry, Margarita Spalding",Margarita Spalding Gerry,female,American,1870.0,1939.0,"Wikipedia, OpenLibrary",True,1
1697,"Eggleston, George Cary ",George Cary Eggleston,male,American,1837.0,1902.0,Wikipedia,True,1
1698," Marbourg, Dolores",Dolores Marbourg,female,American,1870.0,1934.0,Wikipedia,True,1
1699,"Newbigging, Thomas",Thomas Newbigging,male,Scottish,1833.0,1914.0,"Wikipedia, OpenLibrary, Wikidata",True,1
1700,"Wood, Clement",Clement Wood,female,American,1888.0,1950.0,"Wikipedia, OpenLibrary",True,1
1701,"White, Samuel Alexander",Samuel Alexander White,male,"British, American",2003.0,1956.0,"Wikipedia, OpenLibrary",True,1
1702,"Cooper, James A.",James A. Cooper,male,American,1789.0,1851.0,Wikipedia,True,1
1703,"Dilke, Charles Wentworth, Sir","Charles Wentworth, Dilke",male,English,1789.0,1864.0,Wikipedia,True,1
1704,"McCulley, Johnston",Johnston McCulley,male,American,1883.0,1958.0,"Wikipedia, Wikidata",True,1
1705,"Sullivan, Alan",Alan Sullivan,male,Canadian,1868.0,1947.0,Wikipedia,True,1
1706,"Bennett, Rolf",Rolf Bennett,,,,,,False,1
1707,"Ludlow, James M. (James Meeker)",James Meeker Ludlow,male,,1841.0,1932.0,"OpenLibrary, Wikidata",True,1
1708,"Cox, Florence Tinsley",Florence Tinsley Cox,,,1877.0,1940.0,OpenLibrary,True,1
1709,"Mason, Arthur",Arthur Mason,male,United Kingdom of Great Britain and Ireland,1876.0,1955.0,"OpenLibrary, Wikidata",True,1
1710,"Marks, Jeannette Augustus",Jeannette Augustus Marks,female,United States,1875.0,1964.0,"OpenLibrary, Wikidata",True,1
1711,"Scott, Charles Augustus ",Charles Augustus Scott,male,American,1902.0,1974.0,Wikipedia,True,1
1712,"Tombo, Rudolf",Rudolf Tombo,,"American, German",1846.0,1923.0,"Wikipedia, OpenLibrary",True,1
1713,"Blades, William",William Blades,male,English,1824.0,1890.0,"Wikipedia, OpenLibrary, Wikidata",True,1
1714,"Wallace, Frederick William",Frederick William Wallace,male,"United Kingdom, United Kingdom of Great Britain and Ireland",1886.0,1958.0,"Wikipedia, OpenLibrary, Wikidata",True,1
1715,"Findlater, Mary ",Mary Findlater,female,Scottish,1865.0,1963.0,"Wikipedia, Wikidata",True,1
1716," McAulay, Allan ",Allan McAulay,female,Scottish,1865.0,1963.0,"Wikipedia, Wikidata",True,1
1717," Wiggin, Kate Douglas Smith ",Kate Douglas Smith Wiggin,female,American,1856.0,1923.0,Wikipedia,True,1
1718," Findlater, Jane Helen",Jane Helen Findlater,female,Scottish,1866.0,1946.0,"Wikipedia, OpenLibrary",True,1
1719,"Jarrell, Myra Williams",Myra Williams Jarrell,female,United States,1867.0,1937.0,"OpenLibrary, Wikidata",True,1
1720,"Ross, Albert",Albert Ross,male,United States,1851.0,1916.0,"OpenLibrary, Wikidata",True,1
1721,"Megrue, Roi Cooper ",Roi Cooper Megrue,male,American,1883.0,1927.0,"Wikipedia, OpenLibrary, Wikidata",True,1
1722," Martyn, Wyndham",Wyndham Martyn,male,"United Kingdom, United Kingdom of Great Britain and Ireland",1875.0,1963.0,"OpenLibrary, Wikidata",True,1
1723,"Marie, Queen, consort of Ferdinand I, King of Romania","Queen, consort of Ferdinand I, King of Romania Marie",,,1875.0,1938.0,OpenLibrary,True,1
1724,"Forfar, William Bentinck",William Bentinck Forfar,male,British,1964.0,1895.0,"Wikipedia, OpenLibrary",True,1
1725,"Casey, Patrick ",Patrick Casey,male,United States,1978.0,,Wikidata,True,1
1726," Casey, Terence",Terence Casey,male,United States,1894.0,1945.0,"OpenLibrary, Wikidata",True,1
1727,"Waterman, Nixon",Nixon Waterman,male,American,1859.0,1944.0,"Wikipedia, Wikidata",True,1
1728,"Moulton, William U.",William U. Moulton,male,American,,,Wikipedia,True,1
1729,"Newman, John Henry",John Henry Newman,male,English,1801.0,1890.0,Wikipedia,True,1
1730,"Warren, Samuel",Samuel Warren,male,United States,1807.0,1877.0,"OpenLibrary, Wikidata",True,1
1731,"Jenkinson, Emily J.",Emily J. Jenkinson,female,English,1872.0,1913.0,Wikipedia,True,1
1732,"Courthope, William John",William John Courthope,male,"British, English",1842.0,1917.0,"Wikipedia, OpenLibrary, Wikidata",True,1
1733,"Pemberton, T. Edgar (Thomas Edgar)",Thomas Edgar Pemberton,male,English,1849.0,1905.0,"Wikipedia, OpenLibrary, Wikidata",True,1
1734,"Dewey, Byrd Spilman",Byrd Spilman Dewey,female,American,1856.0,1942.0,"Wikipedia, OpenLibrary",True,1
1735,"Barnes, Will C. (Will Croft)",Will Croft Barnes,male,United States,1858.0,1936.0,"OpenLibrary, Wikidata",True,1
1736,"Baskerville, Beatrice C.",Beatrice C. Baskerville,,Polish,,,OpenLibrary,True,1
1737,"Stoddard, Charles Warren",Charles Warren Stoddard,male,American,1843.0,1909.0,Wikipedia,True,1
1738,"Cotter, Joseph S. (Joseph Seamon)",Joseph Seamon Cotter,male,American,1861.0,1949.0,"Wikipedia, OpenLibrary",True,1
1739,"Smith, Charlotte",Charlotte Smith,female,"Kingdom of Great Britain, United Kingdom of Great Britain and Ireland",1749.0,1806.0,"OpenLibrary, Wikidata",True,1
1740,"Sayre, Theodore Burt",Theodore Burt Sayre,male,,1874.0,1954.0,"OpenLibrary, Wikidata",True,1
1741,"Richard, Margaret A. (Margaret Alice)",Margaret Alice Richard,,,1870.0,,OpenLibrary,True,1
1742,"Porter, James A.",James A. Porter,male,United States,1905.0,1970.0,Wikidata,True,1
1743,"Gribble, Francis Henry",Francis Henry Gribble,male,British,1862.0,1946.0,"Wikipedia, OpenLibrary",True,1
1744,"Barnett, C. Z. (Charles Zachary) ",Charles Zachary Barnett,male,English,1813.0,1849.0,"Wikipedia, Wikidata",True,1
1745,"Jackson, Charles Ross",Charles Ross Jackson,,,1867.0,1915.0,OpenLibrary,True,1
1746,"Douglas, James",James Douglas,male,American,1898.0,1986.0,OpenLibrary,True,1
1747,"Edgcumbe, Richard",Richard Edgcumbe,male,,1843.0,1937.0,"OpenLibrary, Wikidata",True,1
1748,"Harriman, Karl Edwin",Karl Edwin Harriman,male,United States,1875.0,1935.0,"OpenLibrary, Wikidata",True,1
1749,"Harting, James Edmund",James Edmund Harting,male,"United Kingdom, United Kingdom of Great Britain and Ireland",1841.0,1928.0,"OpenLibrary, Wikidata",True,1
1750,"Costantini, Anna Miller",Anna Miller Costantini,,,1880.0,,OpenLibrary,True,1
1751,"Pearse, Mark Guy",Mark Guy Pearse,male,,1842.0,1930.0,"Wikipedia, OpenLibrary",True,1
1752,"French, Allen",Allen French,male,"American, French, British",1870.0,1946.0,Wikipedia,True,1
1753,"Flynn, William J. (William James)",William James Flynn,,,,,,False,1
1754,"Longfellow, Marian",Marian Longfellow,female,American,1849.0,1924.0,"Wikipedia, OpenLibrary, Wikidata",True,1
1755,"Ayres, Ruby M. (Ruby Mildred)",Ruby Mildred Ayres,female,British,1881.0,1955.0,"Wikipedia, OpenLibrary",True,1
1756,"Sturt, George",George Sturt,male,English,1829.0,1890.0,Wikipedia,True,1
1757,"Boreham, Frank",Frank Boreham,male,"New Zealand, American",1871.0,1959.0,OpenLibrary,True,1
1758,"Converse, Florence",Florence Converse,female,American,1871.0,1967.0,Wikipedia,True,1
1759,"Brooks, Van Wyck",Van Wyck Brooks,male,American,1886.0,1963.0,"OpenLibrary, Wikidata",True,1
1760,"Dix, Irving Sidney",Irving Sidney Dix,male,,1880.0,1948.0,Wikidata,True,1
1761,"Combe, William",William Combe,male,British,1742.0,1823.0,Wikipedia,True,1
1762,"Clifford, Josephine",Josephine Clifford,female,United Kingdom of Great Britain and Ireland,1839.0,1921.0,"Wikipedia, Wikidata",True,1
1763,"Williamson, A. M. (Alice Muriel)",Alice Muriel Williamson,female,British,1869.0,1933.0,OpenLibrary,True,1
1764,"Conklin, Nathaniel, Mrs.","Nathaniel, Conklin",female,,,,OpenLibrary,True,1
1765,"King, Alfred Castner",Alfred Castner King,male,United States,1874.0,1941.0,Wikidata,True,1
1766,"Whitson, John Harvey",John Harvey Whitson,female,American,1827.0,1910.0,"Wikipedia, OpenLibrary",True,1
1767,"Barcynska, Countess (Hélène)",Hélène Barcynska,female,British,1886.0,1964.0,Wikipedia,True,1
1768,"Pattee, Fred Lewis",Fred Lewis Pattee,male,American,1863.0,1950.0,Wikipedia,True,1
1769,"Smyth, Clifford",Clifford Smyth,male,United Kingdom,1866.0,,"OpenLibrary, Wikidata",True,1
1770,"Huntley, Florence",Florence Huntley,female,United States,1861.0,1912.0,Wikidata,True,1
1771,"Jones, Alice Ilgenfritz ",Alice Ilgenfritz Jones,female,American,1846.0,1905.0,"Wikipedia, OpenLibrary",True,1
1772," Merchant, Ella",Ella Merchant,female,United States,1857.0,1916.0,Wikidata,True,1
1773,"Phillips, Mary Elizabeth",Mary Elizabeth Phillips,female,"United Kingdom, United Kingdom of Great Britain and Ireland",1857.0,1945.0,"OpenLibrary, Wikidata",True,1
1774,"Dye, Eva Emery",Eva Emery Dye,female,American,1855.0,1947.0,"Wikipedia, OpenLibrary",True,1
1775,"Iliowizi, Henry",Henry Iliowizi,male,"United States, United Kingdom of Great Britain and Ireland",1850.0,1911.0,"OpenLibrary, Wikidata",True,1
1776,"Coleridge, Christabel R. (Christabel Rose)",Christabel Rose Coleridge,female,English,1843.0,1921.0,Wikipedia,True,1
1777,"Le Rossignol, James Edward",James Edward Le Rossignol,male,"Canadian-American, Canadian, American",1866.0,1959.0,"Wikipedia, Wikidata",True,1
1778,"Bax, Clifford",Clifford Bax,male,English,1886.0,1962.0,Wikipedia,True,1
1779,"Hovey, Richard",Richard Hovey,male,American,1864.0,1900.0,Wikipedia,True,1
1780,"Moulton, Richard G. (Richard Green)",Richard Green Moulton,male,English,1849.0,1924.0,"Wikipedia, OpenLibrary, Wikidata",True,1
1781,"Williams, Jesse Lynch",Jesse Lynch Williams,male,American,1871.0,1929.0,"Wikipedia, OpenLibrary",True,1
1782,"McKinney, Kate Slaughter",Kate Slaughter McKinney,female,American,1857.0,1939.0,"Wikipedia, OpenLibrary, Wikidata",True,1
1783,"Day, Thomas Fleming",Thomas Fleming Day,male,United States,1861.0,1927.0,"OpenLibrary, Wikidata",True,1
1784,"Dale, Alan",Alan Dale,male,New Zealand,1947.0,1928.0,"Wikipedia, OpenLibrary",True,1
1785,"Macauley, C. R. (Charles Raymond)",Charles Raymond Macauley,male,United States,1871.0,1934.0,"OpenLibrary, Wikidata",True,1
1786,"Scott, Walter",Walter Scott,male,"Scottish, American",1771.0,1832.0,Wikipedia,True,1
1787,"Adcock, Arthur St. John",Arthur St. John Adcock,male,English,1864.0,1930.0,Wikipedia,True,1
1788,"Fuller, Alvarado M. (Alvarado Mortimer)",Alvarado Mortimer Fuller,male,United States,1851.0,1924.0,"OpenLibrary, Wikidata",True,1
1789,"Beale, Charles Willing",Charles Willing Beale,male,United States,1845.0,1932.0,"OpenLibrary, Wikidata",True,1
1790,"Church, Alfred John ",Alfred John Church,male,United Kingdom of Great Britain and Ireland,1829.0,1912.0,"OpenLibrary, Wikidata",True,1
1791," Seeley, Richmond",Richmond Seeley,,,,,,False,1
1792,"Swain, E. G. (Edmund Gill)",Edmund Gill Swain,male,English,1861.0,1938.0,"Wikipedia, OpenLibrary",True,1
1793,"Clarke, James Freeman",James Freeman Clarke,male,American,1810.0,1888.0,"Wikipedia, Wikidata",True,1
1794,"Freeman, Lewis R. (Lewis Ransome)",Lewis Ransome Freeman,male,American,1878.0,1960.0,"Wikipedia, OpenLibrary, Wikidata",True,1
1795,"MacFarlane, Peter Clark",Peter Clark MacFarlane,male,,1871.0,1924.0,"Wikipedia, OpenLibrary",True,1
1796,"Martin, Theodore, Sir ","Theodore, Martin",male,Scottish,1816.0,1909.0,"Wikipedia, OpenLibrary",True,1
1797," Aytoun, William Edmondstoune",William Edmondstoune Aytoun,male,Scottish,1813.0,1865.0,"Wikipedia, OpenLibrary",True,1
1798,"Flandrau, Charles Macomb",Charles Macomb Flandrau,male,American,1871.0,1938.0,"Wikipedia, Wikidata",True,1
1799,"Fischer, Henry W. (Henry William)",Henry William Fischer,male,United States,1940.0,,"OpenLibrary, Wikidata",True,1
1800,"Fraser, Thurlow",Thurlow Fraser,,,1869.0,1926.0,OpenLibrary,True,1
1801,"Sherman, Charles",Charles Sherman,male,United States,1882.0,,"OpenLibrary, Wikidata",True,1
1802,"Schultz, James Willard",James Willard Schultz,male,American,1859.0,1947.0,Wikipedia,True,1
1803,"Durham, Robert Lee",Robert Lee Durham,male,American,1870.0,1949.0,"Wikipedia, OpenLibrary",True,1
1804,"Hanson, Joseph Mills",Joseph Mills Hanson,male,,1876.0,1960.0,Wikidata,True,1
1805,"Harper, Charles G. (Charles George)",Charles George Harper,male,English,1863.0,1943.0,Wikipedia,True,1
1806,"Boynton, Percy Holmes",Percy Holmes Boynton,male,American,1875.0,1946.0,"OpenLibrary, Wikidata",True,1
1807,"Dekker, Thomas",Thomas Dekker,male,Kingdom of England,1572.0,1632.0,"OpenLibrary, Wikidata",True,1
1808,"Gibson, George Herbert",George Herbert Gibson,male,,1846.0,1921.0,"OpenLibrary, Wikidata",True,1
1809,"DuPuy, William Atherton",William Atherton DuPuy,male,United States,1876.0,1941.0,"OpenLibrary, Wikidata",True,1
1810,"McKnight, Hiram Peck",Hiram Peck McKnight,,,,,,False,1
1811,"Kildare, Owen",Owen Kildare,male,American,1864.0,1911.0,"Wikipedia, OpenLibrary",True,1
1812,"Pool, Maria Louise",Maria Louise Pool,female,American,1841.0,1898.0,"Wikipedia, OpenLibrary, Wikidata",True,1
1813,"Behn, Aphra",Aphra Behn,female,English,1640.0,1689.0,Wikipedia,True,1
1814,"Wagner, Richard ",Richard Wagner,male,German,1813.0,1883.0,Wikipedia,True,1
1815," Benson, E. F. (Edward Frederic)",Edward Frederic Benson,male,English,1867.0,1940.0,"Wikipedia, Wikidata",True,1
1816,"Baker, Elizabeth",Elizabeth Baker,female,,1913.0,1962.0,"OpenLibrary, Wikidata",True,1
1817,"Monkhouse, Allan",Allan Monkhouse,male,English,1858.0,1936.0,"Wikipedia, Wikidata",True,1
1818,"Marston, John",John Marston,male,United Kingdom,1575.0,1634.0,"OpenLibrary, Wikidata",True,1
1819,"Blanchard, Amy Ella",Amy Ella Blanchard,female,American,1856.0,1926.0,"Wikipedia, OpenLibrary, Wikidata",True,1
1820,"Richardson, Norval",Norval Richardson,,,1877.0,1940.0,OpenLibrary,True,1
1821,"Tarbell, Ida M. (Ida Minerva)",Ida Minerva Tarbell,female,American,1857.0,1944.0,Wikipedia,True,1
1822,"Pyle, Joseph Gilpin",Joseph Gilpin Pyle,male,United States,1853.0,1930.0,"OpenLibrary, Wikidata",True,1
1823,"Jeans, T. T. (Thomas Tendron)",Thomas Tendron Jeans,male,British,1871.0,1938.0,Wikipedia,True,1
1824,"Thompson, Arthur R. (Arthur Ripley)",Arthur Ripley Thompson,male,United States,1872.0,1960.0,"OpenLibrary, Wikidata",True,1
1825,"Meyer, Annie Nathan",Annie Nathan Meyer,female,American,1867.0,1951.0,Wikipedia,True,1
1826,"Holt-White, W. (William)",William Holt-White,male,United Kingdom,1878.0,1937.0,"OpenLibrary, Wikidata",True,1
1827,"Bagot, Richard",Richard Bagot,male,,1860.0,1921.0,"OpenLibrary, Wikidata",True,1
1828,"Pearson, Edmund Lester",Edmund Lester Pearson,male,American,1880.0,1937.0,Wikipedia,True,1
1829,"Burton, Frederick R. (Frederick Russell)",Frederick Russell Burton,male,,1861.0,1909.0,"OpenLibrary, Wikidata",True,1
1830,"Cable, Boyd",Boyd Cable,male,,1878.0,1943.0,"OpenLibrary, Wikidata",True,1
1831,"Foster, Maximilian",Maximilian Foster,male,United States,1872.0,1943.0,"OpenLibrary, Wikidata",True,1
1832,"Tappan, Eva March",Eva March Tappan,female,"American, German, English",1854.0,1930.0,"Wikipedia, OpenLibrary",True,1
1833,"Adams, William Davenport",William Davenport Adams,male,English,1851.0,1904.0,"Wikipedia, OpenLibrary",True,1
1834,"Peterson, Maud Howard",Maud Howard Peterson,male,Canadian,1962.0,,Wikipedia,True,1
1835,"Russell, Dora",Dora Russell,female,British,1894.0,1986.0,Wikipedia,True,1
1836,"Campbell, R. W.",R. W. Campbell,male,American,1910.0,1971.0,Wikipedia,True,1
1837,"Morgan, Appleton",Appleton Morgan,male,United States,1845.0,1928.0,"OpenLibrary, Wikidata",True,1
1838,"Jerome, Jerome K. (Jerome Klapka) ",Jerome Klapka Jerome,male,English,1859.0,1927.0,"Wikipedia, Wikidata",True,1
1839," Phillpotts, Eden",Eden Phillpotts,male,English,1862.0,1960.0,Wikipedia,True,1
1840,"Winterburn, Florence Hull",Florence Hull Winterburn,female,American,1858.0,1943.0,Wikipedia,True,1
1841,"Forman, Justus Miles",Justus Miles Forman,male,American,1875.0,1915.0,"Wikipedia, OpenLibrary, Wikidata",True,1
1842,"Eden, Helen Parry",Helen Parry Eden,female,English,1885.0,1960.0,"Wikipedia, OpenLibrary, Wikidata",True,1
1843,"Farrar, F. W. (Frederic William)",Frederic William Farrar,male,British,1831.0,1903.0,"Wikipedia, OpenLibrary",True,1
1844,"Parker, Louis Napoleon",Louis Napoleon Parker,male,"United Kingdom, United Kingdom of Great Britain and Ireland",1852.0,1944.0,"OpenLibrary, Wikidata",True,1
1845,"Stoner, Winifred Sackville",Winifred Sackville Stoner,female,United States,1902.0,1931.0,"OpenLibrary, Wikidata",True,1
1846,"Herbin, John Frederic",John Frederic Herbin,male,Canada,1860.0,1923.0,"OpenLibrary, Wikidata",True,1
1847,"Gordon, Elizabeth",Elizabeth Gordon,female,,1866.0,1922.0,"OpenLibrary, Wikidata",True,1
1848,"Pendexter, Hugh",Hugh Pendexter,male,American,1875.0,1940.0,"Wikipedia, Wikidata",True,1
1849,"Eastwood, Frances",Frances Eastwood,female,American,,,Wikipedia,True,1
1850,"Oldmeadow, Ernest",Ernest Oldmeadow,male,British,1867.0,1949.0,"Wikipedia, OpenLibrary, Wikidata",True,1
1851,"Preston, Sydney Herman",Sydney Herman Preston,male,,,,Wikidata,True,1
1852,"Thring, Edward",Edward Thring,male,United Kingdom of Great Britain and Ireland,1821.0,1887.0,"OpenLibrary, Wikidata",True,1
1853,"Forbes, Archibald",Archibald Forbes,male,"Scottish, British",1838.0,1900.0,"Wikipedia, OpenLibrary",True,1
1854,"McConn, Max",Max McConn,,,1881.0,,OpenLibrary,True,1
1855,"Donne, John",John Donne,male,English,1572.0,1631.0,Wikipedia,True,1
1856,"Ashton, John",John Ashton,male,United States,1948.0,1691.0,"OpenLibrary, Wikidata",True,1
1857,"Abbott, Edwin Abbott",Edwin Abbott Abbott,male,"British, English",1838.0,1926.0,"Wikipedia, Wikidata",True,1
1858,"Hall, George Eli",George Eli Hall,,,1863.0,1911.0,OpenLibrary,True,1
1859,"Aycock, Roger D.",Roger D. Aycock,male,American,1914.0,2004.0,Wikipedia,True,1
1860,"Martin, Mabel Wood",Mabel Wood Martin,,,,,,False,1
1861,"Macleod, Mary ",Mary Macleod,female,United Kingdom,1675.0,1705.0,"OpenLibrary, Wikidata",True,1
1862," Shakespeare, William",William Shakespeare,male,English,1564.0,1616.0,Wikipedia,True,1
1863,"Vogel, Julius, Sir","Julius, Vogel",male,,1862.0,1927.0,OpenLibrary,True,1
1864,"Knowles, Mabel Winifred",Mabel Winifred Knowles,female,British,1875.0,1949.0,Wikipedia,True,1
1865,"Baker, George M. (George Melville) ",George Melville Baker,male,American,1832.0,1890.0,Wikipedia,True,1
1866," Gale, Rachel Baker",Rachel Baker Gale,female,American,1858.0,1923.0,Wikipedia,True,1
1867,"Bolton, Sarah Knowles",Sarah Knowles Bolton,female,American,1841.0,1916.0,Wikipedia,True,1
1868,"Tait, James Selwin",James Selwin Tait,female,American,1818.0,1877.0,Wikipedia,True,1
1869,"Harrison, Burton, Mrs.","Burton, Harrison",female,American,2000.0,1920.0,"Wikipedia, OpenLibrary",True,1
1870,"Calvert, Albert Frederick",Albert Frederick Calvert,male,English,1872.0,1946.0,"Wikipedia, Wikidata",True,1
1871,"McGaffey, Ernest",Ernest McGaffey,male,,1861.0,1941.0,"OpenLibrary, Wikidata",True,1
1872,"Leigh, Henry S. (Henry Sambrooke)",Henry Sambrooke Leigh,male,English,1837.0,1883.0,"Wikipedia, OpenLibrary, Wikidata",True,1
1873,"Godfrey, Hollis",Hollis Godfrey,male,American,1874.0,1936.0,"Wikipedia, OpenLibrary, Wikidata",True,1
1874,"Buckrose, J. E.",J. E. Buckrose,female,United Kingdom of Great Britain and Ireland,1868.0,1931.0,Wikidata,True,1
1875,"Santayana, George",George Santayana,male,American,1863.0,1952.0,Wikipedia,True,1
1876,"Maartens, Maarten",Maarten Maartens,male,Kingdom of the Netherlands,1858.0,1915.0,"OpenLibrary, Wikidata",True,1
1877,"Alcock, Deborah",Deborah Alcock,female,United Kingdom of Great Britain and Ireland,1835.0,1913.0,"OpenLibrary, Wikidata",True,1
1878,"Rand, Silas Tertius",Silas Tertius Rand,male,Canada,1810.0,1889.0,"OpenLibrary, Wikidata",True,1
1879,"Lennox, Charlotte",Charlotte Lennox,female,Scottish,1729.0,1804.0,Wikipedia,True,1
1880,"Gallun, Raymond Z. ",Raymond Z. Gallun,male,American,1911.0,1994.0,"Wikipedia, OpenLibrary",True,1
1881," Gallun, Raymond Z. (Raymond Zinke)",Raymond Zinke Gallun,male,American,1911.0,1994.0,"Wikipedia, Wikidata",True,1
1882,"Carton, R. C. (Richard Claude)",Richard Claude Carton,female,United Kingdom,1853.0,1928.0,"OpenLibrary, Wikidata",True,1
1883,"Wither, George",George Wither,male,English,1588.0,1667.0,"Wikipedia, OpenLibrary, Wikidata",True,1
1884,"Pound, Ezra ",Ezra Pound,male,American,1885.0,1972.0,Wikipedia,True,1
1885," Li, Bai",Bai Li,male,People's Republic of China,1930.0,,"Wikipedia, OpenLibrary, Wikidata",True,1
1886,"Miln, Louise Jordan ",Louise Jordan Miln,female,American,1864.0,1933.0,"Wikipedia, OpenLibrary, Wikidata",True,1
1887," Hackett, Walter",Walter Hackett,male,American,1876.0,1944.0,Wikipedia,True,1
1888,"Gates, Susa Young",Susa Young Gates,female,American,1856.0,1933.0,Wikipedia,True,1
1889,"Grimshaw, Beatrice",Beatrice Grimshaw,female,Irish,1870.0,1953.0,Wikipedia,True,1
1890,"Leland, Charles Godfrey",Charles Godfrey Leland,male,American,1824.0,1903.0,"Wikipedia, OpenLibrary",True,1
1891,"Van Scyoc, Sydney J.",Sydney J. Van Scyoc,female,American,1939.0,2023.0,Wikipedia,True,1
1892,"Martin, Catherine",Catherine Martin,female,Australian,1965.0,,Wikipedia,True,1
1893,"Ruzic, Neil P.",Neil P. Ruzic,,,,,,False,1
1894,"Clothier, Bill",Bill Clothier,,,,,,False,1
1895,"Roddick, Amy Redpath",Amy Redpath Roddick,male,Canadian,1846.0,1923.0,Wikipedia,True,1
1896,"Murray, Charles",Charles Murray,male,United States,1864.0,1941.0,"OpenLibrary, Wikidata",True,1
1897,"Sanborn, F. B. (Franklin Benjamin)",Franklin Benjamin Sanborn,male,American,1831.0,1917.0,"Wikipedia, Wikidata",True,1
1898,"Simson, James",James Simson,male,British,1740.0,1770.0,Wikipedia,True,1
1899,"Fetler, Andrew",Andrew Fetler,male,"United States, Latvia",1925.0,2017.0,Wikidata,True,1
1900,"Klickmann, Flora",Flora Klickmann,female,English,1867.0,1958.0,"Wikipedia, Wikidata",True,1
1901,"Royle, Edwin Milton",Edwin Milton Royle,male,American,1862.0,1942.0,"Wikipedia, OpenLibrary",True,1
1902,"Taylor, Meadows",Meadows Taylor,male,British,1808.0,1876.0,Wikipedia,True,1
1903,"Rubin, Leonard",Leonard Rubin,female,,1969.0,,Wikipedia,True,1
1904,"McDermott, William A.",William A. McDermott,male,American,1961.0,1913.0,"Wikipedia, OpenLibrary",True,1
1905,"Conant, Henry Reed",Henry Reed Conant,male,"American, French",1872.0,,"Wikipedia, OpenLibrary",True,1
1906,"Brittain, Vera",Vera Brittain,female,English,1893.0,1970.0,Wikipedia,True,1
1907,"Steele, Edward Strieby",Edward Strieby Steele,male,United States,1850.0,1942.0,"OpenLibrary, Wikidata",True,1
1908,"Reynolds, George W. M. (George William MacArthur)",George William MacArthur Reynolds,male,British,1814.0,1879.0,"Wikipedia, Wikidata",True,1
1909,"Mallory, George",George Mallory,male,"English, British",1886.0,1924.0,Wikipedia,True,1
1910,"Durkin, Douglas",Douglas Durkin,male,Canadian,1884.0,1967.0,"Wikipedia, Wikidata",True,1
1911,"Kirkman, Francis ",Francis Kirkman,male,English,1632.0,1680.0,"Wikipedia, OpenLibrary",True,1
1912," Head, Richard",Richard Head,male,"Irish, English",1637.0,1686.0,"Wikipedia, OpenLibrary",True,1
1913,"Shastid, Thomas Hall",Thomas Hall Shastid,male,American,1866.0,1947.0,"Wikipedia, OpenLibrary, Wikidata",True,1
1914,"Morgan, Charles",Charles Morgan,male,United Kingdom,1894.0,1958.0,"OpenLibrary, Wikidata",True,1
1915,"Roberts, Randal H. (Randal Howland), Sir ",Randal Howland Roberts,male,,1837.0,1899.0,"OpenLibrary, Wikidata",True,1
1916," Baker, George M. (George Melville)",George Melville Baker,male,American,1832.0,1890.0,Wikipedia,True,1
1917,"Royle, Edwin Milton ",Edwin Milton Royle,male,American,1862.0,1942.0,"Wikipedia, OpenLibrary",True,1
1918," Opp, Julie",Julie Opp,female,"American, Anglo-American",1873.0,1921.0,"Wikipedia, OpenLibrary",True,1
1919,"Casparian, Gregory",Gregory Casparian,male,Anglo-American,1856.0,1942.0,"OpenLibrary, Wikidata",True,1
1920,"Hudson, Charles B. (Charles Bradford)",Charles Bradford Hudson,male,American,1865.0,1939.0,"Wikipedia, Wikidata",True,1
1921,"Porter, Peter A. (Peter Augustus)",Peter Augustus Porter,male,American,1853.0,1925.0,"Wikipedia, OpenLibrary, Wikidata",True,1
1922,"Kirkman, Marshall M. (Marshall Monroe)",Marshall Monroe Kirkman,male,American,1842.0,1921.0,"Wikipedia, Wikidata",True,1
1923,"Hamilton, Cicely",Cicely Hamilton,male,English,1872.0,1952.0,Wikipedia,True,1
1924,"Conyers, Dorothea",Dorothea Conyers,female,Irish,1873.0,1949.0,"Wikipedia, OpenLibrary, Wikidata",True,1
1925,"Ray, George R.",George R. Ray,male,Canada,1917.0,2008.0,"OpenLibrary, Wikidata",True,1
1926,"Wetmore, Claude H.",Claude H. Wetmore,male,United States,1862.0,1944.0,"OpenLibrary, Wikidata",True,1
1927,"Muir, Edwin",Edwin Muir,male,Scottish,1887.0,1959.0,Wikipedia,True,1
1928,"Neihardt, John G.",John G. Neihardt,male,American,1881.0,1973.0,"Wikipedia, OpenLibrary",True,1
1929,"Austin, Alfred",Alfred Austin,male,English,1835.0,1913.0,Wikipedia,True,1
1930,"Hannay, David",David Hannay,male,United Kingdom,1853.0,1934.0,"OpenLibrary, Wikidata",True,1
1931,"Gibbons, Louise Élise",Louise Élise Gibbons,,,,,,False,1
1932,"Turner, Ethel",Ethel Turner,female,"Australian, English",1870.0,1958.0,"Wikipedia, OpenLibrary, Wikidata",True,1
1933,"Guptill, Elizabeth F. (Elizabeth Frances)",Elizabeth Frances Guptill,female,American,1916.0,1994.0,Wikipedia,True,1
1934,"Hadden, J. Cuthbert (James Cuthbert)",James Cuthbert Hadden,male,Scottish,1861.0,1914.0,"Wikipedia, Wikidata",True,1
1935,"Saul, Jack",Jack Saul,male,,1857.0,1904.0,"OpenLibrary, Wikidata",True,1
1936,"Gross, Samuel Eberly",Samuel Eberly Gross,male,United States,1843.0,1913.0,"OpenLibrary, Wikidata",True,1
1937,"Sykes, D. F. E. ",D. F. E. Sykes,male,,,,Wikidata,True,1
1938," Walker, George Henry",George Henry Walker,male,"United Kingdom, United Kingdom of Great Britain and Ireland",1874.0,1954.0,Wikidata,True,1
1939,"Wilson, Jean Bingham ",Jean Bingham Wilson,female,,,,OpenLibrary,True,1
1940," McNeely, Marian Hurd",Marian Hurd McNeely,female,American,1877.0,1930.0,"Wikipedia, OpenLibrary",True,1
1941,"Sykes, D. F. E.",D. F. E. Sykes,male,,,,Wikidata,True,1
1942,"Vernon, John Richard",John Richard Vernon,male,British,,1984.0,"OpenLibrary, Wikidata",True,1
1943,"Munro, Bruce Weston",Bruce Weston Munro,male,Canadian,1966.0,,Wikipedia,True,1
1944,"Thruston, Lucy M. (Lucy Meacham)",Lucy Meacham Thruston,male,American,1862.0,1938.0,"Wikipedia, OpenLibrary",True,1
1945,"Doudney, Sarah",Sarah Doudney,female,English,1841.0,1926.0,Wikipedia,True,1
1946,"Keightley, S. R. (Samuel Robert)",Samuel Robert Keightley,male,"United Kingdom, United Kingdom of Great Britain and Ireland",1859.0,1949.0,"OpenLibrary, Wikidata",True,1
1947,"Tregarthen, J. C. (John Coulson)",John Coulson Tregarthen,male,British,1854.0,1933.0,Wikipedia,True,1
1948,"Wayne, Charles Stokes",Charles Stokes Wayne,male,,1858.0,,"Wikipedia, OpenLibrary",True,1
1949,"Stephens, Kate",Kate Stephens,female,"United States, United Kingdom of Great Britain and Ireland",1853.0,1938.0,"OpenLibrary, Wikidata",True,1
1950,"Maynard, Theodore",Theodore Maynard,male,"English, American",1890.0,1956.0,Wikipedia,True,1
1951,"Montgomery, Florence",Florence Montgomery,female,English,1843.0,1923.0,Wikipedia,True,1
1952,"Bland, Hubert ",Hubert Bland,male,English,1856.0,1914.0,"Wikipedia, OpenLibrary",True,1
1953,"Huggins, E. L. (Eli Lundy)",Eli Lundy Huggins,male,American,1842.0,1929.0,Wikipedia,True,1
1954,"Senarens, Luis",Luis Senarens,male,American,1863.0,1939.0,"Wikipedia, Wikidata",True,1
1955,"McAulay, Allan",Allan McAulay,female,Scottish,1865.0,1963.0,"Wikipedia, Wikidata",True,1
1956,"Rittenhouse, Jessie Belle",Jessie Belle Rittenhouse,female,American,1869.0,1948.0,"Wikipedia, Wikidata",True,1
1957,"Courlander, Alphonse",Alphonse Courlander,,,1881.0,1914.0,OpenLibrary,True,1
1958,"Blackwood, Algernon ",Algernon Blackwood,male,English,1869.0,1951.0,Wikipedia,True,1
1959," Pearn, V. A. (Violet A.)",Violet A. Pearn,female,,,,Wikidata,True,1
1960,"Addison, Daniel Dulany",Daniel Dulany Addison,male,American,1863.0,1936.0,"Wikipedia, Wikidata",True,1
1961,"Mears, Mary M. (Mary Martha)",Mary Martha Mears,female,American,1876.0,1943.0,"Wikipedia, OpenLibrary",True,1
1962,"Bates, Oric",Oric Bates,male,American,1883.0,1918.0,"Wikipedia, OpenLibrary",True,1
1963,"Biggers, Earl Derr ",Earl Derr Biggers,male,American,1884.0,1933.0,"Wikipedia, OpenLibrary",True,1
1964," Ritchie, Robert Welles",Robert Welles Ritchie,male,American,1879.0,1942.0,"Wikipedia, OpenLibrary",True,1
1965,"Martin, Benjamin Ellis",Benjamin Ellis Martin,,,,1909.0,OpenLibrary,True,1
1966,"De Lisser, Herbert George",Herbert George De Lisser,male,,1878.0,1944.0,Wikipedia,True,1
1967,"Glass, Charles Wilder, Mrs.","Charles Wilder, Glass",female,"Polish, American",1906.0,2002.0,Wikipedia,True,1
1968,"O'Higgins, Harvey Jerrold",Harvey Jerrold O'Higgins,male,"American, Canadian",1876.0,1929.0,"Wikipedia, Wikidata",True,1
1969,"Patterson, Joseph Medill",Joseph Medill Patterson,male,American,1879.0,1946.0,Wikipedia,True,1
1970,"Binns, Henry Bryan",Henry Bryan Binns,male,English,1873.0,,"Wikipedia, OpenLibrary",True,1
1971,"Williams, William Carlos",William Carlos Williams,male,American,1883.0,1963.0,Wikipedia,True,1
1972,"Adolph, Anna",Anna Adolph,female,United States,1841.0,1917.0,Wikidata,True,1
1973,"Jay, W. M. L.",W. M. L. Jay,female,United States,1833.0,1909.0,"OpenLibrary, Wikidata",True,1
1974,"Overton, Gwendolen",Gwendolen Overton,female,,1876.0,1958.0,"OpenLibrary, Wikidata",True,1
1975,"Coverdale, Henry Standish",Henry Standish Coverdale,male,,,,OpenLibrary,True,1
1976,"Butler, William Francis, Sir","William Francis, Butler",male,"British, Irish",1838.0,1910.0,Wikipedia,True,1
1977,"Barton, George",George Barton,male,United Kingdom of Great Britain and Ireland,1866.0,1940.0,"OpenLibrary, Wikidata",True,1
1978,"Holland, Clive",Clive Holland,male,English,1866.0,1959.0,"Wikipedia, OpenLibrary",True,1
1979,"Kelly, T. Howard (Thomas Howard)",Thomas Howard Kelly,male,,1895.0,1967.0,OpenLibrary,True,1
1980,"Ingersoll, Ernest",Ernest Ingersoll,male,American,1852.0,1946.0,"Wikipedia, OpenLibrary, Wikidata",True,1
1981,"Wilkinson, Marguerite",Marguerite Wilkinson,female,"Canadian, American",1883.0,1928.0,"Wikipedia, Wikidata",True,1
1982,"Reid, Forrest",Forrest Reid,male,Irish,1875.0,1947.0,Wikipedia,True,1
1983,"Curtis, David A.",David A. Curtis,male,United States,1846.0,1923.0,"OpenLibrary, Wikidata",True,1
1984,"Loring, Frederic W. (Frederic Wadsworth)",Frederic Wadsworth Loring,,American,1848.0,1871.0,Wikipedia,True,1
1985,"Scudder, Horace Elisha",Horace Elisha Scudder,male,American,1838.0,1902.0,Wikipedia,True,1
1986,"O'Connor, William Douglas",William Douglas O'Connor,male,American,1832.0,1889.0,"Wikipedia, OpenLibrary",True,1
1987,"Horton, George",George Horton,male,United States,1860.0,1942.0,"OpenLibrary, Wikidata",True,1
1988,"Langford, George",George Langford,male,United States,1876.0,,"OpenLibrary, Wikidata",True,1
1989,"Chamberlain, Henry Richardson",Henry Richardson Chamberlain,male,American,1859.0,1911.0,"Wikipedia, OpenLibrary, Wikidata",True,1
1990,"Lewis, Wyndham",Wyndham Lewis,male,"English, Canadian, British",1882.0,1957.0,Wikipedia,True,1
1991,"Sheldon, Lurana",Lurana Sheldon,female,American,,,Wikipedia,True,1
1992,"Payson, William Farquhar",William Farquhar Payson,male,American,1876.0,1939.0,"Wikipedia, OpenLibrary, Wikidata",True,1
1993,"Flynn, Brian",Brian Flynn,male,English,1885.0,1958.0,"OpenLibrary, Wikidata",True,1
1994,"Bridges, Roy",Roy Bridges,male,Hungary,1885.0,1952.0,"OpenLibrary, Wikidata",True,1
1995,"Hartmann, Sadakichi",Sadakichi Hartmann,male,American,1867.0,1944.0,"Wikipedia, Wikidata",True,1
1996,"Delano, Edith Barnard",Edith Barnard Delano,female,American,1874.0,1946.0,"Wikipedia, OpenLibrary",True,1
1997,"M'Govan, James",James M'Govan,male,Scottish,1845.0,1919.0,"Wikipedia, Wikidata",True,1
1998,"Firbank, Ronald",Ronald Firbank,male,English,1886.0,1926.0,Wikipedia,True,1
1999,"Wynne, Madeline Yale",Madeline Yale Wynne,female,American,1847.0,1918.0,Wikipedia,True,1
2000,"Wood, Joanna E. (Joanna Ellen)",Joanna Ellen Wood,female,Canadian,1867.0,1927.0,Wikipedia,True,1
2001,"Tautphoeus, Jemima Montgomery, Baroness","Jemima Montgomery, Tautphoeus",female,"Irish, English",1807.0,1893.0,Wikipedia,True,1
2002,"Lauder, Thomas Dick, Sir","Thomas Dick, Lauder",male,Scottish,1784.0,1848.0,Wikipedia,True,1
2003,"Hilliers, Ashton",Ashton Hilliers,male,United Kingdom,1854.0,1941.0,Wikidata,True,1
2004,"Fritch, Charles E.",Charles E. Fritch,male,American,1927.0,2012.0,"Wikipedia, OpenLibrary",True,1
2005,"Pickthall, Marjorie L. C. (Marjorie Lowry Christie)",Marjorie Lowry Christie Pickthall,female,Canadian,1883.0,1922.0,Wikipedia,True,1
2006,"Bodenheim, Maxwell",Maxwell Bodenheim,male,American,1891.0,1954.0,Wikipedia,True,1
2007,"Crabbe, George",George Crabbe,male,English,1754.0,1832.0,Wikipedia,True,1
2008,"Morton, John Maddison",John Maddison Morton,male,English,1811.0,1891.0,Wikipedia,True,1
2009,"Downs, George Sheldon, Mrs.","George Sheldon, Downs",female,American,1843.0,1926.0,Wikipedia,True,1
2010,"Knox, Ronald Arbuthnott",Ronald Arbuthnott Knox,male,English,1888.0,1957.0,Wikipedia,True,1
2011,"Dery, Desiderius George",Desiderius George Dery,,,1867.0,,OpenLibrary,True,1
2012,"Hemingway, Ernest",Ernest Hemingway,male,American,1899.0,1961.0,Wikipedia,True,1
2013,"Watts, Mary S. (Mary Stanbery)",Mary Stanbery Watts,female,American,1868.0,1958.0,"Wikipedia, Wikidata",True,1
2014,"Fyleman, Rose",Rose Fyleman,female,English,1877.0,1957.0,"Wikipedia, OpenLibrary",True,1
2015,"Darlington, W. A. (William Aubrey)",William Aubrey Darlington,male,British,1890.0,1979.0,"Wikipedia, Wikidata",True,1
2016,"Sabin, Edwin L. (Edwin Legrand)",Edwin Legrand Sabin,male,American,1870.0,1952.0,"Wikipedia, Wikidata",True,1
2017,"Pryde, David",David Pryde,male,"United Kingdom, United Kingdom of Great Britain and Ireland",1834.0,1907.0,"OpenLibrary, Wikidata",True,1
2018,"Crofts, Freeman Wills",Freeman Wills Crofts,male,"Irish, French",1879.0,1957.0,"Wikipedia, OpenLibrary",True,1
2019,"MacDonald, Ronald",Ronald MacDonald,male,Canada,1860.0,1933.0,"OpenLibrary, Wikidata",True,1
2020,"Garstin, Crosbie",Crosbie Garstin,male,British,1887.0,1930.0,"Wikipedia, Wikidata",True,1
2021,"Thomas, Rowland",Rowland Thomas,male,,1879.0,1698.0,"OpenLibrary, Wikidata",True,1
2022,"Brainerd, Eleanor Hoyt",Eleanor Hoyt Brainerd,female,American,1868.0,1942.0,"Wikipedia, OpenLibrary",True,1
2023,"Field, George Blackstone",George Blackstone Field,,,1883.0,1952.0,OpenLibrary,True,1
2024,"Walsh, A. Stewart (Alexander Stewart)",Alexander Stewart Walsh,,,,,,False,1
2025,"Haviland-Taylor, Katharine",Katharine Haviland-Taylor,female,American,1891.0,1941.0,Wikipedia,True,1
2026,"Escott, T. H. S. (Thomas Hay Sweet)",Thomas Hay Sweet Escott,male,English,1844.0,1924.0,"Wikipedia, OpenLibrary, Wikidata",True,1
2027,"Meloney, William Brown",William Brown Meloney,male,United States,1878.0,1925.0,"OpenLibrary, Wikidata",True,1
2028,"Barclay, Florence L. (Florence Louisa)",Florence Louisa Barclay,female,English,1862.0,1921.0,"Wikipedia, Wikidata",True,1
2029,"Carr-Harris, Bertha",Bertha Carr-Harris,female,,1863.0,1949.0,"OpenLibrary, Wikidata",True,1
2030,"Cornford, Frances Darwin",Frances Darwin Cornford,,English,1886.0,1960.0,Wikipedia,True,1
2031,"Judson, Jeanne",Jeanne Judson,female,American,1890.0,1981.0,"Wikipedia, OpenLibrary, Wikidata",True,1
2032,"Besier, Rudolf",Rudolf Besier,male,United Kingdom,1878.0,1942.0,"OpenLibrary, Wikidata",True,1
2033,"Lockwood, Ingersoll",Ingersoll Lockwood,male,American,1841.0,1918.0,Wikipedia,True,1
2034,"Barry, John Arthur",John Arthur Barry,male,Australia,1850.0,1911.0,"OpenLibrary, Wikidata",True,1
2035,"Conwell, Russell H.",Russell H. Conwell,male,American,1843.0,1925.0,Wikipedia,True,1
2036,"Wolff, Adolf",Adolf Wolff,male,Kingdom of Württemberg,1883.0,1944.0,"Wikipedia, Wikidata",True,1
2037,"Reynolds, Mack",Mack Reynolds,male,American,1917.0,1983.0,"Wikipedia, OpenLibrary",True,1
2038,"Floyd, Silas Xavier",Silas Xavier Floyd,male,American,1869.0,1923.0,"Wikipedia, OpenLibrary",True,1
2039,"Hopf, Alice L. (Alice Lightner)",Alice Lightner Hopf,female,American,1904.0,1988.0,Wikipedia,True,1
2040,"Williams, Max",Max Williams,male,United States,1930.0,2025.0,"OpenLibrary, Wikidata",True,1
2041,"Burr, E. F. (Enoch Fitch)",Enoch Fitch Burr,male,American,1818.0,1907.0,"Wikipedia, OpenLibrary",True,1
2042,"Fyfe, H. B. (Horace Bowne)",Horace Bowne Fyfe,,,,,,False,1
2043,"Schayer, Julia Thompson von Stosch",Julia Thompson von Stosch Schayer,female,American,1840.0,1928.0,"Wikipedia, OpenLibrary",True,1
2044,"MacNamara, Brinsley",Brinsley MacNamara,male,Irish,1890.0,1963.0,"Wikipedia, OpenLibrary",True,1
2045,"Hannan, Charles",Charles Hannan,male,British,1971.0,1922.0,"Wikipedia, Wikidata",True,1
2046,"McLennan, William",William McLennan,male,Australian,1958.0,2006.0,Wikipedia,True,1
2047,"Charles, Elizabeth Rundle",Elizabeth Rundle Charles,female,English,1828.0,1896.0,"Wikipedia, OpenLibrary",True,1
2048,"Nathan, George Jean ",George Jean Nathan,male,United States,1882.0,1958.0,Wikidata,True,1
2049," Mencken, H. L. (Henry Louis)",Henry Louis Mencken,male,"American, English",1880.0,1956.0,Wikipedia,True,1
2050,"Sitwell, Osbert",Osbert Sitwell,male,English,1892.0,1969.0,Wikipedia,True,1
2051,"Cumberland, Gerald",Gerald Cumberland,male,British,1879.0,1926.0,"Wikipedia, Wikidata",True,1
2052,"Benson, Margaret",Margaret Benson,female,"British, English",1865.0,1916.0,Wikipedia,True,1
2053,"Spalding, Phebe Estelle",Phebe Estelle Spalding,female,"American, English",1859.0,1937.0,"Wikipedia, OpenLibrary",True,1
2054,"Willard, Charles Dwight",Charles Dwight Willard,female,American,1866.0,1914.0,"Wikipedia, OpenLibrary",True,1
2055,"Repp, Ed Earl",Ed Earl Repp,male,American,1901.0,1979.0,"Wikipedia, Wikidata",True,1
2056,"Knox, Thomas Wallace",Thomas Wallace Knox,male,American,1835.0,1896.0,"Wikipedia, OpenLibrary",True,1
2057,"Britton, Henry",Henry Britton,male,Australia,1843.0,1938.0,Wikidata,True,1
2058,"Macfall, Haldane",Haldane Macfall,male,British,1860.0,1926.0,Wikipedia,True,1
2059,"Lee, Ida",Ida Lee,female,Australian,1865.0,1943.0,"Wikipedia, Wikidata",True,1
2060,"Munroe, Kirk",Kirk Munroe,male,American,1850.0,1930.0,"Wikipedia, OpenLibrary, Wikidata",True,1
2061,"Peacock, Wilbur S.",Wilbur S. Peacock,male,,1915.0,1979.0,Wikidata,True,1
2062,"Dowden, Edward",Edward Dowden,male,Irish,1843.0,1913.0,"Wikipedia, OpenLibrary, Wikidata",True,1
2063,"Millet, Francis Davis",Francis Davis Millet,male,American,1848.0,1912.0,"Wikipedia, Wikidata",True,1
2064,"Crane, Nathalia",Nathalia Crane,female,"American, British, English",1913.0,1998.0,"Wikipedia, OpenLibrary",True,1
2065,"Dixon, Frederick A. (Frederick Augustus)",Frederick Augustus Dixon,male,"British, British-American",1825.0,1908.0,Wikipedia,True,1
2066,"Corbett, Julian Stafford",Julian Stafford Corbett,,,1854.0,1922.0,OpenLibrary,True,1
2067,"Warner, Anna Bartlett",Anna Bartlett Warner,female,American,1824.0,1915.0,"Wikipedia, OpenLibrary",True,1
2068,"Clarke, Ernest",Ernest Clarke,male,English,1856.0,1923.0,"Wikipedia, OpenLibrary",True,1
2069,"Farrer, Reginald",Reginald Farrer,male,English,1880.0,1920.0,"OpenLibrary, Wikidata",True,1
2070,"Demuth, Charles",Charles Demuth,,,1883.0,1935.0,OpenLibrary,True,1
2071,"Yeats, John Butler",John Butler Yeats,male,"Ireland, United Kingdom, Irish Free State",1839.0,1922.0,"OpenLibrary, Wikidata",True,1
2072,Sui Sin Far,Sui Sin Far,female,"Canadian, American",1865.0,1914.0,"Wikipedia, OpenLibrary",True,1
2073,"Loomis, Charles Battell",Charles Battell Loomis,male,American,1861.0,1911.0,"Wikipedia, Wikidata",True,1
2074,"Kreymborg, Alfred",Alfred Kreymborg,male,American,1883.0,1966.0,"Wikipedia, OpenLibrary, Wikidata",True,1
2075,"Loch, Sydney",Sydney Loch,male,Australian,1889.0,1954.0,"Wikipedia, OpenLibrary, Wikidata",True,1
2076,"Traubel, Horace",Horace Traubel,male,American,1858.0,1919.0,"Wikipedia, OpenLibrary",True,1
2077,"Lacy, Ernest",Ernest Lacy,male,,1863.0,1916.0,"OpenLibrary, Wikidata",True,1
2078,"Bosanquet, Theodora",Theodora Bosanquet,female,British,1880.0,1961.0,Wikipedia,True,1
2079,"Cronyn, George W. (George William)",George William Cronyn,male,American,1888.0,1969.0,"Wikipedia, OpenLibrary, Wikidata",True,1
2080,"Coolbrith, Ina D. (Ina Donna)",Ina Donna Coolbrith,female,American,1841.0,1928.0,Wikipedia,True,1
2081,"dePina, Albert",Albert dePina,,,,,,False,1
2082,"Mason, Caroline Atwater",Caroline Atwater Mason,female,American,1853.0,1939.0,"Wikipedia, OpenLibrary, Wikidata",True,1
2083,"Kinkaid, Mary Holland",Mary Holland Kinkaid,female,American,1861.0,1948.0,"Wikipedia, OpenLibrary, Wikidata",True,1
2084,"Goodman, Kenneth Sawyer",Kenneth Sawyer Goodman,male,,1883.0,1918.0,"OpenLibrary, Wikidata",True,1
2085,"Hammond, Lily Hardy",Lily Hardy Hammond,female,,1859.0,1925.0,"OpenLibrary, Wikidata",True,1
2086,"Pace, Tom",Tom Pace,,,,,,False,1
2087,"Walling, R. A. J. (Robert Alfred John)",Robert Alfred John Walling,male,English,1869.0,1949.0,"Wikipedia, OpenLibrary, Wikidata",True,1
2088,"Gurney, Ivor",Ivor Gurney,male,English,1890.0,1937.0,Wikipedia,True,1
2089,"Peers, E. Allison (Edgar Allison)",Edgar Allison Peers,male,English,1891.0,1952.0,"OpenLibrary, Wikidata",True,1
2090,"Blaze de Bury, Fernande",Fernande Blaze de Bury,female,France,1854.0,1931.0,Wikidata,True,1
2091,"Collins, John",John Collins,male,United Kingdom,1625.0,1683.0,"OpenLibrary, Wikidata",True,1
2092,"Maurois, André",André Maurois,male,French,1885.0,1967.0,"Wikipedia, Wikidata",True,1
2093,"Bradbury, Ray",Ray Bradbury,male,American,1920.0,2012.0,Wikipedia,True,1
2094,"Preston, Laura",Laura Preston,female,United Kingdom,1846.0,,"OpenLibrary, Wikidata",True,1
2095,"Fraser, Hugh, Mrs.","Hugh, Fraser",female,English,,1922.0,"Wikipedia, OpenLibrary",True,1
2096,"Morris, Clara",Clara Morris,female,United States,1921.0,2010.0,Wikidata,True,1
2097,"Martin, George",George Martin,male,United States,1939.0,,"OpenLibrary, Wikidata",True,1
2098,"Cunliffe-Owen, Marguerite",Marguerite Cunliffe-Owen,female,French,1859.0,1927.0,"Wikipedia, Wikidata",True,1
2099,"Beresford, Charles Edward de la Poer",Charles Edward de la Poer Beresford,male,,1850.0,1921.0,Wikidata,True,1
2100,"Higginson, Ella",Ella Higginson,female,American,1862.0,1940.0,"Wikipedia, OpenLibrary",True,1
2101,"Bixby, Jerome",Jerome Bixby,male,American,1923.0,1998.0,"Wikipedia, OpenLibrary",True,1
2102,"Adams, Francis",Francis Adams,male,"American, British",1807.0,1886.0,"Wikipedia, Wikidata",True,1
2103,"Grimké, Angelina Weld",Angelina Weld Grimké,female,American,1880.0,1958.0,"Wikipedia, Wikidata",True,1
2104,"Furst, Clyde",Clyde Furst,,,1873.0,,OpenLibrary,True,1
2105,"Taylor, Bert Leston ",Bert Leston Taylor,male,American,1866.0,1921.0,"Wikipedia, OpenLibrary, Wikidata",True,1
2106," Thoits, Alvin T.",Alvin T. Thoits,,,,,,False,1
2107,"Philip, Alex",Alex Philip,male,United States,1882.0,1968.0,"OpenLibrary, Wikidata",True,1
2108,"Wilder, Marshall P. (Marshall Pinckney)",Marshall Pinckney Wilder,male,United States,1859.0,1915.0,"OpenLibrary, Wikidata",True,1
2109,"Brereton, F. S. (Frederick Sadleir)",Frederick Sadleir Brereton,male,British,1872.0,1957.0,"Wikipedia, OpenLibrary",True,1
2110,"Moreton, Marshall",Marshall Moreton,,,1854.0,,OpenLibrary,True,1
2111,"Lamb, Harold",Harold Lamb,male,American,1892.0,1962.0,Wikipedia,True,1
2112,"Neilson, Francis",Francis Neilson,male,"British, American",1867.0,1961.0,"Wikipedia, OpenLibrary",True,1
2113,"Chesney, George Tomkyns",George Tomkyns Chesney,male,British,1830.0,1895.0,"Wikipedia, OpenLibrary",True,1
2114,"Chesterton, Cecil",Cecil Chesterton,male,English,1879.0,1918.0,Wikipedia,True,1
2115,"Mirrlees, Hope",Hope Mirrlees,female,British,1887.0,1978.0,Wikipedia,True,1
2116,"Eldridge, George Dyre",George Dyre Eldridge,male,,1848.0,1928.0,"OpenLibrary, Wikidata",True,1
2117,"Wilson, Woodrow",Woodrow Wilson,male,United States,1856.0,1924.0,"OpenLibrary, Wikidata",True,1
2118,"Weston, Jessie L. (Jessie Laidlay)",Jessie Laidlay Weston,male,"United Kingdom, United Kingdom of Great Britain and Ireland",1850.0,1928.0,"OpenLibrary, Wikidata",True,1
2119,"Allen, Hervey",Hervey Allen,male,American,1889.0,1949.0,Wikipedia,True,1
2120,"Sellar, Robert",Robert Sellar,male,United Kingdom of Great Britain and Ireland,1841.0,1919.0,"OpenLibrary, Wikidata",True,1
2121,"Thomson, Basil",Basil Thomson,male,"British, Irish",1861.0,1939.0,"Wikipedia, OpenLibrary",True,1
2122,"Davis, Oscar K. (Oscar King)",Oscar King Davis,male,,1866.0,,OpenLibrary,True,1
2123,"Johnson, Lionel",Lionel Johnson,male,English,1867.0,1902.0,"Wikipedia, OpenLibrary, Wikidata",True,1
2124,"Marlowe, Stephen",Stephen Marlowe,male,American,1928.0,2008.0,"Wikipedia, OpenLibrary",True,1
2125,"Gerberding, Elizabeth",Elizabeth Gerberding,female,United States,1857.0,1937.0,"OpenLibrary, Wikidata",True,1
2126,"Hall, Florence Howe",Florence Howe Hall,female,American,1845.0,1922.0,Wikipedia,True,1
2127,"Terhune, Albert Payson",Albert Payson Terhune,male,American,1872.0,1942.0,"Wikipedia, OpenLibrary",True,1
2128,"Nathan, George Jean",George Jean Nathan,male,United States,1882.0,1958.0,Wikidata,True,1
2129,"Carr, J. Comyns (Joseph Comyns)",Joseph Comyns Carr,,"British, English",1849.0,1916.0,"Wikipedia, OpenLibrary",True,1
2130,"Vernon, Harry M. ",Harry M. Vernon,male,United States,1878.0,1942.0,"OpenLibrary, Wikidata",True,1
2131," Miln, Louise Jordan ",Louise Jordan Miln,female,American,1864.0,1933.0,"Wikipedia, OpenLibrary, Wikidata",True,1
2132," Owen, Harold",Harold Owen,male,English,1897.0,1971.0,Wikipedia,True,1
2133,"Brinton, Howard Futhey",Howard Futhey Brinton,,,1872.0,,OpenLibrary,True,1
2134,"Lambourne, Alfred",Alfred Lambourne,male,"American, English",1850.0,1926.0,"Wikipedia, OpenLibrary",True,1
2135,"Henderson, Elliott Blaine",Elliott Blaine Henderson,,American,1938.0,,Wikipedia,True,1
2136,"Stow, Marion Cook",Marion Cook Stow,female,United States,1875.0,1910.0,"OpenLibrary, Wikidata",True,1
2137,"Eddison, Eric Rücker",Eric Rücker Eddison,male,"British, English",1935.0,1958.0,Wikipedia,True,1
2138,"Kittredge, Daniel Wright",Daniel Wright Kittredge,male,,1879.0,1958.0,OpenLibrary,True,1
2139,"Strobridge, Idah Meacham",Idah Meacham Strobridge,female,American,1855.0,1932.0,"Wikipedia, Wikidata",True,1
2140,"Rolfe, Frederick",Frederick Rolfe,male,"British, English",1860.0,1913.0,"Wikipedia, Wikidata",True,1
2141,"Browne, George Waldo",George Waldo Browne,male,,1851.0,1930.0,"OpenLibrary, Wikidata",True,1
2142,"Mentor, Lillian Frances",Lillian Frances Mentor,female,United States,,,Wikidata,True,1
2143,"Russell, Frances Theresa",Frances Theresa Russell,female,"American, English",1873.0,1936.0,"Wikipedia, OpenLibrary",True,1
2144,"Austin, Jane G. (Jane Goodwin)",Jane Goodwin Austin,female,American,1831.0,1894.0,"Wikipedia, OpenLibrary",True,1
2145,"Pollock, Frank Lillie",Frank Lillie Pollock,male,Canadian,1876.0,,Wikipedia,True,1
2146,"Bourne, Randolph Silliman",Randolph Silliman Bourne,male,American,1886.0,1918.0,Wikipedia,True,1
2147,"Woods, Katharine Pearson",Katharine Pearson Woods,female,American,1853.0,1923.0,"Wikipedia, OpenLibrary, Wikidata",True,1
2148,"Empey, Arthur Guy",Arthur Guy Empey,male,"American, British",1883.0,1963.0,Wikipedia,True,1
2149,"Travers, Graham",Graham Travers,male,British,1922.0,1994.0,Wikipedia,True,1
2150,"Gunter, Archibald Clavering",Archibald Clavering Gunter,male,British-American,1847.0,1907.0,"Wikipedia, OpenLibrary",True,1
2151,"Child, Lydia Maria",Lydia Maria Child,female,American,1802.0,1880.0,Wikipedia,True,1
2152,"Birkmaier, Elizabeth G.",Elizabeth G. Birkmaier,female,American,1847.0,1912.0,"Wikipedia, OpenLibrary",True,1
2153,"Rutter, Owen",Owen Rutter,male,English,1889.0,1944.0,"Wikipedia, OpenLibrary, Wikidata",True,1
2154,"Smith, George O. (George Oliver)",George Oliver Smith,male,American,1911.0,1981.0,"Wikipedia, OpenLibrary, Wikidata",True,1
2155,"Gray, David",David Gray,male,United Kingdom,1870.0,1968.0,"OpenLibrary, Wikidata",True,1
2156,"Wait, Frona Eunice",Frona Eunice Wait,female,American,1859.0,1946.0,Wikipedia,True,1
2157,"Donovan, Dick",Dick Donovan,male,"United Kingdom, United Kingdom of Great Britain and Ireland",1843.0,1934.0,"OpenLibrary, Wikidata",True,1
2158,"Odell, Samuel W.",Samuel W. Odell,male,United States,1864.0,1948.0,"OpenLibrary, Wikidata",True,1
2159,"Kiddier, William",William Kiddier,male,"United Kingdom, United Kingdom of Great Britain and Ireland",1859.0,1934.0,"OpenLibrary, Wikidata",True,1
2160,"Marryat, Florence",Florence Marryat,female,"British, English",1833.0,1899.0,Wikipedia,True,1
2161,"Balmer, Edwin",Edwin Balmer,male,American,1883.0,1959.0,"Wikipedia, Wikidata",True,1
2162,"Muddock, J. E. (Joyce Emmerson)",Joyce Emmerson Muddock,male,British,1843.0,1934.0,Wikipedia,True,1
2163,"Barton, Samuel",Samuel Barton,male,American,1749.0,1810.0,Wikipedia,True,1
2164,"Carter, Nicholas (House name)",House name Carter,,,,,,False,1
2165,"Alden, W. L. (William Livingston)",William Livingston Alden,male,American,1837.0,1908.0,Wikipedia,True,1
2166,"McCreagh, Gordon",Gordon McCreagh,,,,,,False,1
2167,"Everett-Green, Evelyn",Evelyn Everett-Green,female,English,1856.0,1932.0,Wikipedia,True,1
2168,"Gouraud, Aimée Crocker",Aimée Crocker Gouraud,female,American,1864.0,1941.0,Wikipedia,True,1
2169,"Noble, Alden Charles",Alden Charles Noble,male,United States,1880.0,1942.0,"OpenLibrary, Wikidata",True,1
2170,"Phillipps-Wolley, Clive",Clive Phillipps-Wolley,male,"British, Canadian",1854.0,1918.0,"Wikipedia, OpenLibrary",True,1
2171,"Bradby, G. F. (Godfrey Fox)",Godfrey Fox Bradby,male,,1863.0,1947.0,"OpenLibrary, Wikidata",True,1
2172,"Holding, Elisabeth Sanxay",Elisabeth Sanxay Holding,female,American,1889.0,1955.0,Wikipedia,True,1
2173,"Edwards, Julia",Julia Edwards,,,,,,False,1
2174,"Stratemeyer, Edward",Edward Stratemeyer,male,American,1862.0,1930.0,"Wikipedia, OpenLibrary",True,1
2175,"Hopkins, Pauline E. (Pauline Elizabeth)",Pauline Elizabeth Hopkins,female,American,1859.0,1930.0,Wikipedia,True,1
2176,"Stiles, Kate R.",Kate R. Stiles,male,"American, Canadian",1959.0,,Wikipedia,True,1
2177,"Donnelly, Eleanor C. (Eleanor Cecilia)",Eleanor Cecilia Donnelly,female,American,1838.0,1917.0,Wikipedia,True,1
2178,"Stuart, Eleanor",Eleanor Stuart,female,American,1876.0,,"Wikipedia, OpenLibrary, Wikidata",True,1
2179,"Mason, Eveleen Laura",Eveleen Laura Mason,female,American,1838.0,1914.0,"Wikipedia, Wikidata",True,1
2180,Duchess,Duchess,female,France,1855.0,1897.0,"OpenLibrary, Wikidata",True,1
2181,"Arthur, T. S. (Timothy Shay)",Timothy Shay Arthur,male,American,1809.0,1885.0,"Wikipedia, OpenLibrary",True,1
2182,"Tincker, Mary Agnes",Mary Agnes Tincker,female,American,1831.0,1907.0,"Wikipedia, OpenLibrary",True,1
2183,"Beebe, William",William Beebe,male,American,1877.0,1962.0,Wikipedia,True,1
2184,"Montgomery, Frances Trego",Frances Trego Montgomery,female,American,1858.0,1925.0,"Wikipedia, Wikidata",True,1
2185,"Farningham, Marianne",Marianne Farningham,female,British,1834.0,1909.0,"Wikipedia, OpenLibrary",True,1
2186,"Stahl, Clarence Victor",Clarence Victor Stahl,,,1885.0,,OpenLibrary,True,1
2187,"Wyllarde, Dolf",Dolf Wyllarde,female,"English, British",1871.0,1950.0,"Wikipedia, Wikidata",True,1
2188,"Dixie, Florence, Lady","Florence, Dixie",female,Scottish,1855.0,1905.0,Wikipedia,True,1
2189,"Portor, Laura Spencer",Laura Spencer Portor,female,American,1872.0,1957.0,"Wikipedia, Wikidata",True,1
2190,"MacCallum, Mungo William, Sir","Mungo William, MacCallum",male,,1854.0,1942.0,OpenLibrary,True,1
2191,"Mathews, F. Schuyler (Ferdinand Schuyler)",Ferdinand Schuyler Mathews,male,American,1854.0,1938.0,"OpenLibrary, Wikidata",True,1
2192,"Gallup, Elizabeth Wells",Elizabeth Wells Gallup,female,American,1848.0,1934.0,"Wikipedia, Wikidata",True,1
2193,"Seiler, George P.",George P. Seiler,,,,,,False,1
2194,"Fox-Davies, Arthur Charles",Arthur Charles Fox-Davies,male,British,1871.0,1928.0,"Wikipedia, OpenLibrary",True,1
2195,"Crowley, Aleister",Aleister Crowley,male,English,1875.0,1947.0,Wikipedia,True,1
2196,"Leiber, Fritz",Fritz Leiber,male,American,1910.0,1992.0,"Wikipedia, OpenLibrary",True,1
2197,"Stanley, Caroline Abbot",Caroline Abbot Stanley,female,American,1849.0,1919.0,"Wikipedia, OpenLibrary",True,1
2198,"Dudeney, Henry, Mrs.","Henry, Dudeney",female,English,1857.0,1930.0,Wikipedia,True,1
2199,"Burrell, David De Forest",David De Forest Burrell,male,American,1970.0,2015.0,Wikipedia,True,1
2200,"Warden, Gertrude",Gertrude Warden,female,English,1859.0,1925.0,Wikipedia,True,1
2201,"Denison, Thomas S. (Thomas Stewart)",Thomas Stewart Denison,male,American,1848.0,1911.0,Wikipedia,True,1
2202,"Martineau, Harriet",Harriet Martineau,female,English,1802.0,1876.0,Wikipedia,True,1
2203,"Greene, Homer",Homer Greene,male,American,2000.0,1940.0,"Wikipedia, OpenLibrary",True,1
2204,"Howard, Robert E. (Robert Ervin)",Robert Ervin Howard,male,American,1906.0,1936.0,Wikipedia,True,1
2205,"Blanco White, Amber Reeves",Amber Reeves Blanco White,female,"British, New Zealand",1887.0,1981.0,"Wikipedia, OpenLibrary",True,1
2206,"Hodder-Williams, J. E. (John Ernest) ",John Ernest Hodder-Williams,male,,1876.0,1927.0,"OpenLibrary, Wikidata",True,1
2207," Chesterton, G. K. (Gilbert Keith)",Gilbert Keith Chesterton,male,English,1874.0,1936.0,Wikipedia,True,1
2208,"Mew, Charlotte Mary",Charlotte Mary Mew,female,English,1869.0,1928.0,"Wikipedia, Wikidata",True,1
2209,"Paternoster, G. Sidney",G. Sidney Paternoster,female,"Irish-American, Irish, American",1880.0,1959.0,Wikipedia,True,1
2210,"Lubbock, Percy",Percy Lubbock,male,http://www.wikidata.org/.well-known/genid/c165edea428e2d131dbd13d4cd84fe4c,1879.0,1965.0,"OpenLibrary, Wikidata",True,1
2211,"Earle, Alice Morse",Alice Morse Earle,female,American,1851.0,1911.0,"Wikipedia, Wikidata",True,1
2212,"Guttenberg, Violet",Violet Guttenberg,female,United Kingdom,1880.0,,Wikidata,True,1
2213,"Cranston, Ruth",Ruth Cranston,female,American,1887.0,1956.0,"Wikipedia, Wikidata",True,1
2214,"Roberts, William James",William James Roberts,male,,1873.0,1941.0,"OpenLibrary, Wikidata",True,1
2215,"Haggard, Andrew",Andrew Haggard,male,American,1937.0,2016.0,Wikipedia,True,1
2216,"Naylor, J. B. (James Ball)",James Ball Naylor,male,American,1860.0,1945.0,Wikipedia,True,1
2217,"Favenc, Ernest",Ernest Favenc,male,Australian,1846.0,1908.0,"Wikipedia, OpenLibrary, Wikidata",True,1
2218,"Hemyng, Bracebridge",Bracebridge Hemyng,male,English,1841.0,1901.0,"Wikipedia, OpenLibrary",True,1
2219,"Houstoun, Mrs. (Matilda Charlotte)",Matilda Charlotte Houstoun,female,"English, American",1811.0,1892.0,"Wikipedia, Wikidata",True,1
2220,"Banning, Margaret Culkin",Margaret Culkin Banning,female,American,1891.0,1982.0,"Wikipedia, OpenLibrary, Wikidata",True,1
2221,"Lewes, George Henry",George Henry Lewes,male,United Kingdom of Great Britain and Ireland,1817.0,1878.0,"OpenLibrary, Wikidata",True,1
2222,"Turner, George Frederic",George Frederic Turner,,,1876.0,,OpenLibrary,True,1
2223,"Gray, Maxwell",Maxwell Gray,female,English,1846.0,1923.0,Wikipedia,True,1
2224,"Harrison, John Smith",John Smith Harrison,male,"American, Irish",1989.0,,Wikipedia,True,1
2225,"Synge, J. M. (John Millington) ",John Millington Synge,male,Irish,1871.0,1909.0,Wikipedia,True,1
2226," Petrarca, Francesco",Francesco Petrarca,male,Italian,1304.0,1374.0,"Wikipedia, Wikidata",True,1
2227,"Geikie, Archibald",Archibald Geikie,male,Scottish,1835.0,1924.0,"Wikipedia, OpenLibrary",True,1
2228,"Sayers, Dorothy L. (Dorothy Leigh)",Dorothy Leigh Sayers,female,English,1893.0,1957.0,"Wikipedia, Wikidata",True,1
2229,"Shanks, Edward",Edward Shanks,male,"United Kingdom, United Kingdom of Great Britain and Ireland",1892.0,1953.0,"OpenLibrary, Wikidata",True,1
2230,"Moffett, Cleveland ",Cleveland Moffett,male,American,1863.0,1926.0,"Wikipedia, OpenLibrary, Wikidata",True,1
2231,"Paine, Ralph Delahaye",Ralph Delahaye Paine,male,American,1871.0,1925.0,"Wikipedia, OpenLibrary",True,1
2232,"Staats, William",William Staats,,,1922.0,,OpenLibrary,True,1
2233,"Coxwell, Henry Tracey",Henry Tracey Coxwell,male,"British, English",1819.0,1900.0,Wikipedia,True,1
2234,"Carling, John R.",John R. Carling,male,American,,,Wikipedia,True,1
2235,"Ganthony, Richard",Richard Ganthony,male,United Kingdom,1856.0,1924.0,"Wikipedia, Wikidata",True,1
2236,"Gordon, Homer King",Homer King Gordon,female,American,1896.0,,"Wikipedia, OpenLibrary",True,1
2237,"Hackett, Walter ",Walter Hackett,male,American,1876.0,1944.0,Wikipedia,True,1
2238," Megrue, Roi Cooper",Roi Cooper Megrue,male,American,1883.0,1927.0,"Wikipedia, OpenLibrary, Wikidata",True,1
2239,"Trench, Herbert",Herbert Trench,male,Irish,1865.0,1923.0,"Wikipedia, OpenLibrary, Wikidata",True,1
