,Published Year,Etext Number
0,1979,52532
1,1979,63675
2,1979,51039
3,1979,38035
4,1979,74349
5,1979,49581
6,1979,55375
7,1979,72903
8,1979,70589
9,1979,61896
10,1979,45760
11,1979,46038
12,1979,51226
13,1979,73997
14,1979,58009
15,1979,75179
16,1979,47113
17,1979,65512
18,1979,30875
19,1979,30589
20,1979,19878
21,1979,58962
22,1979,20221
23,1979,64964
24,1979,37568
25,1979,28059
26,1979,37735
27,1979,21442
28,1979,39778
29,1979,55432
30,1979,63119
31,1979,21029
32,1979,72061
33,1979,36817
34,1979,65287
35,1979,60272
36,1979,24586
37,1979,43505
38,1979,54632
39,1979,59721
40,1979,28456
41,1979,41200
42,1979,64219
43,1979,61433
44,1979,49980
45,1979,48645
46,1979,66137
47,1979,25041
48,1979,52845
49,1979,52939
50,1979,35752
51,1979,19202
52,1979,59837
53,1979,40366
54,1979,59867
55,1979,27221
56,1979,56621
57,1979,58042
58,1979,13285
59,1979,66181
60,1979,66767
61,1979,64074
62,1979,57159
63,1979,33899
64,1979,72987
65,1979,29074
66,1979,46560
67,1979,39655
68,1979,49699
69,1979,30066
70,1979,45132
71,1979,47655
72,1979,74360
73,1979,57614
74,1979,43876
75,1979,70535
76,1979,60894
77,1979,54189
78,1979,58861
79,1979,29299
80,1979,44837
81,1979,15917
82,1979,55247
83,1979,44444
84,1979,60070
85,1979,26475
86,1979,73641
87,1979,67851
88,1979,69105
89,1979,48235
90,1979,25664
91,1979,73663
92,1979,47157
93,1979,25947
94,1979,35997
95,1979,63554
96,1979,19448
97,1979,22739
98,1979,25940
99,1979,27529
100,1979,39015
101,1979,73964
102,1979,24682
103,1979,50026
104,1979,58839
105,1979,51668
106,1979,21510
107,1979,55910
108,1979,49348
109,1979,58422
110,1979,42041
111,1979,68713
112,1979,71410
113,1979,39833
114,1979,37309
115,1979,20734
116,1979,45347
117,1979,29984
118,1979,48016
119,1979,68762
120,1979,73932
121,1979,72886
122,1979,55472
123,1979,20432
124,1979,13930
125,1979,29385
126,1979,55381
127,1979,53858
128,1979,72265
129,1979,41921
130,1979,72953
131,1979,46921
132,1979,16872
133,1979,42821
134,1979,52231
135,1979,60852
136,1979,28422
137,1979,33805
138,1979,43520
139,1979,49466
140,1979,65867
141,1979,59737
142,1979,45981
143,1979,43602
144,1979,62068
145,1979,71893
146,1979,34269
147,1979,35952
148,1979,70622
149,1979,53652
150,1979,55478
151,1979,31718
152,1979,24947
153,1979,25389
154,1979,37636
155,1979,72694
156,1979,34902
157,1979,62714
158,1979,55964
159,1979,65132
160,1979,51976
161,1979,22675
162,1979,22049
163,1979,34368
164,1979,39595
165,1979,25611
166,1979,47273
167,1979,72735
168,1979,57325
169,1979,60389
170,1979,56764
171,1979,70981
172,1979,29572
173,1979,57806
174,1979,23204
175,1979,68573
176,1979,46394
177,1979,42229
178,1979,7053
179,1979,67548
180,1979,26062
181,1979,38691
182,1979,70726
183,1979,56165
184,1979,30370
185,1979,66113
186,1979,55168
187,1979,66451
188,1979,64279
189,1979,55427
190,1979,59971
191,1979,74445
192,1979,24656
193,1979,47055
194,1979,58246
195,1979,43237
196,1979,33914
197,1979,46040
198,1979,28116
199,1979,30938
200,1979,64515
201,1979,53072
202,1979,75131
203,1979,57740
204,1979,44175
205,1979,70019
206,1979,15304
207,1979,41774
208,1979,29020
209,1979,57022
210,1979,67152
211,1979,60740
212,1979,57189
213,1979,37778
214,1979,57098
215,1979,38008
216,1979,56576
217,1979,39875
218,1979,27476
219,1979,40932
220,1979,71021
221,1979,36954
222,1979,18912
223,1979,66192
224,1979,69648
225,1979,44785
226,1979,25506
227,1979,31835
228,1979,62663
229,1979,71961
230,1979,34689
231,1979,42549
232,1979,65564
233,1979,30437
234,1979,51875
235,1979,70991
236,1979,51285
237,1979,60230
238,1979,49238
239,1979,71696
240,1979,28667
241,1979,30180
242,1979,29664
243,1979,55560
244,1979,56462
245,1979,55403
246,1979,58783
247,1979,58715
248,1979,63241
249,1979,52371
250,1979,42434
251,1979,46289
252,1979,23147
253,1979,20504
254,1979,65265
255,1979,33956
256,1979,49055
257,1979,63394
258,1979,27494
259,1979,65425
260,1979,32762
261,1979,33609
262,1979,66252
263,1979,39844
264,1979,67246
265,1979,45502
266,1979,71186
267,1979,19006
268,1979,55129
269,1979,34804
270,1979,30130
271,1979,27394
272,1979,43347
273,1979,39918
274,1979,43369
275,1979,66002
276,1979,39606
277,1979,36746
278,1979,38822
279,1979,61598
280,1979,24931
281,1979,60015
282,1979,60248
283,1979,20249
284,1979,28880
285,1979,35489
286,1979,46815
287,1979,47829
288,1979,64835
289,1979,15918
290,1979,58470
291,1979,34831
292,1979,60367
293,1979,48137
294,1979,49225
295,1979,73122
296,1979,43177
297,1979,31722
298,1979,59444
299,1979,42057
300,1979,56765
301,1979,58942
302,1979,38652
303,1979,31677
304,1979,41997
305,1979,66503
306,1979,41925
307,1979,30184
308,1979,17286
309,1979,42735
310,1979,58921
311,1979,69994
312,1979,71175
313,1979,62794
314,1979,36215
315,1979,29345
316,1979,42890
317,1979,74563
318,1979,35793
319,1979,67355
320,1979,51291
321,1979,46140
322,1979,40721
323,1979,55540
324,1979,63091
325,1979,49659
326,1979,50737
327,1979,29587
328,1979,50098
329,1979,30780
330,1979,54606
331,1979,30048
332,1979,71020
333,1979,27378
334,1979,25373
335,1979,28041
336,1979,35890
337,1979,68763
338,1979,66525
339,1979,75563
340,1979,71508
341,1979,24878
342,1979,649
343,1979,53018
344,1979,69481
345,1979,39767
346,1979,48138
347,1979,70971
348,1979,67816
349,1979,17347
350,1979,66958
351,1979,55876
352,1979,32227
353,1979,73657
354,1979,36504
355,1979,75230
356,1979,59907
357,1979,39904
358,1979,26277
359,1979,32312
360,1979,57725
361,1979,71736
362,1979,75350
363,1979,57288
364,1979,52838
365,1979,44924
366,1979,44873
367,1979,40666
368,1979,55062
369,1979,20408
370,1979,20248
371,1979,58146
372,1979,50822
373,1979,66919
374,1979,64226
375,1979,50468
376,1979,75524
377,1979,59484
378,1979,59192
379,1979,46678
380,1979,27431
381,1979,29701
382,1979,29092
383,1979,55143
384,1979,55612
385,1979,27567
386,1979,37893
387,1979,24522
388,1979,63208
389,1979,65189
390,1979,54253
391,1979,46917
392,1979,19160
393,1979,33887
394,1979,41617
395,1979,64134
396,1979,71432
397,1979,59457
398,1979,44353
399,1979,19139
400,1979,74725
401,1979,51209
402,1979,45634
403,1979,36674
404,1979,52786
405,1979,39940
406,1979,63299
407,1979,73411
408,1979,36924
409,1979,20055
410,1979,41732
411,1979,68150
412,1979,30081
413,1979,61788
414,1979,61764
415,1979,38782
416,1979,49073
417,1979,55993
418,1979,10292
419,1979,41541
420,1979,36150
421,1979,26311
422,1979,59050
423,1979,65606
424,1979,74834
425,1979,35082
426,1979,17204
427,1979,73133
428,1979,20456
429,1979,36043
430,1979,20311
431,1979,24161
432,1979,66688
433,1979,43300
434,1979,39754
435,1979,36503
436,1979,48342
437,1979,63057
438,1979,30708
439,1979,45489
440,1979,22472
441,1979,57602
442,1979,46199
443,1979,67436
444,1979,50700
445,1979,57400
446,1979,41869
447,1979,20377
448,1979,1645
449,1979,39909
450,1979,54080
451,1979,26310
452,1979,58609
453,1979,53099
454,1979,58406
455,1979,57200
456,1979,49078
457,1979,63219
458,1979,71549
459,1979,28856
460,1979,35586
461,1979,58073
462,1979,45778
463,1979,60590
464,1979,44976
465,1979,24493
466,1979,52977
467,1979,27372
468,1979,37453
469,1979,49009
470,1979,67059
471,1979,51605
472,1979,46432
473,1979,50289
474,1979,62815
475,1979,54969
476,1979,33656
477,1979,35055
478,1979,67685
479,1979,29752
480,1979,58005
481,1979,65918
482,1979,53136
483,1979,67085
484,1979,60260
485,1979,54915
486,1979,25976
487,1979,30672
488,1979,22324
489,1979,43160
490,1979,26128
491,1979,62176
492,1979,53235
493,1979,10035
494,1979,62414
495,1979,32581
496,1979,18503
497,1979,18674
498,1979,19443
499,1979,69026
500,1979,36744
501,1979,25632
502,1979,26857
503,1979,54610
504,1979,44406
505,1979,28725
506,1979,42452
507,1979,66036
508,1979,60940
509,1979,46543
510,1979,16500
511,1979,70629
512,1979,74498
513,1979,31823
514,1979,64260
515,1979,16126
516,1979,50621
517,1979,55132
518,1979,14052
519,1979,46618
520,1979,20068
521,1979,55061
522,1979,57434
523,1979,19723
524,1979,28295
525,1979,32491
526,1979,41229
527,1979,22088
528,1979,70420
529,1979,43588
530,1979,25638
531,1979,67866
532,1979,60326
533,1979,62102
534,1979,46577
535,1979,36773
536,1979,72708
537,1979,58109
538,1979,32677
539,1979,14716
540,1979,19475
541,1979,31646
542,1979,51848
543,1979,53518
544,1979,60770
545,1979,72689
546,1979,38837
547,1979,64683
548,1979,17203
549,1979,32368
550,1979,56689
551,1979,57810
552,1979,35212
553,1979,27797
554,1979,40355
555,1979,48152
556,1979,53245
557,1979,20814
558,1979,28308
559,1979,62742
560,1979,59264
561,1979,70943
562,1979,57595
563,1979,52026
564,1979,65247
565,1979,42884
566,1979,30598
567,1979,25017
568,1979,42795
569,1979,48978
570,1979,51489
571,1979,44643
572,1979,70323
573,1979,29178
574,1979,44004
575,1979,67012
576,1979,56693
577,1979,60143
578,1979,46648
579,1979,69270
580,1979,44912
581,1979,56746
582,1979,40005
583,1979,59307
584,1979,66640
585,1979,66000
586,1979,34853
587,1979,70614
588,1979,32767
589,1979,38308
590,1979,59398
591,1979,39860
592,1979,63882
593,1979,18275
594,1979,50424
595,1979,64459
596,1979,34180
597,1979,74978
598,1979,73020
599,1979,71385
600,1979,30198
601,1979,52300
602,1979,36508
603,1979,75114
604,1979,51393
605,1979,56079
606,1979,60043
607,1979,59815
608,1979,773
609,1979,56302
610,1979,39528
611,1979,60807
612,1979,38959
613,1979,67346
614,1979,3189
615,1979,72461
616,1979,68097
617,1979,70595
618,1979,18252
619,1979,18563
620,1979,35920
621,1979,32135
622,1979,56308
623,1979,46125
624,1979,47304
625,1979,73475
626,1979,56658
627,1979,21284
628,1979,37342
629,1979,48551
630,1979,48123
631,1979,49343
632,1979,70090
633,1979,16139
634,1979,30090
635,1979,28468
636,1979,57912
637,1979,60858
638,1979,60294
639,1979,36374
640,1979,26660
641,1979,53627
642,1979,67692
643,1979,57231
644,1979,38120
645,1979,47793
646,1979,9898
647,1979,62560
648,1979,60285
649,1979,24811
650,1979,33978
651,1979,58407
652,1979,26382
653,1979,35029
654,1979,55032
655,1979,58716
656,1979,45821
657,1979,40559
658,1979,73787
659,1979,70204
660,1979,18931
661,1979,51897
662,1979,66070
663,1979,69858
664,1979,18835
665,1979,32153
666,1979,70434
667,1979,58752
668,1979,35023
669,1979,14829
670,1979,66304
671,1979,40812
672,1979,40077
673,1979,40362
674,1979,17300
675,1979,52148
676,1979,72846
677,1979,22267
678,1979,55212
679,1979,17128
680,1979,9481
681,1979,66813
682,1979,44056
683,1979,17721
684,1979,26367
685,1979,40214
686,1979,27437
687,1979,31078
688,1979,74076
689,1979,34592
690,1979,65978
691,1979,20191
692,1979,55011
693,1979,22609
694,1979,53610
695,1979,48389
696,1979,45788
697,1979,40167
698,1979,58314
699,1979,65563
700,1979,27085
701,1979,70441
702,1979,49491
703,1979,72651
704,1979,55743
705,1979,68367
706,1979,40896
707,1979,64189
708,1979,28043
709,1979,58169
710,1979,42281
711,1979,65153
712,1979,66190
713,1979,40948
714,1979,55986
715,1979,53698
716,1979,32356
717,1979,70771
718,1979,42170
719,1979,39159
720,1979,31682
721,1979,33492
722,1979,39040
723,1979,53408
724,1979,67097
725,1979,28614
726,1979,59885
727,1979,62994
728,1979,17050
729,1979,61367
730,1979,27101
731,1979,40078
732,1979,20561
733,1979,72830
734,1979,45209
735,1979,19387
736,1979,32598
737,1979,17291
738,1979,30823
739,1979,64923
740,1979,60860
741,1979,73271
742,1979,40242
743,1979,48241
744,1979,51387
745,1979,37063
746,1979,31940
747,1979,47450
748,1979,42367
749,1979,74727
750,1979,68514
751,1979,1383
752,1979,55982
753,1979,38529
754,1979,1991
755,1979,73680
756,1979,66242
757,1979,71034
758,1979,39979
759,1979,48497
760,1979,69093
761,1979,53910
762,1979,20838
763,1979,28915
764,1979,57646
765,1979,21254
766,1979,45596
767,1979,26893
768,1979,32362
769,1979,13924
770,1979,40425
771,1979,68127
772,1979,53917
773,1979,73019
774,1979,60898
775,1979,25174
776,1979,69307
777,1979,10047
778,1979,29083
779,1979,52161
780,1979,36177
781,1979,24982
782,1979,44391
783,1979,49380
784,1979,33389
785,1979,72107
786,1979,72775
787,1979,21197
788,1979,55583
789,1979,29331
790,1979,39914
791,1979,70100
792,1979,26142
793,1979,50237
794,1979,53770
795,1979,16666
796,1979,25610
797,1979,42059
798,1979,19876
799,1979,73755
800,1979,58551
801,1979,41284
802,1979,62230
803,1979,28925
804,1979,53765
805,1979,39614
806,1979,64332
807,1979,56358
808,1979,38026
809,1979,1382
810,1979,15648
811,1979,32771
812,1979,43517
813,1979,26862
814,1979,27273
815,1979,71827
816,1979,18713
817,1979,34369
818,1979,43800
819,1979,36173
820,1979,23736
821,1979,34942
822,1979,51491
823,1979,55678
824,1979,70164
825,1979,67022
826,1979,49740
827,1979,24635
828,1979,34523
829,1979,20107
830,1979,51415
831,1979,28612
832,1979,55997
833,1979,33687
834,1979,20656
835,1979,53063
836,1979,36569
837,1979,45705
838,1979,60816
839,1979,64636
840,1979,70575
841,1979,24770
842,1979,70307
843,1979,44048
844,1979,59634
845,1979,1057
846,1979,41839
847,1979,58542
848,1979,44750
849,1979,31412
850,1979,46677
851,1979,60280
852,1979,65431
853,1979,20289
854,1979,29264
855,1979,40658
856,1979,48635
857,1979,44973
858,1979,62235
859,1979,35006
860,1979,46449
861,1979,47948
862,1979,52623
863,1979,57164
864,1979,71695
865,1979,33758
866,1979,41810
867,1979,23763
868,1979,58126
869,1979,58895
870,1979,35520
871,1979,61436
872,1979,50321
873,1979,26552
874,1979,654
875,1979,64578
876,1979,54859
877,1979,60220
878,1979,51538
879,1979,69511
880,1979,53776
881,1979,33367
882,1979,58856
883,1979,50651
884,1979,26798
885,1979,25566
886,1979,48441
887,1979,68861
888,1979,54034
889,1979,64312
890,1979,64936
891,1979,70671
892,1979,66785
893,1979,55660
894,1979,52622
895,1979,30114
896,1979,23768
897,1979,54429
898,1979,32483
899,1979,66376
900,1979,56909
901,1979,64455
902,1979,28216
903,1979,46641
904,1979,75561
905,1979,55491
906,1979,48314
907,1979,42004
908,1979,55596
909,1979,52066
910,1979,56088
911,1979,66027
912,1979,71946
913,1979,44191
914,1979,66689
915,1979,33253
916,1979,46434
917,1979,57818
918,1979,26281
919,1979,63514
920,1979,69171
921,1979,44769
922,1979,19922
923,1979,49708
924,1979,37359
925,1979,38091
926,1979,35570
927,1979,65205
928,1979,68662
929,1979,75239
930,1979,25322
931,1979,61261
932,1979,66358
933,1979,36751
934,1979,66012
935,1979,60007
936,1979,47960
937,1979,59276
938,1979,56436
939,1979,36711
940,1979,20160
941,1979,41835
942,1979,38763
943,1979,53288
944,1979,52787
945,1979,66305
946,1979,65261
947,1979,46973
948,1979,38567
949,1979,37814
950,1979,54944
951,1979,70254
952,1979,41922
953,1979,40293
954,1979,65173
955,1979,39684
956,1979,27005
957,1979,53631
958,1979,61055
959,1979,47782
960,1979,43518
961,1979,17558
962,1979,64763
963,1979,66667
964,1979,53040
965,1979,45496
966,1979,65454
967,1979,69416
968,1979,43370
969,1979,34030
970,1979,44401
971,1979,29440
972,1979,31251
973,1979,72477
974,1979,45609
975,1979,68289
976,1979,37041
977,1979,58998
978,1979,16404
979,1979,74239
980,1979,72645
981,1979,41333
982,1979,50592
983,1979,42451
984,1979,50458
985,1979,30659
986,1979,55907
987,1979,17775
988,1979,39542
989,1979,49122
990,1979,22252
991,1979,47633
992,1979,24182
993,1979,57102
994,1979,26657
995,1979,33409
996,1979,23754
997,1979,42544
998,1979,47577
999,1979,47927
1000,1979,44890
1001,1979,34591
1002,1979,64150
1003,1979,61105
1004,1979,67925
1005,1979,54255
1006,1979,51299
1007,1979,58897
1008,1979,68769
1009,1979,56618
1010,1979,29458
1011,1979,70670
1012,1979,52816
1013,1979,60391
1014,1979,40191
1015,1979,46946
1016,1979,372
1017,1979,37597
1018,1979,30003
1019,1979,52723
1020,1979,15843
1021,1979,32367
1022,1979,60757
1023,1979,57924
1024,1979,61774
1025,1979,37960
1026,1979,64703
1027,1979,70881
1028,1979,58117
1029,1979,42115
1030,1979,41109
1031,1979,52644
1032,1979,37738
1033,1979,53824
1034,1979,12383
1035,1979,65783
1036,1979,47701
1037,1979,63932
1038,1979,56502
1039,1979,53774
1040,1979,47995
1041,1979,73830
1042,1979,54719
1043,1979,51418
1044,1979,61931
1045,1979,54537
1046,1979,54223
1047,1979,20041
1048,1979,29438
1049,1979,55842
1050,1979,21508
1051,1979,14128
1052,1979,49403
1053,1979,36784
1054,1979,42716
1055,1979,69513
1056,1979,60572
1057,1979,70839
1058,1979,64464
1059,1979,51510
1060,1979,24582
1061,1979,59485
1062,1979,10033
1063,1979,58001
1064,1979,71944
1065,1979,57750
1066,1979,59658
1067,1979,71812
1068,1979,71496
1069,1979,54897
1070,1979,59694
1071,1979,25538
1072,1979,22956
1073,1979,38511
1074,1979,70708
1075,1979,17107
1076,1979,67650
1077,1979,73584
1078,1979,70822
1079,1979,35574
1080,1979,40286
1081,1979,33643
1082,1979,58732
1083,1979,70169
1084,1979,63506
1085,1979,54257
1086,1979,67322
1087,1979,64265
1088,1979,40621
1089,1979,75448
1090,1979,72300
1091,1979,23645
1092,1979,24857
1093,1979,69128
1094,1979,24719
1095,1979,27666
1096,1979,70328
1097,1979,14515
1098,1979,39344
1099,1979,36417
1100,1979,33122
1101,1979,36005
1102,1979,34845
1103,1979,39879
1104,1979,35224
1105,1979,28594
1106,1979,40163
1107,1979,21964
1108,1979,1855
1109,1979,38739
1110,1979,17108
1111,1979,46400
1112,1979,70506
1113,1979,54628
1114,1979,48547
1115,1979,15751
1116,1979,37823
1117,1979,73828
1118,1979,71712
1119,1979,17650
1120,1979,36565
1121,1979,63396
1122,1979,10092
1123,1979,44729
1124,1979,52448
1125,1979,63624
1126,1979,31532
1127,1979,61967
1128,1979,33102
1129,1979,38020
1130,1979,53130
1131,1979,73021
1132,1979,40173
1133,1979,20368
1134,1979,24197
1135,1979,32219
1136,1979,20106
1137,1979,60191
1138,1979,25480
1139,1979,68572
1140,1979,10544
1141,1979,48754
1142,1979,18206
1143,1979,35486
1144,1979,71179
1145,1979,29365
1146,1979,38676
1147,1979,40670
1148,1979,19550
1149,1979,20839
1150,1979,51500
1151,1979,57916
1152,1979,63157
1153,1979,70283
1154,1979,54576
1155,1979,56168
1156,1979,70016
1157,1979,40171
1158,1979,70855
1159,1979,46971
1160,1979,18328
1161,1979,31997
1162,1979,26120
1163,1979,1038
1164,1979,54454
1165,1979,32949
1166,1979,60880
1167,1979,24419
1168,1979,52823
1169,1979,18274
1170,1979,63455
1171,1979,69351
1172,1979,34607
1173,1979,50961
1174,1979,38555
1175,1979,21645
1176,1979,26121
1177,1979,49950
1178,1979,52940
1179,1979,37691
1180,1979,71753
1181,1979,61200
1182,1979,32960
1183,1979,54970
1184,1979,42747
1185,1979,15740
1186,1979,28655
1187,1979,49858
1188,1979,32146
1189,1979,65995
1190,1979,34850
1191,1979,39920
1192,1979,64888
1193,1979,56428
1194,1979,18673
1195,1979,24940
1196,1979,35902
1197,1979,39602
1198,1979,70640
1199,1979,71888
1200,1979,69934
1201,1979,58604
1202,1979,27764
1203,1979,54757
1204,1979,58728
1205,1979,52877
1206,1979,60261
1207,1979,60226
1208,1979,61725
1209,1979,62668
1210,1979,70802
1211,1979,50623
1212,1979,24285
1213,1979,29131
1214,1979,65424
1215,1979,72167
1216,1979,54394
1217,1979,34772
1218,1979,54203
1219,1979,57268
1220,1979,63405
1221,1979,71685
1222,1979,73930
1223,1979,34215
1224,1979,19958
1225,1979,44600
1226,1979,73261
1227,1979,22303
1228,1979,37947
1229,1979,68113
1230,1979,36279
1231,1979,32706
1232,1979,54334
1233,1979,70031
1234,1979,59131
1235,1979,32855
1236,1979,62590
1237,1979,75420
1238,1979,38153
1239,1979,12460
1240,1979,52061
1241,1979,73917
1242,1979,63616
1243,1979,40032
1244,1979,64573
1245,1979,56135
1246,1979,59743
1247,1979,47722
1248,1979,55531
1249,1979,67527
1250,1979,39610
1251,1979,27785
1252,1979,23430
1253,1979,3228
1254,1979,66089
1255,1979,39274
1256,1979,55256
1257,1979,54549
1258,1979,62456
1259,1979,71595
1260,1979,70781
1261,1979,28764
1262,1979,73532
1263,1979,20616
1264,1979,20893
1265,1979,70654
1266,1979,18934
1267,1979,33721
1268,1979,46248
1269,1979,52189
1270,1979,69834
1271,1979,33331
1272,1979,34552
1273,1979,15285
1274,1979,20497
1275,1979,56104
1276,1979,19977
1277,1979,54181
1278,1979,61152
1279,1979,43477
1280,1979,74579
1281,1979,55415
1282,1979,17618
1283,1979,68260
1284,1979,31217
1285,1979,31383
1286,1979,19893
1287,1979,33716
1288,1979,40381
1289,1979,20369
1290,1979,63407
1291,1979,36664
1292,1979,17192
1293,1979,60662
1294,1979,47239
1295,1979,63622
1296,1979,62948
1297,1979,33756
1298,1979,47643
1299,1979,38632
1300,1979,27790
1301,1979,58882
1302,1979,64223
1303,1979,67551
1304,1979,34655
1305,1979,52648
1306,1979,25371
1307,1979,48057
1308,1979,21991
1309,1979,51341
1310,1979,57045
1311,1979,74390
1312,1979,34447
1313,1979,33342
1314,1979,24826
1315,1979,48642
1316,1979,11441
1317,1979,51002
1318,1979,18217
1319,1979,59914
1320,1979,30993
1321,1979,26390
1322,1979,36591
1323,1979,55105
1324,1979,74112
1325,1979,28444
1326,1979,71671
1327,1979,40806
1328,1979,64749
1329,1979,69716
1330,1979,63603
1331,1979,21054
1332,1979,31832
1333,1979,53174
1334,1979,66212
1335,1979,27493
1336,1979,39041
1337,1979,50414
1338,1979,15478
1339,1979,69079
1340,1979,67310
1341,1979,28434
1342,1979,63354
1343,1979,44701
1344,1979,67714
1345,1979,55234
1346,1979,53538
1347,1979,57800
1348,1979,39459
1349,1979,27702
1350,1979,58588
1351,1979,25701
1352,1979,22236
1353,1979,32052
1354,1979,52385
1355,1979,21919
1356,1979,61589
1357,1979,33473
1358,1979,41940
1359,1979,48266
1360,1979,43770
1361,1979,49064
1362,1979,69016
1363,1979,47692
1364,1979,40442
1365,1979,23292
1366,1979,32772
1367,1979,22257
1368,1979,25118
1369,1979,60146
1370,1979,66550
1371,1979,39522
1372,1979,51259
1373,1979,67043
1374,1979,52607
1375,1979,67736
1376,1979,55930
1377,1979,28245
1378,1979,52325
1379,1979,25532
1380,1979,19896
1381,1979,67795
1382,1979,41388
1383,1979,27747
1384,1979,40232
1385,1979,66745
1386,1979,69725
1387,1979,53860
1388,1979,24457
1389,1979,53487
1390,1979,46756
1391,1979,47013
1392,1979,37388
1393,1979,61359
1394,1979,64419
1395,1979,73166
1396,1979,19368
1397,1979,68568
1398,1979,63379
1399,1979,50895
1400,1979,31413
1401,1979,68801
1402,1979,789
1403,1979,48492
1404,1979,23916
1405,1979,69672
1406,1979,39629
1407,1979,58695
1408,1979,75177
1409,1979,53945
1410,1979,20980
1411,1979,47515
1412,1979,50510
1413,1979,69337
1414,1979,57055
1415,1979,70130
1416,1979,33727
1417,1979,27052
1418,1979,48344
1419,1979,55347
1420,1979,69888
1421,1979,70301
1422,1979,71748
1423,1979,74301
1424,1979,30415
1425,1979,44496
1426,1979,39275
1427,1979,46605
1428,1979,33437
1429,1979,31789
1430,1979,61512
1431,1979,35771
1432,1979,71550
1433,1979,41283
1434,1979,27902
1435,1979,27595
1436,1979,61909
1437,1979,46019
1438,1979,27572
1439,1979,53375
1440,1979,44186
1441,1979,58836
1442,1979,69866
1443,1979,29257
1444,1979,67600
1445,1979,53719
1446,1979,18789
1447,1979,31370
1448,1979,57356
1449,1979,62599
1450,1979,19592
1451,1979,33421
1452,1979,67652
1453,1979,28445
1454,1979,25068
1455,1979,60756
1456,1979,46825
1457,1979,72426
1458,1979,65953
1459,1979,58717
1460,1979,22103
1461,1979,45376
1462,1979,56800
1463,1979,58881
1464,1979,40759
1465,1979,45256
1466,1979,61462
1467,1979,72542
1468,1979,43331
1469,1979,58813
1470,1979,47242
1471,1979,68823
1472,1979,27305
1473,1979,75522
1474,1979,11193
1475,1979,27139
1476,1979,36219
1477,1979,42949
1478,1979,57962
1479,1979,65304
1480,1979,43544
1481,1979,49829
1482,1979,24928
1483,1979,45912
1484,1979,71307
1485,1979,18350
1486,1979,46573
1487,1979,37407
1488,1979,47356
1489,1979,65091
1490,1979,24553
1491,1979,40069
1492,1979,21261
1493,1979,49166
1494,1979,25598
1495,1979,33830
1496,1979,65319
1497,1979,58270
1498,1979,58322
1499,1979,60252
1500,1979,72518
1501,1979,69184
1502,1979,57110
1503,1979,15198
1504,1979,63388
1505,1979,52237
1506,1979,56083
1507,1979,62947
1508,1979,74786
1509,1979,21416
1510,1979,35106
1511,1979,30939
1512,1979,68175
1513,1979,53697
1514,1979,9961
1515,1979,71752
1516,1979,45365
1517,1979,44794
1518,1979,71194
1519,1979,56570
1520,1979,25905
1521,1979,19115
1522,1979,30549
1523,1979,42199
1524,1979,71791
1525,1979,63373
1526,1979,70980
1527,1979,64944
1528,1979,48949
1529,1979,39394
1530,1979,17162
1531,1979,19935
1532,1979,20173
1533,1979,39047
1534,1979,58694
1535,1979,59698
1536,1979,41346
1537,1979,48897
1538,1979,33110
1539,1979,10018
1540,1979,45839
1541,1979,17953
1542,1979,70730
1543,1979,57215
1544,1979,36285
1545,1979,53210
1546,1979,38274
1547,1979,47466
1548,1979,53480
1549,1979,58681
1550,1979,67784
1551,1979,43677
1552,1979,50487
1553,1979,49065
1554,1979,28899
1555,1979,51390
1556,1979,69620
1557,1979,70146
1558,1979,55368
1559,1979,27444
1560,1979,22832
1561,1979,60471
1562,1979,28981
1563,1979,36228
1564,1979,16996
1565,1979,42163
1566,1979,44733
1567,1979,49982
1568,1979,21785
1569,1979,32488
1570,1979,18071
1571,1979,33582
1572,1979,51997
1573,1979,28442
1574,1979,50041
1575,1979,51116
1576,1979,22222
1577,1979,40064
1578,1979,26898
1579,1979,40246
1580,1979,46788
1581,1979,37785
1582,1979,61595
1583,1979,24532
1584,1979,53545
1585,1979,30113
1586,1979,54550
1587,1979,50096
1588,1979,22067
1589,1979,57042
1590,1979,31367
1591,1979,49405
1592,1979,61727
1593,1979,45238
1594,1979,72464
1595,1979,53351
1596,1979,55366
1597,1979,67710
1598,1979,66173
1599,1979,69705
1600,1979,53456
1601,1979,28749
1602,1979,39539
1603,1979,19441
1604,1979,49027
1605,1979,72327
1606,1979,57509
1607,1979,74134
1608,1979,56042
1609,1979,63055
1610,1979,21198
1611,1979,71425
1612,1979,65160
1613,1979,64638
1614,1979,58112
1615,1979,64281
1616,1979,32004
1617,1979,72221
1618,1979,50014
1619,1979,62646
1620,1979,65754
1621,1979,29033
1622,1979,15530
1623,1979,37544
1624,1979,65740
1625,1979,39158
1626,1979,45177
1627,1979,39110
1628,1979,24387
1629,1979,19780
1630,1979,70741
1631,1979,34125
1632,1979,27258
1633,1979,46134
1634,1979,69812
1635,1979,65893
1636,1979,40161
1637,1979,68469
1638,1979,49203
1639,1979,69745
1640,1979,70721
1641,1979,37566
1642,1979,35083
1643,1979,49087
1644,1979,68209
1645,1979,39723
1646,1979,65065
1647,1979,57385
1648,1979,14341
1649,1979,67753
1650,1979,73420
1651,1979,52988
1652,1979,28561
1653,1979,33268
1654,1979,55486
1655,1979,33502
1656,1979,19019
1657,1979,25608
1658,1979,40804
1659,1979,57273
1660,1979,61061
1661,1979,49820
1662,1979,69361
1663,1979,72299
1664,1979,70281
1665,1979,64148
1666,1979,70768
1667,1979,30444
1668,1979,43259
1669,1979,34597
1670,1979,45195
1671,1979,51290
1672,1979,52638
1673,1979,43201
1674,1979,59060
1675,1979,62483
1676,1979,26457
1677,1979,52775
1678,1979,20552
1679,1979,54996
1680,1979,55493
1681,1979,50862
1682,1979,32415
1683,1979,29611
1684,1979,74910
1685,1979,52932
1686,1979,53316
1687,1979,24092
1688,1979,67593
1689,1979,41985
1690,1979,43123
1691,1979,64574
1692,1979,66197
1693,1979,29008
1694,1979,23609
1695,1979,60658
1696,1979,72011
1697,1979,20644
1698,1979,43016
1699,1979,49709
1700,1979,41386
1701,1979,41621
1702,1979,38794
1703,1979,47501
1704,1979,30191
1705,1979,35993
1706,1979,68315
1707,1979,35133
1708,1979,17508
1709,1979,53112
1710,1979,57664
1711,1979,11177
1712,1979,15928
1713,1979,31851
1714,1979,39416
1715,1979,50404
1716,1979,17497
1717,1979,33617
1718,1979,15962
1719,1979,62818
1720,1979,65903
1721,1979,15595
1722,1979,70237
1723,1979,46330
1724,1979,54905
1725,1979,57343
1726,1979,39233
1727,1979,73267
1728,1979,61401
1729,1979,51132
1730,1979,18375
1731,1979,71574
1732,1979,34986
1733,1979,24574
1734,1979,67503
1735,1979,53307
1736,1979,70438
1737,1979,75210
1738,1979,20917
1739,1979,27879
1740,1979,51216
1741,1979,56587
1742,1979,70306
1743,1979,69647
1744,1979,39221
1745,1979,75265
1746,1979,48758
1747,1979,25770
1748,1979,44065
1749,1979,37713
1750,1979,48438
1751,1979,67414
1752,1979,34888
1753,1979,16757
1754,1979,58271
1755,1979,3255
1756,1979,39486
1757,1979,51057
1758,1979,38391
1759,1979,52115
1760,1979,54682
1761,1979,42918
1762,1979,40196
1763,1979,37717
1764,1979,23354
1765,1979,53353
1766,1979,75093
1767,1979,19360
1768,1979,51271
1769,1979,52812
1770,1979,74916
1771,1979,22343
1772,1979,25383
1773,1979,46830
1774,1979,52522
1775,1979,57277
1776,1979,41168
1777,1979,20910
1778,1979,42819
1779,1979,66848
1780,1979,6404
1781,1979,61025
1782,1979,48024
1783,1979,42515
1784,1979,49967
1785,1979,39084
1786,1979,56084
1787,1979,67878
1788,1979,59937
1789,1979,18604
1790,1979,54790
1791,1979,35511
1792,1979,27519
1793,1979,38873
1794,1979,60342
1795,1979,52800
1796,1979,58558
1797,1979,54633
1798,1979,74252
1799,1979,17253
1800,1979,31500
1801,1979,46533
1802,1979,50257
1803,1979,36922
1804,1979,57181
1805,1979,51248
1806,1979,67232
1807,1979,70433
1808,1979,71169
1809,1979,27602
1810,1979,15622
1811,1979,69684
1812,1979,28026
1813,1979,10032
1814,1979,22519
1815,1979,47512
1816,1979,46414
1817,1979,57487
1818,1979,66052
1819,1979,74782
1820,1979,19138
1821,1979,49866
1822,1979,55595
1823,1979,48275
1824,1979,64753
1825,1979,69560
1826,1979,71742
1827,1979,25932
1828,1979,36760
1829,1979,30845
1830,1979,30455
1831,1979,18790
1832,1979,52154
1833,1979,57118
1834,1979,18383
1835,1979,48468
1836,1979,47127
1837,1979,31283
1838,1979,54161
1839,1979,55315
1840,1979,53732
1841,1979,45077
1842,1979,13056
1843,1979,62614
1844,1979,70339
1845,1979,32459
1846,1979,62822
1847,1979,29721
1848,1979,30873
1849,1979,21427
1850,1979,28152
1851,1979,39206
1852,1979,59747
1853,1979,33187
1854,1979,23678
1855,1979,55705
1856,1979,59969
1857,1979,67647
1858,1979,46484
1859,1979,10934
1860,1979,54487
1861,1979,29150
1862,1979,49377
1863,1979,38967
1864,1979,62306
1865,1979,64318
1866,1979,69904
1867,1979,53600
1868,1979,44274
1869,1979,23988
1870,1979,29480
1871,1979,58586
1872,1979,44854
1873,1979,51674
1874,1979,33174
1875,1979,52346
1876,1979,44978
1877,1979,17366
1878,1979,59290
1879,1979,62845
1880,1979,22247
1881,1979,71345
1882,1979,21777
1883,1979,52181
1884,1979,48254
1885,1979,39866
1886,1979,72411
1887,1979,60933
1888,1979,26133
1889,1979,51809
1890,1979,53808
1891,1979,49989
1892,1979,72693
1893,1979,16269
1894,1979,47129
1895,1979,30493
1896,1979,72119
1897,1979,30833
1898,1979,70098
1899,1979,16908
1900,1979,67938
1901,1979,24765
1902,1979,55031
1903,1979,37894
1904,1979,21543
1905,1979,73407
1906,1979,32400
1907,1979,58642
1908,1979,44456
1909,1979,56861
1910,1979,68939
1911,1979,26797
1912,1979,62259
1913,1979,73221
1914,1979,32974
1915,1979,38741
1916,1979,68023
1917,1979,29586
1918,1979,75527
1919,1979,20815
1920,1979,34393
1921,1979,43797
1922,1979,52898
1923,1979,66033
1924,1979,42784
1925,1979,53548
1926,1979,21267
1927,1979,73419
1928,1979,59109
1929,1979,52192
1930,1979,18080
1931,1979,67435
1932,1979,28375
1933,1979,56910
1934,1979,63814
1935,1979,32990
1936,1979,48550
1937,1979,31012
1938,1979,55620
1939,1979,9962
1940,1979,30914
1941,1979,34893
1942,1979,39659
1943,1979,56850
1944,1979,68556
1945,1979,58057
1946,1979,37915
1947,1979,19479
1948,1979,45304
1949,1979,30848
1950,1979,32986
1951,1979,38633
1952,1979,59554
1953,1979,70665
1954,1979,20439
1955,1979,58323
1956,1979,18207
1957,1979,22166
1958,1979,46216
1959,1979,66061
1960,1979,49765
1961,1979,56711
1962,1979,53695
1963,1979,54688
1964,1979,10091
1965,1979,67896
1966,1979,63518
1967,1979,43979
1968,1979,40116
1969,1979,41887
1970,1979,31886
1971,1979,30031
1972,1979,40470
1973,1979,75533
1974,1979,59988
1975,1979,70581
1976,1979,50335
1977,1979,22001
1978,1979,30185
1979,1979,62238
1980,1979,35472
1981,1979,33919
1982,1979,24205
1983,1979,39858
1984,1979,52697
1985,1979,71176
1986,1979,58159
1987,1979,63559
1988,1979,20847
1989,1979,36373
1990,1979,68310
1991,1979,58738
1992,1979,69681
1993,1979,51439
1994,1979,55561
1995,1979,46377
1996,1979,8484
1997,1979,39664
1998,1979,36843
1999,1979,43394
2000,1979,52390
2001,1979,44382
2002,1979,48691
2003,1979,34190
2004,1979,27614
2005,1979,24222
2006,1979,40031
2007,1979,60189
2008,1979,39593
2009,1979,63725
2010,1979,15106
2011,1979,40100
2012,1979,30133
2013,1979,66637
2014,1979,71162
2015,1979,49070
2016,1979,25963
2017,1979,18256
2018,1979,41166
2019,1979,69980
2020,1979,64002
2021,1979,56021
2022,1979,51775
2023,1979,37956
2024,1979,60923
2025,1979,54244
2026,1979,44214
2027,1979,74264
2028,1979,71344
2029,1979,38683
2030,1979,66369
2031,1979,34787
2032,1979,70179
2033,1979,38205
2034,1979,38941
2035,1979,59764
2036,1979,36432
2037,1979,22099
2038,1979,703
2039,1979,57442
2040,1979,63741
2041,1979,41017
2042,1979,36684
2043,1979,27780
2044,1979,32184
2045,1979,31945
2046,1979,12410
2047,1979,74167
2048,1979,60839
2049,1979,63898
2050,1979,58841
2051,1979,62886
2052,1979,71881
2053,1979,50604
2054,1979,16671
2055,1979,18047
2056,1979,15237
2057,1979,73499
2058,1979,36100
2059,1979,33770
2060,1979,55319
2061,1979,66129
2062,1979,22310
2063,1979,36539
2064,1979,32576
2065,1979,60213
2066,1979,44623
2067,1979,34534
2068,1979,42200
2069,1979,72761
2070,1979,34966
2071,1979,69212
2072,1979,18959
2073,1979,64594
2074,1979,20250
2075,1979,65701
2076,1979,1042
2077,1979,29697
2078,1979,55799
2079,1979,13652
2080,1979,26015
2081,1979,67114
2082,1979,25625
2083,1979,39777
2084,1979,50710
2085,1979,35341
2086,1979,61366
2087,1979,10144
2088,1979,17290
2089,1979,54985
2090,1979,67609
2091,1979,42841
2092,1979,46883
2093,1979,26595
2094,1979,49269
2095,1979,52079
2096,1979,56844
2097,1979,58587
2098,1979,59783
2099,1979,60474
2100,1979,15535
2101,1979,67302
2102,1979,62130
2103,1979,39713
2104,1979,47244
2105,1979,61819
2106,1979,21972
2107,1979,65207
2108,1979,39128
2109,1979,49798
2110,1979,36895
2111,1979,13968
2112,1979,25875
2113,1979,16603
2114,1979,59862
2115,1979,71895
2116,1979,33900
2117,1979,48986
2118,1979,34973
2119,1979,29692
2120,1979,47330
2121,1979,49072
2122,1979,58971
2123,1979,27337
2124,1979,68243
2125,1979,64694
2126,1979,16632
2127,1979,50162
2128,1979,43813
2129,1979,35174
2130,1979,44962
2131,1979,52051
2132,1979,42654
2133,1979,74070
2134,1979,35046
2135,1979,65388
2136,1979,18441
2137,1979,67768
2138,1979,64195
2139,1979,70207
2140,1979,62517
2141,1979,71361
2142,1979,22165
2143,1979,41263
2144,1979,63790
2145,1979,51592
2146,1979,45873
2147,1979,59033
2148,1979,38790
2149,1979,36446
2150,1979,67490
2151,1979,46906
2152,1979,30650
2153,1979,67637
2154,1979,10036
2155,1979,15576
2156,1979,46644
2157,1979,37471
2158,1979,46487
2159,1979,58444
2160,1979,59820
2161,1979,34815
2162,1979,10016
2163,1979,64215
2164,1979,44062
2165,1979,71497
2166,1979,53527
2167,1979,55052
2168,1979,64868
2169,1979,42674
2170,1979,24298
2171,1979,58397
2172,1979,73519
2173,1979,25731
2174,1979,71605
2175,1979,44294
2176,1979,52882
2177,1979,29993
2178,1979,62180
2179,1979,72776
2180,1979,31237
2181,1979,39514
2182,1979,65865
2183,1979,49676
2184,1979,36241
2185,1979,38662
2186,1979,42003
2187,1979,21864
2188,1979,70325
2189,1979,35972
2190,1979,70068
2191,1979,36866
2192,1979,65506
2193,1979,21024
2194,1979,18131
2195,1979,60179
2196,1979,27995
2197,1979,46037
2198,1979,71741
2199,1979,57188
2200,1979,8685
2201,1979,48165
2202,1979,69615
2203,1979,32170
2204,1979,19373
2205,1979,39135
2206,1979,67554
2207,1979,53976
2208,1979,19533
2209,1979,57024
2210,1979,62503
2211,1979,44950
2212,1979,45162
2213,1979,67221
2214,1979,73833
2215,1979,55020
2216,1979,50174
2217,1979,51238
2218,1979,34441
2219,1979,20174
2220,1979,67160
2221,1979,16181
2222,1979,69236
2223,1979,22608
2224,1979,71749
2225,1979,19116
2226,1979,37390
2227,1979,39318
2228,1979,16337
2229,1979,60144
2230,1979,47118
2231,1979,65194
2232,1979,32675
2233,1979,60193
2234,1979,72007
2235,1979,53481
2236,1979,21778
2237,1979,33557
2238,1979,4986
2239,1979,58096
2240,1979,50752
2241,1979,37031
2242,1979,58803
2243,1979,43711
2244,1979,55845
2245,1979,54154
2246,1979,13377
2247,1979,40859
2248,1979,45307
2249,1979,53170
2250,1979,72636
2251,1979,45762
2252,1979,18053
2253,1979,69746
2254,1979,60432
2255,1979,39393
2256,1979,74104
2257,1979,69488
2258,1979,46893
2259,1979,39789
2260,1979,19357
2261,1979,40814
2262,1979,47562
2263,1979,71163
2264,1979,31454
2265,1979,70321
2266,1979,52867
2267,1979,13508
2268,1979,74887
2269,1979,39685
2270,1979,19511
2271,1979,48615
2272,1979,47036
2273,1979,47694
2274,1979,42969
2275,1979,62413
2276,1979,27135
2277,1979,63088
2278,1979,23852
2279,1979,39106
2280,1979,32547
2281,1979,34509
2282,1979,25677
2283,1979,53262
2284,1979,55250
2285,1979,47494
2286,1979,51054
2287,1979,58085
2288,1979,65921
2289,1979,59231
2290,1979,63071
2291,1979,40170
2292,1979,24130
2293,1979,60814
2294,1979,36533
2295,1979,61016
2296,1979,32492
2297,1979,48433
2298,1979,22816
2299,1979,56061
2300,1979,72063
2301,1979,36541
2302,1979,42824
2303,1979,41994
2304,1979,23489
2305,1979,27312
2306,1979,38815
2307,1979,53138
2308,1979,56900
2309,1979,29817
2310,1979,32376
2311,1979,65004
2312,1979,69080
2313,1979,56141
2314,1979,60773
2315,1979,28421
2316,1979,56657
2317,1979,57135
2318,1979,70795
2319,1979,51769
2320,1979,64633
2321,1979,56306
2322,1979,27056
2323,1979,33022
2324,1979,27730
2325,1979,61255
2326,1979,45741
2327,1979,59038
2328,1979,31044
2329,1979,34450
2330,1979,36923
2331,1979,69461
2332,1979,25993
2333,1979,24621
2334,1979,15585
2335,1979,18569
2336,1979,18973
2337,1979,73423
2338,1979,26995
2339,1979,34188
2340,1979,44949
2341,1979,29970
2342,1979,38177
2343,1979,43966
2344,1979,34618
2345,1979,38386
2346,1979,65126
2347,1979,34462
2348,1979,19420
2349,1979,57961
2350,1979,14260
2351,1979,51494
2352,1979,69206
2353,1979,63017
2354,1979,37538
2355,1979,35610
2356,1979,45016
2357,1979,24204
2358,1979,42084
2359,1979,18661
2360,1979,41712
2361,1979,43678
2362,1979,67027
2363,1979,66295
2364,1979,42938
2365,1979,46595
2366,1979,30183
2367,1979,29270
2368,1979,70436
2369,1979,69555
2370,1979,52020
2371,1979,15547
2372,1979,57624
2373,1979,44947
2374,1979,66209
2375,1979,57003
2376,1979,37246
2377,1979,72008
2378,1979,60351
2379,1979,43483
2380,1979,54462
2381,1979,48974
2382,1979,50429
2383,1979,42547
2384,1979,60387
2385,1979,25864
2386,1979,43888
2387,1979,11726
2388,1979,59865
2389,1979,36774
2390,1979,37982
2391,1979,55489
2392,1979,56318
2393,1979,69654
2394,1979,61765
2395,1979,44121
2396,1979,70840
2397,1979,45029
2398,1979,71711
2399,1979,1477
2400,1979,58038
2401,1979,47148
2402,1979,26294
2403,1979,56811
2404,1979,27442
2405,1979,42607
2406,1979,43545
2407,1979,51599
2408,1979,31712
2409,1979,6402
2410,1979,10034
2411,1979,19198
2412,1979,21262
2413,1979,67880
2414,1979,67825
2415,1979,25428
2416,1979,70833
2417,1979,18511
2418,1979,50238
2419,1979,34419
2420,1979,19701
2421,1979,60236
2422,1979,64310
2423,1979,33263
2424,1979,47422
2425,1979,46508
2426,1979,8145
2427,1979,25358
2428,1979,44646
2429,1979,16831
2430,1979,57777
2431,1979,30058
2432,1979,37389
2433,1979,52311
2434,1979,28531
2435,1979,67016
2436,1979,48242
2437,1979,58430
2438,1979,71119
2439,1979,37371
2440,1979,19565
2441,1979,29346
2442,1979,59630
2443,1979,17823
2444,1979,53007
2445,1979,63270
2446,1979,66343
2447,1979,32534
2448,1979,51222
2449,1979,31391
2450,1979,49358
2451,1979,32484
2452,1979,42908
2453,1979,47842
2454,1979,23871
2455,1979,44703
2456,1979,61440
2457,1979,51890
2458,1979,48486
2459,1979,15966
2460,1979,37072
2461,1979,36934
2462,1979,30690
2463,1979,71665
2464,1979,40558
2465,1979,30944
2466,1979,57180
2467,1979,28616
2468,1979,40146
2469,1979,70527
2470,1979,52072
2471,1979,18915
2472,1979,34682
2473,1979,14989
2474,1979,24873
2475,1979,34948
2476,1979,66840
2477,1979,69859
2478,1979,58589
2479,1979,43573
2480,1979,34975
2481,1979,31964
2482,1979,35076
2483,1979,18364
2484,1979,48063
2485,1979,49615
2486,1979,69791
2487,1979,39715
2488,1979,33397
2489,1979,49947
2490,1979,45878
2491,1979,49583
2492,1979,44240
2493,1979,32898
2494,1979,63404
2495,1979,17147
2496,1979,30150
2497,1979,69438
2498,1979,65232
2499,1979,67477
2500,1979,42223
2501,1979,53818
2502,1979,51575
2503,1979,71018
2504,1979,19763
2505,1979,34083
2506,1979,41918
2507,1979,37109
2508,1979,50151
2509,1979,42818
2510,1979,51250
2511,1979,24974
2512,1979,56609
2513,1979,69126
2514,1979,32725
2515,1979,49326
2516,1979,52779
2517,1979,30393
2518,1979,51808
2519,1979,18050
2520,1979,53675
2521,1979,64169
2522,1979,51294
2523,1979,50360
2524,1979,60040
2525,1979,35632
2526,1979,62449
2527,1979,32955
2528,1979,63639
2529,1979,45317
2530,1979,69724
2531,1979,61741
2532,1979,45663
2533,1979,54948
2534,1979,52538
2535,1979,32720
2536,1979,26345
2537,1979,49755
2538,1979,58131
2539,1979,63711
2540,1979,60390
2541,1979,43905
2542,1979,68018
2543,1979,31228
2544,1979,28027
2545,1979,70393
2546,1979,42902
2547,1979,56659
2548,1979,62138
2549,1979,37512
2550,1979,67874
2551,1979,72881
2552,1979,33038
2553,1979,17163
2554,1979,45204
2555,1979,21915
2556,1979,72543
2557,1979,15399
2558,1979,74195
2559,1979,48454
2560,1979,55435
2561,1979,64030
2562,1979,54643
2563,1979,26860
2564,1979,69062
2565,1979,54631
2566,1979,71707
2567,1979,28743
2568,1979,37742
2569,1979,49966
2570,1979,55228
2571,1979,55318
2572,1979,68242
2573,1979,15491
2574,1979,65193
2575,1979,36725
2576,1979,73856
2577,1979,54822
2578,1979,26611
2579,1979,59473
2580,1979,60061
2581,1979,38420
2582,1979,47383
2583,1979,49819
2584,1979,19822
2585,1979,43571
2586,1979,27683
2587,1979,36847
2588,1979,35737
2589,1979,69419
2590,1979,28530
2591,1979,56735
2592,1979,16099
2593,1979,10019
2594,1979,29838
2595,1979,57340
2596,1979,30410
2597,1979,54276
2598,1979,46027
2599,1979,64163
2600,1979,38887
2601,1979,68729
2602,1979,57611
2603,1979,67441
2604,1979,57917
2605,1979,35410
2606,1979,58826
2607,1979,44192
2608,1979,41864
2609,1979,54114
2610,1979,19961
2611,1979,33815
2612,1979,56353
2613,1979,74531
2614,1979,22080
2615,1979,58566
2616,1979,61070
2617,1979,28537
2618,1979,46430
2619,1979,25854
2620,1979,72516
2621,1979,49495
2622,1979,26039
2623,1979,54867
2624,1979,43775
2625,1979,25275
2626,1979,59118
2627,1979,24451
2628,1979,64662
2629,1979,74751
2630,1979,57508
2631,1979,18525
2632,1979,46960
2633,1979,55618
2634,1979,16690
2635,1979,72033
2636,1979,54540
2637,1979,66216
2638,1979,49518
2639,1979,55414
2640,1979,65650
2641,1979,34168
2642,1979,52232
2643,1979,47928
2644,1979,55243
2645,1979,25545
2646,1979,71682
2647,1979,47400
2648,1979,62748
2649,1979,11403
2650,1979,54902
2651,1979,75487
2652,1979,22795
2653,1979,52240
2654,1979,53140
2655,1979,61693
2656,1979,72625
2657,1979,16270
2658,1979,39881
2659,1979,58016
2660,1979,59071
2661,1979,28242
2662,1979,36650
2663,1979,22865
2664,1979,58887
2665,1979,20410
2666,1979,39116
2667,1979,54109
2668,1979,66250
2669,1979,29672
2670,1979,67287
2671,1979,35093
2672,1979,29532
2673,1979,62269
2674,1979,45456
2675,1979,21407
2676,1979,55564
2677,1979,25896
2678,1979,42150
2679,1979,66596
2680,1979,24022
2681,1979,55086
2682,1979,19028
2683,1979,45192
2684,1979,52969
2685,1979,40198
2686,1979,23744
2687,1979,65722
2688,1979,47435
2689,1979,28958
2690,1979,44843
2691,1979,45934
2692,1979,66547
2693,1979,25609
2694,1979,58982
2695,1979,65781
2696,1979,53897
2697,1979,33279
2698,1979,15327
2699,1979,49240
2700,1979,20306
2701,1979,59342
2702,1979,59619
2703,1979,25578
2704,1979,36498
2705,1979,72353
2706,1979,24544
2707,1979,62835
2708,1979,71048
2709,1979,72732
2710,1979,73991
2711,1979,49753
2712,1979,70574
2713,1979,39843
2714,1979,30595
2715,1979,22392
2716,1979,56955
2717,1979,36306
2718,1979,47147
2719,1979,53623
2720,1979,68799
2721,1979,46386
2722,1979,55896
2723,1979,16705
2724,1979,31706
2725,1979,65968
2726,1979,71464
2727,1979,74230
2728,1979,15839
2729,1979,50240
2730,1979,73990
2731,1979,56858
2732,1979,18997
2733,1979,33438
2734,1979,22377
2735,1979,26149
2736,1979,56346
2737,1979,19868
2738,1979,53312
2739,1979,30807
2740,1979,68966
2741,1979,43515
2742,1979,36400
2743,1979,60114
2744,1979,47323
2745,1979,58367
2746,1979,19434
2747,1979,20959
2748,1979,32835
2749,1979,35117
2750,1979,55789
2751,1979,69824
2752,1979,19408
2753,1979,73931
2754,1979,59566
2755,1979,74955
2756,1979,75138
2757,1979,71495
2758,1979,49960
2759,1979,46372
2760,1979,22231
2761,1979,13286
2762,1979,28538
2763,1979,25660
2764,1979,44745
2765,1979,54541
2766,1979,60173
2767,1979,41018
2768,1979,72276
2769,1979,25787
2770,1979,52996
2771,1979,64076
2772,1979,68742
2773,1979,71548
2774,1979,30621
2775,1979,40794
2776,1979,59074
2777,1979,68326
2778,1979,35027
2779,1979,46415
2780,1979,21049
2781,1979,42840
2782,1979,60257
2783,1979,25355
2784,1979,34818
2785,1979,31726
2786,1979,72179
2787,1979,44235
2788,1979,44704
2789,1979,31431
2790,1979,75466
2791,1979,42779
2792,1979,60830
2793,1979,55996
2794,1979,54907
2795,1979,46493
2796,1979,33192
2797,1979,31750
2798,1979,47334
2799,1979,34650
2800,1979,23955
2801,1979,45744
2802,1979,68269
2803,1979,26517
2804,1979,68061
2805,1979,64057
2806,1979,12090
2807,1979,47508
2808,1979,61902
2809,1979,71740
2810,1979,757
2811,1979,57517
2812,1979,27779
2813,1979,18701
2814,1979,44371
2815,1979,19406
2816,1979,44490
2817,1979,41506
2818,1979,31133
2819,1979,52580
2820,1979,34656
2821,1979,73814
2822,1979,45780
2823,1979,62708
2824,1979,74308
2825,1979,41259
2826,1979,56572
2827,1979,68721
2828,1979,57467
2829,1979,43456
2830,1979,54724
2831,1979,40667
2832,1979,48058
2833,1979,54548
2834,1979,71406
2835,1979,74719
2836,1979,45820
2837,1979,65652
2838,1979,49042
2839,1979,73456
2840,1979,67852
2841,1979,74519
2842,1979,32642
2843,1979,36080
2844,1979,60133
2845,1979,18985
2846,1979,22085
2847,1979,15705
2848,1979,28323
2849,1979,57070
2850,1979,74236
2851,1979,34308
2852,1979,54923
2853,1979,38447
2854,1979,28802
2855,1979,56908
2856,1979,67416
2857,1979,19734
2858,1979,21020
2859,1979,52201
2860,1979,29571
2861,1979,58308
2862,1979,35014
2863,1979,21253
2864,1979,69512
2865,1979,19752
2866,1979,31690
2867,1979,45231
2868,1979,40058
2869,1979,71726
2870,1979,59426
2871,1979,27436
2872,1979,47021
2873,1979,58756
2874,1979,44055
2875,1979,13618
2876,1979,49795
2877,1979,60441
2878,1979,70578
2879,1979,69550
2880,1979,40274
2881,1979,55658
2882,1979,20210
2883,1979,40390
2884,1979,69302
2885,1979,63033
2886,1979,16470
2887,1979,49845
2888,1979,57778
2889,1979,48111
2890,1979,56195
2891,1979,51831
2892,1979,31196
2893,1979,45599
2894,1979,24379
2895,1979,49577
2896,1979,60570
2897,1979,55724
2898,1979,67069
2899,1979,67641
2900,1979,26688
2901,1979,26013
2902,1979,48993
2903,1979,28320
2904,1979,69996
2905,1979,69390
2906,1979,28684
2907,1979,46954
2908,1979,39972
2909,1979,18327
2910,1979,74191
2911,1979,16688
2912,1979,75081
2913,1979,63300
2914,1979,69766
2915,1979,34115
2916,1979,55170
2917,1979,61104
2918,1979,17170
2919,1979,51115
2920,1979,38938
2921,1979,61331
2922,1979,37574
2923,1979,39369
2924,1979,56601
2925,1979,68020
2926,1979,64577
2927,1979,50577
2928,1979,52601
2929,1979,31642
2930,1979,61001
2931,1979,57816
2932,1979,52179
2933,1979,61483
2934,1979,53172
2935,1979,67769
2936,1979,52304
2937,1979,58402
2938,1979,68579
2939,1979,20117
2940,1979,44061
2941,1979,39002
2942,1979,47132
2943,1979,41258
2944,1979,59095
2945,1979,18935
2946,1979,70725
2947,1979,51608
2948,1979,27603
2949,1979,37403
2950,1979,22797
2951,1979,38520
2952,1979,48118
2953,1979,28900
2954,1979,46130
2955,1979,60936
2956,1979,16135
2957,1979,66500
2958,1979,56321
2959,1979,55918
2960,1979,51779
2961,1979,34556
2962,1979,57496
2963,1979,72624
2964,1979,65549
2965,1979,42850
2966,1979,10106
2967,1979,29654
2968,1979,50983
2969,1979,32648
2970,1979,51190
2971,1979,35125
2972,1979,53102
2973,1979,71038
2974,1979,72902
2975,1979,42769
2976,1979,29477
2977,1979,55737
2978,1979,39620
2979,1979,42614
2980,1979,47208
2981,1979,65548
2982,1979,50475
2983,1979,47607
2984,1979,52796
2985,1979,73182
2986,1979,75051
2987,1979,54069
2988,1979,38840
2989,1979,52386
2990,1979,51688
2991,1979,56889
2992,1979,42305
2993,1979,15358
2994,1979,61301
2995,1979,21125
2996,1979,24734
2997,1979,60621
2998,1979,62534
2999,1979,53376
3000,1979,17320
3001,1979,62804
3002,1979,72928
3003,1979,55507
3004,1979,72859
3005,1979,65203
3006,1979,59832
3007,1979,19856
3008,1979,31167
3009,1979,18113
3010,1979,29638
3011,1979,43362
3012,1979,70699
3013,1979,25906
3014,1979,50204
3015,1979,26163
3016,1979,63217
3017,1979,34705
3018,1979,67453
3019,1979,63081
3020,1979,24550
3021,1979,31878
3022,1979,49385
3023,1979,73292
3024,1979,54525
3025,1979,44304
3026,1979,56244
3027,1979,58611
3028,1979,39867
3029,1979,63289
3030,1979,48126
3031,1979,27467
3032,1979,65983
3033,1979,69819
3034,1979,62544
3035,1979,68039
3036,1979,57192
3037,1979,51978
3038,1979,67445
3039,1979,63213
3040,1979,58817
3041,1979,70409
3042,1979,60348
3043,1979,72602
3044,1979,37744
3045,1979,39945
3046,1979,40565
3047,1979,63051
3048,1979,58076
3049,1979,58922
3050,1979,30983
3051,1979,52730
3052,1979,53800
3053,1979,50894
3054,1979,67174
3055,1979,44891
3056,1979,58041
3057,1979,71235
3058,1979,42345
3059,1979,43487
3060,1979,61616
3061,1979,70734
3062,1979,69207
3063,1979,47253
3064,1979,51082
3065,1979,41743
3066,1979,47549
3067,1979,27499
3068,1979,27704
3069,1979,35678
3070,1979,45961
3071,1979,17480
3072,1979,65269
3073,1979,64109
3074,1979,31933
3075,1979,16927
3076,1979,62978
3077,1979,20571
3078,1979,40802
3079,1979,47213
3080,1979,70811
3081,1979,75161
3082,1979,46120
3083,1979,44352
3084,1979,33799
3085,1979,57882
3086,1979,47392
3087,1979,55112
3088,1979,56695
3089,1979,28283
3090,1979,10013
3091,1979,23580
3092,1979,36251
3093,1979,29544
3094,1979,42312
3095,1979,19023
3096,1979,73392
3097,1979,42829
3098,1979,30804
3099,1979,10933
3100,1979,52041
3101,1979,56304
3102,1979,42788
3103,1979,23183
3104,1979,22362
3105,1979,27861
3106,1979,19882
3107,1979,71535
3108,1979,22873
3109,1979,59012
3110,1979,38776
3111,1979,71622
3112,1979,60233
3113,1979,24345
3114,1979,53419
3115,1979,53385
3116,1979,54657
3117,1979,31884
3118,1979,46055
3119,1979,71509
3120,1979,25513
3121,1979,22019
3122,1979,49489
3123,1979,59751
3124,1979,54568
3125,1979,38858
3126,1979,59100
3127,1979,72548
3128,1979,22229
3129,1979,71019
3130,1979,37927
3131,1979,21351
3132,1979,54340
3133,1979,41233
3134,1979,46772
3135,1979,22683
3136,1979,52314
3137,1979,31471
3138,1979,51087
3139,1979,71314
3140,1979,47243
3141,1979,60054
3142,1979,20427
3143,1979,62611
3144,1979,41849
3145,1979,46479
3146,1979,48327
3147,1979,50064
3148,1979,42369
3149,1979,64592
3150,1979,22682
3151,1979,50195
3152,1979,61817
3153,1979,62086
3154,1979,34936
3155,1979,26638
3156,1979,47217
3157,1979,65146
3158,1979,29927
3159,1979,37983
3160,1979,72818
3161,1979,28784
3162,1979,52763
3163,1979,61419
3164,1979,73757
3165,1979,47796
3166,1979,10015
3167,1979,71380
3168,1979,29589
3169,1979,35936
3170,1979,63528
3171,1979,26239
3172,1979,30591
3173,1979,23258
3174,1979,62134
3175,1979,25978
3176,1979,49058
3177,1979,10017
3178,1979,39638
3179,1979,56971
3180,1979,18977
3181,1979,27004
3182,1979,54007
3183,1979,73090
3184,1979,61517
3185,1979,57060
3186,1979,28706
3187,1979,62895
3188,1979,30181
3189,1979,51109
3190,1979,68177
3191,1979,70970
3192,1979,48291
3193,1979,75294
3194,1979,45699
3195,1979,931
3196,1979,50584
3197,1979,75551
3198,1979,44299
3199,1979,14824
3200,1979,71103
3201,1979,22079
3202,1979,65061
3203,1979,27851
3204,1979,28571
3205,1979,53680
3206,1979,40911
3207,1979,37293
3208,1979,71282
3209,1979,33335
3210,1979,60321
3211,1979,49465
3212,1979,29496
3213,1979,49264
3214,1979,18794
3215,1979,32683
3216,1979,28439
3217,1979,34073
3218,1979,37404
3219,1979,50213
3220,1979,55931
3221,1979,59026
3222,1979,42364
3223,1979,71633
3224,1979,31992
3225,1979,42845
3226,1979,57510
3227,1979,49379
3228,1979,65250
3229,1979,43374
3230,1979,41537
3231,1979,72047
3232,1979,22743
3233,1979,37773
3234,1979,62957
3235,1979,70842
3236,1979,41098
3237,1979,69330
3238,1979,58349
3239,1979,68225
3240,1979,67568
3241,1979,53495
3242,1979,57835
3243,1979,67926
3244,1979,28906
3245,1979,50177
3246,1979,41570
3247,1979,56213
3248,1979,44127
3249,1979,66205
3250,1979,50546
3251,1979,36818
3252,1979,56694
3253,1979,43351
3254,1979,55785
3255,1979,42185
3256,1979,43853
3257,1979,51589
3258,1979,50139
3259,1979,35389
3260,1979,20889
3261,1979,48561
3262,1979,63670
3263,1979,18948
3264,1979,55983
3265,1979,48164
3266,1979,19916
3267,1979,2733
3268,1979,65062
3269,1979,40907
3270,1979,32977
3271,1979,43263
3272,1979,63189
3273,1979,31172
3274,1979,45354
3275,1979,55364
3276,1979,65390
3277,1979,53031
3278,1979,21965
3279,1979,47597
3280,1979,71008
3281,1979,27320
3282,1979,50242
3283,1979,50438
3284,1979,47060
3285,1979,73949
3286,1979,45660
3287,1979,40205
3288,1979,26334
3289,1979,49221
3290,1979,40842
3291,1979,74972
3292,1979,48553
3293,1979,50245
3294,1979,70176
3295,1979,72331
3296,1979,19644
3297,1979,52417
3298,1979,71842
3299,1979,65337
3300,1979,31178
3301,1979,57347
3302,1979,45852
3303,1979,46949
3304,1979,73784
3305,1979,53139
3306,1979,54160
3307,1979,65977
3308,1979,38024
3309,1979,16577
3310,1979,25831
3311,1979,73491
3312,1979,38194
3313,1979,61808
3314,1979,42181
3315,1979,11218
3316,1979,39580
3317,1979,49817
3318,1979,66346
3319,1979,68037
3320,1979,31163
3321,1979,46662
3322,1979,37755
3323,1979,22117
3324,1979,24762
3325,1979,10444
3326,1979,31843
3327,1979,55156
3328,1979,14513
3329,1979,46431
3330,1979,34403
3331,1979,73136
3332,1979,71561
3333,1979,46425
3334,1979,67759
3335,1979,59647
3336,1979,49844
3337,1979,58956
3338,1979,59158
3339,1979,32653
3340,1979,55150
3341,1979,39766
3342,1979,63175
3343,1979,58984
3344,1979,66056
3345,1979,61027
3346,1979,70857
3347,1979,10104
3348,1979,43928
3349,1979,51581
3350,1979,66085
3351,1979,34381
3352,1979,44526
3353,1979,28069
3354,1979,53023
3355,1979,23546
3356,1979,17875
3357,1979,44627
3358,1979,56027
3359,1979,57520
3360,1979,33180
3361,1979,70282
3362,1979,66092
3363,1979,69530
3364,1979,4047
3365,1979,22776
3366,1979,17388
3367,1979,48382
3368,1979,63092
3369,1979,16265
3370,1979,24324
3371,1979,70598
3372,1979,35119
3373,1979,33801
3374,1979,50934
3375,1979,58968
3376,1979,36702
3377,1979,43963
3378,1979,36690
3379,1979,34691
3380,1979,75229
3381,1979,45287
3382,1979,58862
3383,1979,11246
3384,1979,56817
3385,1979,39236
3386,1979,70865
3387,1979,73744
3388,1979,20563
3389,1979,31157
3390,1979,53445
3391,1979,56911
3392,1979,30295
3393,1979,65302
3394,1979,70809
3395,1979,73335
3396,1979,70869
3397,1979,53940
3398,1979,59564
3399,1979,45131
3400,1979,52907
3401,1979,31203
3402,1979,63348
3403,1979,55941
3404,1979,39769
3405,1979,52230
3406,1979,20610
3407,1979,25654
3408,1979,56507
3409,1979,47143
3410,1979,24235
3411,1979,52223
3412,1979,50919
3413,1979,56837
3414,1979,62774
3415,1979,43685
3416,1979,55995
3417,1979,61723
3418,1979,41213
3419,1979,53067
3420,1979,49448
3421,1979,23432
3422,1979,63419
3423,1979,36506
3424,1979,43868
3425,1979,51899
3426,1979,68545
3427,1979,27662
3428,1979,42676
3429,1979,72736
3430,1979,57413
3431,1979,72306
3432,1979,61348
3433,1979,43895
3434,1979,55272
3435,1979,17769
3436,1979,69519
3437,1979,58065
3438,1979,51025
3439,1979,52364
3440,1979,54083
3441,1979,54747
3442,1979,64616
3443,1979,67996
3444,1979,55421
3445,1979,55613
3446,1979,4096
3447,1979,47911
3448,1979,51166
3449,1979,40236
3450,1979,59236
3451,1979,41886
3452,1979,64386
3453,1979,23457
3454,1753,71370
3455,1753,68317
3456,1753,33190
3457,1753,44948
3458,1753,47867
3459,1753,58924
3460,1753,54792
3461,1753,64507
3462,1753,67797
3463,1753,20130
3464,1753,54196
3465,1753,54025
3466,1753,30608
3467,1753,41212
3468,1753,25973
3469,1753,63065
3470,1753,52434
3471,1753,34053
3472,1753,69178
3473,1753,62760
3474,1753,54245
3475,1753,16609
3476,1753,70024
3477,1753,43791
3478,1753,62077
3479,1753,71318
3480,1753,53377
3481,1753,53576
3482,1753,57120
3483,1753,37826
3484,1753,46078
3485,1753,37812
3486,1753,51459
3487,1753,41640
3488,1753,67552
3489,1753,34313
3490,1753,22688
3491,1753,60388
3492,1753,16469
3493,1753,33051
3494,1753,38368
3495,1753,72923
3496,1753,60426
3497,1753,20416
3498,1753,69677
3499,1753,71087
3500,1753,53884
3501,1753,57645
3502,1753,48264
3503,1753,53705
3504,1753,57179
3505,1753,49325
3506,1753,18345
3507,1753,70737
3508,1753,61505
3509,1753,58239
3510,1753,32225
3511,1753,20032
3512,1753,17700
3513,1753,57731
3514,1753,31554
3515,1753,38956
3516,1753,24046
3517,1753,35963
3518,1753,75111
3519,1753,44177
3520,1753,34433
3521,1753,52466
3522,1753,45939
3523,1753,51104
3524,1753,28336
3525,1753,20784
3526,1753,51306
3527,1753,59792
3528,1753,44437
3529,1753,46585
3530,1753,59466
3531,1753,56404
3532,1753,48372
3533,1753,49126
3534,1753,54843
3535,1753,48160
3536,1753,10622
3537,1753,71654
3538,1753,37091
3539,1753,29003
3540,1753,30212
3541,1753,42578
3542,1753,10574
3543,1753,56974
3544,1753,39168
3545,1753,36333
3546,1753,74463
3547,1753,51522
3548,1753,31556
3549,1753,37009
3550,1753,43974
3551,1753,45747
3552,1753,35510
3553,1753,54711
3554,1753,33467
3555,1753,58235
3556,1753,33547
3557,1753,51114
3558,1753,41947
3559,1753,23735
3560,1753,46790
3561,1753,25075
3562,1753,7365
3563,1753,59551
3564,1753,56722
3565,1753,44928
3566,1753,43609
3567,1753,65826
3568,1753,67607
3569,1753,28750
3570,1753,53963
3571,1753,43563
3572,1753,42632
3573,1753,40006
3574,1753,50589
3575,1753,70425
3576,1753,10598
3577,1753,67962
3578,1753,58449
3579,1753,71229
3580,1753,68683
3581,1753,70548
3582,1753,31951
3583,1753,17052
3584,1753,63541
3585,1753,53880
3586,1753,69250
3587,1753,51469
3588,1753,35322
3589,1753,71655
3590,1753,8193
3591,1753,57868
3592,1753,34009
3593,1753,55274
3594,1753,19211
3595,1753,24219
3596,1753,28407
3597,1753,31908
3598,1753,75052
3599,1753,23316
3600,1753,52085
3601,1753,47043
3602,1753,70096
3603,1753,52256
3604,1753,28875
3605,1753,61506
3606,1753,12014
3607,1753,57013
3608,1753,70263
3609,1753,69670
3610,1753,55651
3611,1753,69118
3612,1753,64610
3613,1753,53644
3614,1753,55871
3615,1753,17979
3616,1753,35008
3617,1753,15970
3618,1753,55870
3619,1753,36120
3620,1753,25025
3621,1753,53227
3622,1753,42189
3623,1753,72565
3624,1753,20978
3625,1753,62453
3626,1753,24236
3627,1753,55362
3628,1753,71483
3629,1753,52993
3630,1753,31142
3631,1753,57535
3632,1753,3357
3633,1753,55069
3634,1753,46565
3635,1753,53498
3636,1753,57140
3637,1753,46968
3638,1753,27530
3639,1753,53030
3640,1753,66294
3641,1753,58888
3642,1753,46098
3643,1753,65307
3644,1753,34601
3645,1753,45667
3646,1753,53078
3647,1753,32393
3648,1753,47858
3649,1753,48915
3650,1753,29906
3651,1753,74147
3652,1753,59124
3653,1753,22062
3654,1753,38250
3655,1753,63013
3656,1753,58864
3657,1753,71002
3658,1753,25868
3659,1753,58437
3660,1753,70714
3661,1753,57272
3662,1753,29210
3663,1789,27377
3664,1789,58860
3665,1789,22752
3666,1789,58537
3667,1789,37802
3668,1789,70050
3669,1789,56703
3670,1789,42733
3671,1789,58280
3672,1789,40860
3673,1789,51594
3674,1789,72894
3675,1789,57974
3676,1789,57033
3677,1789,19945
3678,1789,40257
3679,1789,61083
3680,1789,50451
3681,1789,55717
3682,1789,59080
3683,1789,35877
3684,1789,59075
3685,1789,57637
3686,1789,58433
3687,1789,42791
3688,1789,46146
3689,1789,52766
3690,1789,69104
3691,1789,60046
3692,1789,67723
3693,1789,74494
3694,1789,74655
3695,1789,42249
3696,1789,31640
3697,1789,71732
3698,1789,32336
3699,1789,71140
3700,1789,48330
3701,1789,39923
3702,1789,23747
3703,1789,61847
3704,1789,68301
3705,1789,49349
3706,1789,59239
3707,1789,57074
3708,1789,63463
3709,1789,74642
3710,1789,22587
3711,1789,65076
3712,1789,58601
3713,1789,50310
3714,1789,70198
3715,1789,65368
3716,1789,58396
3717,1789,64029
3718,1789,49734
3719,1789,17918
3720,1789,66152
3721,1789,71257
3722,1789,69458
3723,1789,39662
3724,1789,55002
3725,1789,69767
3726,1789,51490
3727,1789,54056
3728,1789,49698
3729,1789,61536
3730,1789,21652
3731,1789,31574
3732,1789,71433
3733,1789,67632
3734,1789,43707
3735,1789,33416
3736,1789,20956
3737,1789,59830
3738,1789,75434
3739,1789,62593
3740,1789,54042
3741,1789,33973
3742,1789,27965
3743,1789,59875
3744,1789,63313
3745,1789,69345
3746,1789,61829
3747,1789,71222
3748,1789,36736
3749,1789,71064
3750,1789,74033
3751,1789,32673
3752,1789,67575
3753,1789,19522
3754,1789,64162
3755,1789,50236
3756,1789,52683
3757,1789,18095
3758,1789,44599
3759,1789,33942
3760,1789,71593
3761,1789,46990
3762,1789,65500
3763,1789,57178
3764,1789,67030
3765,1789,46937
3766,1789,20803
3767,1789,45629
3768,1789,70883
3769,1789,69789
3770,1789,17488
3771,1789,72582
3772,1789,67301
3773,1789,62992
3774,1789,67109
3775,1789,25920
3776,1789,24876
3777,1789,33867
3778,1789,56973
3779,1789,16973
3780,1789,57918
3781,1789,59052
3782,1789,23869
3783,1789,70196
3784,1789,60487
3785,1789,53692
3786,1789,59083
3787,1789,54778
3788,1789,74437
3789,1789,55413
3790,1789,71807
3791,1789,28694
3792,1789,56033
3793,1789,19824
3794,1789,28475
3795,1789,69109
3796,1789,63160
3797,1789,61079
3798,1789,39407
3799,1789,53188
3800,1789,59135
3801,1789,31089
3802,1789,30849
3803,1789,28574
3804,1789,22052
3805,1789,61760
3806,1789,27003
3807,1789,55805
3808,1789,37080
3809,1789,35344
3810,1789,19913
3811,1789,44449
3812,1789,45346
3813,1789,72508
3814,1789,49563
3815,1789,72770
3816,1789,20340
3817,1789,54358
3818,1789,54038
3819,1789,52425
3820,1789,75095
3821,1789,31100
3822,1789,56389
3823,1789,43069
3824,1789,35364
3825,1789,41893
3826,1789,55749
3827,1789,59657
3828,1789,37745
3829,1789,56134
3830,1789,55392
3831,1789,21327
3832,1789,59183
3833,1789,53683
3834,1789,23737
3835,1789,50265
3836,1789,74723
3837,1789,52073
3838,1789,52367
3839,1789,22185
3840,1789,53787
3841,1789,66734
3842,1789,44471
3843,1789,38589
3844,1789,69837
3845,1789,72086
3846,1789,60071
3847,1789,37586
3848,1789,14064
3849,1789,47611
3850,1789,45576
3851,1789,26057
3852,1789,56425
3853,1789,57152
3854,1789,71063
3855,1789,41850
3856,1789,71700
3857,1789,32997
3858,1789,74942
3859,1789,53404
3860,1789,40797
3861,1789,25764
3862,1789,59317
3863,1789,18487
3864,1789,17197
3865,1789,70566
3866,1789,55408
3867,1789,34848
3868,1789,67202
3869,1789,56690
3870,1789,60670
3871,1789,68308
3872,1789,38903
3873,1789,54737
3874,1789,15542
3875,1789,35712
3876,1789,52412
3877,1789,42961
3878,1789,47875
3879,1789,55685
3880,1789,56832
3881,1789,21617
3882,1789,35846
3883,1789,24629
3884,1789,74555
3885,1789,65289
3886,1789,61632
3887,1789,56718
3888,1789,58663
3889,1789,47841
3890,1789,35791
3891,1789,34298
3892,1789,64079
3893,1789,39801
3894,1789,27834
3895,1789,30037
3896,1789,46802
3897,1789,60563
3898,1789,35659
3899,1789,63501
3900,1789,40612
3901,1789,31982
3902,1789,45625
3903,1789,69925
3904,1789,22369
3905,1789,16623
3906,1789,56849
3907,1789,37021
3908,1789,34454
3909,1789,26907
3910,1789,63959
3911,1789,42330
3912,1789,58596
3913,1789,70463
3914,1789,56756
3915,1789,56816
3916,1789,20057
3917,1789,31175
3918,1789,67972
3919,1789,66146
3920,1789,64138
3921,1789,53785
3922,1789,32959
3923,1789,46676
3924,1789,70197
3925,1789,29119
3926,1789,59430
3927,1789,10581
3928,1789,58622
3929,1789,52679
3930,1789,58932
3931,1789,52738
3932,1789,61330
3933,1789,58334
3934,1789,72231
3935,1789,44090
3936,1789,61685
3937,1789,48170
3938,1789,71395
3939,1789,43288
3940,1789,62603
3941,1789,71466
3942,1789,61196
3943,1789,56884
3944,1789,60289
3945,1789,49793
3946,1789,25049
3947,1789,36308
3948,1789,35916
3949,1789,74251
3950,1789,32279
3951,1789,74187
3952,1789,69664
3953,1789,61901
3954,1789,74814
3955,1789,15100
3956,1789,38619
3957,1789,62300
3958,1789,56921
3959,1789,73609
3960,1789,29907
3961,1789,36443
3962,1789,18939
3963,1789,39345
3964,1789,47117
3965,1789,63641
3966,1789,35439
3967,1789,19981
3968,1789,70377
3969,1789,48702
3970,1789,50121
3971,1789,48144
3972,1789,50347
3973,1789,38393
3974,1789,42889
3975,1789,63591
3976,1789,38356
3977,1789,48154
3978,1789,59530
3979,1789,55754
3980,1789,41549
3981,1789,27953
3982,1789,73652
3983,1789,56795
3984,1789,70894
3985,1789,56773
3986,1789,65750
3987,1789,62150
3988,1789,30394
3989,1789,71630
3990,1789,72807
3991,1789,71326
3992,1789,67143
3993,1789,27660
3994,1789,50824
3995,1789,33107
3996,1789,57767
3997,1789,61185
3998,1789,39225
3999,1789,57515
4000,1789,42413
4001,1789,46054
4002,1789,40375
4003,1789,68976
4004,1789,61113
4005,1789,73959
4006,1789,57642
4007,1789,73617
4008,1789,19507
4009,1789,56289
4010,1789,3748
4011,1789,63637
4012,1789,35850
4013,1789,22233
4014,1789,36090
4015,1789,58651
4016,1789,59938
4017,1789,56481
4018,1789,56207
4019,1789,71313
4020,1789,45738
4021,1789,43425
4022,1789,25732
4023,1789,60300
4024,1789,57050
4025,1789,50387
4026,1789,55479
4027,1789,70987
4028,1789,22278
4029,1789,65103
4030,1789,55840
4031,1789,62009
4032,1789,72282
4033,1789,59429
4034,1789,39714
4035,1789,71990
4036,1789,63458
4037,1789,46457
4038,1789,66372
4039,1789,20443
4040,1789,67332
4041,1789,5601
4042,1789,49037
4043,1789,59401
4044,1789,35488
4045,1789,45941
4046,1789,17498
4047,1789,59425
4048,1789,39665
4049,1789,56151
4050,1789,60098
4051,1789,63060
4052,1789,57756
4053,1789,52105
4054,1789,67717
4055,1789,25034
4056,1789,73710
4057,1789,58456
4058,1789,38267
4059,1789,56120
4060,1789,66727
4061,1789,58408
4062,1789,74989
4063,1789,49235
4064,1789,75287
4065,1789,34779
4066,1789,63302
4067,1789,28662
4068,1789,39784
4069,1789,70619
4070,1789,67149
4071,1789,61429
4072,1789,57735
4073,1789,56876
4074,1789,37462
4075,1789,29007
4076,1789,57726
4077,1789,56748
4078,1789,71368
4079,1789,42417
4080,1789,37027
4081,1789,56311
4082,1789,47307
4083,1789,61742
4084,1789,54476
4085,1789,33053
4086,1789,40639
4087,1789,62505
4088,1789,74014
4089,1789,57896
4090,1789,16935
4091,1789,33337
4092,1789,25873
4093,1789,64922
4094,1789,22646
4095,1789,68576
4096,1789,48549
4097,1789,40036
4098,1789,42639
4099,1789,57540
4100,1789,61234
4101,1789,66443
4102,1789,50469
4103,1789,42763
4104,1789,47443
4105,1789,69879
4106,1789,59763
4107,1789,57925
4108,1789,53733
4109,1789,35157
4110,1789,52579
4111,1789,58228
4112,1789,4994
4113,1789,71808
4114,1789,48288
4115,1789,59126
4116,1789,26405
4117,1789,56759
4118,1789,39598
4119,1789,67026
4120,1789,57900
4121,1789,54275
4122,1789,31521
4123,1789,20247
4124,1789,26256
4125,1789,47775
4126,1789,52329
4127,1789,72778
4128,1789,44780
4129,1789,70255
4130,1789,55263
4131,1789,66269
4132,1789,69706
4133,1789,70073
4134,1789,29227
4135,1789,14263
4136,1789,57077
4137,1789,26232
4138,1789,54361
4139,1789,48720
4140,1789,35529
4141,1789,71885
4142,1789,68054
4143,1789,57527
4144,1789,37444
4145,1789,48251
4146,1789,63469
4147,1789,64041
4148,1789,44813
4149,1789,63681
4150,1789,60026
4151,1789,1568
4152,1789,50076
4153,1789,19944
4154,1789,42622
4155,1789,42954
4156,1789,45184
4157,1789,29615
4158,1789,11398
4159,1789,53009
4160,1789,59546
4161,1789,68071
4162,1789,61751
4163,1789,67720
4164,1789,19015
4165,1789,29602
4166,1789,41960
4167,1789,32071
4168,1789,55669
4169,1789,75559
4170,1789,27692
4171,1789,27199
4172,1789,33213
4173,1789,49068
4174,1789,35536
4175,1789,21886
4176,1789,56605
4177,1789,60567
4178,1789,45412
4179,1789,29313
4180,1789,67434
4181,1789,59110
4182,1789,43806
4183,1789,63599
4184,1789,50490
4185,1789,26440
4186,1789,44188
4187,1789,26523
4188,1789,71507
4189,1789,74710
4190,1789,67837
4191,1789,25494
4192,1789,65836
4193,1789,27954
4194,1789,59005
4195,1789,60327
4196,1789,49949
4197,1789,56612
4198,1789,35913
4199,1789,50376
4200,1789,75537
4201,1789,16596
4202,1789,66792
4203,1789,56364
4204,1789,59453
4205,1789,61471
4206,1789,63171
4207,1789,50408
4208,1789,59511
4209,1789,49151
4210,1789,65364
4211,1789,52439
4212,1789,20438
4213,1789,18953
4214,1789,33768
4215,1789,59506
4216,1789,69844
4217,1789,43214
4218,1789,22594
4219,1789,69024
4220,1789,64120
4221,1789,30127
4222,1789,59816
4223,1789,73802
4224,1789,43967
4225,1789,66238
4226,1789,22793
4227,1789,54092
4228,1789,70138
4229,1789,40871
4230,1789,49265
4231,1789,48155
4232,1789,58775
4233,1789,39421
4234,1789,65365
4235,1789,55254
4236,1789,34859
4237,1789,65142
4238,1789,65965
4239,1789,70018
4240,1789,64135
4241,1789,70709
4242,1789,48599
4243,1789,19852
4244,1789,53537
4245,1789,59625
4246,1789,63114
4247,1789,55034
4248,1789,53386
4249,1789,23795
4250,1789,58632
4251,1789,19697
4252,1789,60615
4253,1789,64861
4254,1789,66246
4255,1789,49416
4256,1789,56823
4257,1789,49604
4258,1789,74812
4259,1789,49978
4260,1789,45940
4261,1789,54669
4262,1789,60424
4263,1789,66110
4264,1789,33200
4265,1789,56751
4266,1789,74220
4267,1789,70079
4268,1789,21908
4269,1789,15282
4270,1789,74237
4271,1789,65274
4272,1789,72049
4273,1789,70684
4274,1789,75248
4275,1789,53701
4276,1789,51163
4277,1789,23483
4278,1789,12539
4279,1789,37361
4280,1789,43795
4281,1789,59727
4282,1789,67699
4283,1789,1018
4284,1789,70826
4285,1789,36837
4286,1789,38209
4287,1789,41097
4288,1789,40875
4289,1789,71448
4290,1789,47830
4291,1789,63221
4292,1789,49979
4293,1789,32731
4294,1789,25601
4295,1789,49190
4296,1789,37939
4297,1789,48443
4298,1789,38433
4299,1789,70641
4300,1789,59858
4301,1789,53601
4302,1789,1408
4303,1789,26313
4304,1789,22960
4305,1789,33410
4306,1789,74244
4307,1789,45097
4308,1789,30139
4309,1789,69676
4310,1789,20171
4311,1789,39961
4312,1789,29541
4313,1789,56701
4314,1789,66072
4315,1789,43428
4316,1789,22114
4317,1789,58127
4318,1789,32980
4319,1789,30954
4320,1789,23031
4321,1789,28729
4322,1789,49766
4323,1789,47651
4324,1789,53969
4325,1789,17110
4326,1789,43190
4327,1789,49287
4328,1789,40119
4329,1789,55214
4330,1789,25702
4331,1789,25754
4332,1789,58168
4333,1789,62907
4334,1789,60003
4335,1789,46273
4336,1789,10014
4337,1789,63199
4338,1789,74813
4339,1789,42857
4340,1789,44083
4341,1789,69966
4342,1789,26975
4343,1789,70419
4344,1789,71936
4345,1789,69453
4346,1789,72395
4347,1789,26540
4348,1789,57600
4349,1789,70014
4350,1789,57566
4351,1789,59411
4352,1789,72118
4353,1789,48408
4354,1789,55106
4355,1789,57934
4356,1789,25763
4357,1789,70705
4358,1789,71248
4359,1789,57921
4360,1789,60419
4361,1789,68252
4362,1789,7387
4363,1789,40548
4364,1789,66171
4365,1789,45137
4366,1789,31630
4367,1789,28597
4368,1789,48996
4369,1789,67268
4370,1789,43954
4371,1789,56437
4372,1789,55001
4373,1789,40003
4374,1789,31169
4375,1789,59443
4376,1789,60760
4377,1789,2074
4378,1789,31086
4379,1789,59102
4380,1789,61903
4381,1789,35724
4382,1789,55164
4383,1789,37285
4384,1789,66562
4385,1789,39199
4386,1789,37430
4387,1789,32950
4388,1789,34197
4389,1789,38421
4390,1789,27948
4391,1789,20146
4392,1789,43229
4393,1789,37722
4394,1789,42086
4395,1789,56271
4396,1789,54951
4397,1789,51315
4398,1789,55394
4399,1789,58929
4400,1789,20382
4401,1789,33241
4402,1789,50059
4403,1789,61450
4404,1789,19379
4405,1789,37496
4406,1789,27860
4407,1789,35691
4408,1789,38187
4409,1789,62408
4410,1789,67707
4411,1789,58842
4412,1789,30179
4413,1789,63522
4414,1789,57763
4415,1789,48423
4416,1789,49249
4417,1789,58692
4418,1789,53065
4419,1789,14813
4420,1789,63256
4421,1789,31749
4422,1789,47837
4423,1789,54591
4424,1789,32095
4425,1789,60097
4426,1789,41760
4427,1789,16410
4428,1789,49131
4429,1789,48128
4430,1789,1380
4431,1789,55730
4432,1789,57707
4433,1789,56725
4434,1789,37852
4435,1789,22241
4436,1789,57299
4437,1789,40710
4438,1789,14041
4439,1789,71258
4440,1789,69817
4441,1789,56430
4442,1789,44692
4443,1789,18843
4444,1789,47663
4445,1789,14884
4446,1789,56846
4447,1789,44755
4448,1789,35431
4449,1789,70870
4450,1789,52444
4451,1789,54639
4452,1789,33901
4453,1789,72042
4454,1789,56705
4455,1789,70577
4456,1789,71750
4457,1789,65320
4458,1789,59082
4459,1789,52584
4460,1789,59400
4461,1789,105
4462,1789,65478
4463,1789,71276
4464,1789,43705
4465,1789,51281
4466,1789,59347
4467,1789,32575
4468,1789,48522
4469,1789,20626
4470,1789,71677
4471,1789,52539
4472,1789,31987
4473,1789,20459
4474,1789,59715
4475,1789,49369
4476,1789,73258
4477,1789,5155
4478,1789,57284
4479,1789,25835
4480,1789,55505
4481,1789,56975
4482,1789,71254
4483,1789,68855
4484,1789,28474
4485,1789,39627
4486,1789,40337
4487,1789,47765
4488,1789,64549
4489,1789,61790
4490,1789,71454
4491,1789,74999
4492,1789,57701
4493,1789,48960
4494,1789,24616
4495,1789,50515
4496,1789,61791
4497,1789,18654
4498,1789,63452
4499,1789,40271
4500,1789,61703
4501,1789,58988
4502,1789,67177
4503,1789,70123
4504,1789,46288
4505,1789,45253
4506,1789,60866
4507,1789,69990
4508,1789,30036
4509,1789,58305
4510,1789,51860
4511,1789,39373
4512,1789,22287
4513,1789,48027
4514,1789,45810
4515,1789,60051
4516,1789,72206
4517,1789,53280
4518,1789,36864
4519,1789,19489
4520,1789,75258
4521,1789,39402
4522,1789,17087
4523,1789,73353
4524,1789,42564
4525,1789,46011
4526,1789,74558
4527,1789,37593
4528,1789,3074
4529,1789,37260
4530,1789,40891
4531,1789,46567
4532,1789,50464
4533,1789,72495
4534,1789,26235
4535,1789,55036
4536,1789,38190
4537,1789,20321
4538,1789,44443
4539,1789,17680
4540,1789,10105
4541,1789,37432
4542,1789,6693
4543,1789,23668
4544,1789,54703
4545,1789,56028
4546,1789,58164
4547,1789,69501
4548,1789,60900
4549,1789,67639
4550,1789,52836
4551,1789,42518
4552,1789,36018
4553,1789,38051
4554,1789,32998
4555,1789,46814
4556,1789,25771
4557,1789,43646
4558,1789,74993
4559,1789,56704
4560,1789,67980
4561,1789,47725
4562,1789,18636
4563,1789,44791
4564,1789,59237
4565,1789,54006
4566,1789,38491
4567,1789,53975
4568,1789,60611
4569,1789,36585
4570,1789,65130
4571,1789,30881
4572,1789,49969
4573,1789,56017
4574,1789,56290
4575,1789,71543
4576,1789,29588
4577,1789,61238
4578,1789,56201
4579,1789,61750
4580,1789,18787
4581,1789,60313
4582,1789,21597
4583,1789,57860
4584,1789,72927
4585,1789,44838
4586,1789,26801
4587,1789,70515
4588,1789,29909
4589,1789,35495
4590,1789,57406
4591,1789,52402
4592,1789,48270
4593,1789,47567
4594,1789,45567
4595,1789,56851
4596,1789,33425
4597,1789,45114
4598,1789,35413
4599,1789,57326
4600,1789,56628
4601,1789,45182
4602,1789,48311
4603,1789,59841
4604,1789,42501
4605,1789,69410
4606,1789,42923
4607,1789,19999
4608,1789,57428
4609,1789,27262
4610,1789,37457
4611,1789,56899
4612,1789,51813
4613,1789,39296
4614,1789,49906
4615,1789,16440
4616,1789,39788
4617,1789,50810
4618,1789,56002
4619,1789,44553
4620,1789,16578
4621,1789,56039
4622,1789,48326
4623,1789,71781
4624,1789,43935
4625,1789,21988
4626,1789,49794
4627,1789,59465
4628,1789,44844
4629,1789,29650
4630,1789,22155
4631,1789,46318
4632,1789,27450
4633,1789,47763
4634,1789,36015
4635,1789,43720
4636,1789,21952
4637,1789,24552
4638,1789,64664
4639,1789,75316
4640,1789,58082
4641,1789,43094
4642,1789,19168
4643,1789,71015
4644,1789,54168
4645,1789,58668
4646,1789,25505
4647,1789,53254
4648,1789,36366
4649,1789,66277
4650,1789,58338
4651,1789,51347
4652,1789,58007
4653,1789,60433
4654,1789,66385
4655,1789,34464
4656,1789,19313
4657,1789,58934
4658,1789,18846
4659,1789,66186
4660,1789,47902
4661,1789,47538
4662,1789,57877
4663,1789,35816
4664,1789,50839
4665,1789,46145
4666,1789,72572
4667,1789,25913
4668,1789,40396
4669,1789,68925
4670,1789,56169
4671,1789,17404
4672,1789,51931
4673,1789,29306
4674,1789,66174
4675,1789,63519
4676,1789,32572
4677,1789,58266
4678,1789,57662
4679,1789,58432
4680,1789,34224
4681,1789,32064
4682,1789,37834
4683,1789,68703
4684,1789,74151
4685,1789,53256
4686,1789,53691
4687,1789,22285
4688,1789,64653
4689,1789,17699
4690,1789,58576
4691,1789,22685
4692,1789,26429
4693,1789,17804
4694,1789,62817
4695,1789,52625
4696,1789,54641
4697,1789,68291
4698,1789,44552
4699,1789,56331
4700,1789,39599
4701,1789,38011
4702,1789,23435
4703,1789,56872
4704,1789,49363
4705,1789,19340
4706,1789,46872
4707,1789,55626
4708,1789,70194
4709,1789,18866
4710,1789,65206
4711,1789,63573
4712,1789,39478
4713,1789,66240
4714,1789,58464
4715,1789,57026
4716,1789,58236
4717,1789,59593
4718,1789,68551
4719,1789,52777
4720,1789,58869
4721,1789,28974
4722,1789,57289
4723,1789,50735
4724,1789,49972
4725,1789,57474
4726,1789,48484
4727,1789,20920
4728,1789,66318
4729,1789,55694
4730,1789,21116
4731,1789,26011
4732,1789,53194
4733,1789,63246
4734,1789,50287
4735,1789,41407
4736,1789,54088
4737,1789,75168
4738,1789,59922
4739,1789,20034
4740,1789,66849
4741,1789,39063
4742,1789,58870
4743,1789,40901
4744,1789,24347
4745,1789,23789
4746,1789,70592
4747,1789,56484
4748,1789,56209
4749,1789,49744
4750,1789,53362
4751,1789,40240
4752,1789,30389
4753,1789,62451
4754,1789,53696
4755,1789,43075
4756,1789,59526
4757,1789,65120
4758,1789,43429
4759,1789,31647
4760,1789,20400
4761,1789,56934
4762,1789,33130
4763,1789,56828
4764,1789,72924
4765,1789,58485
4766,1789,58597
4767,1789,58985
4768,1789,25935
4769,1789,24503
4770,1789,22021
4771,1789,37804
4772,1789,33319
4773,1789,59043
4774,1789,55856
4775,1789,63619
4776,1789,54725
4777,1789,20059
4778,1789,65609
4779,1789,57908
4780,1789,27373
4781,1789,53153
4782,1789,58123
4783,1789,51263
4784,1789,57054
4785,1789,55335
4786,1789,55998
4787,1789,45112
4788,1789,45990
4789,1789,59959
4790,1789,47989
4791,1789,58553
4792,1789,37194
4793,1789,42445
4794,1789,43272
4795,1789,55880
4796,1789,57994
4797,1789,22042
4798,1789,55804
4799,1789,22459
4800,1789,66060
4801,1789,65732
4802,1789,47264
4803,1789,56881
4804,1789,56062
4805,1789,58791
4806,1789,58165
4807,1789,60805
4808,1789,35210
4809,1789,39621
4810,1789,50388
4811,1789,57171
4812,1789,58461
4813,1789,53325
4814,1789,46356
4815,1789,41300
4816,1789,58285
4817,1789,64231
4818,1789,69502
4819,1789,61080
4820,1789,36188
4821,1789,73739
4822,1789,57321
4823,1789,45568
4824,1789,53243
4825,1789,54767
4826,1789,41865
4827,1789,28448
4828,1789,30577
4829,1789,50823
4830,1789,50070
4831,1789,49716
4832,1789,35541
4833,1789,39286
4834,1789,58976
4835,1789,23745
4836,1789,13363
4837,1789,44823
4838,1789,51253
4839,1789,29104
4840,1789,38077
4841,1789,46390
4842,1789,44554
4843,1789,51284
4844,1789,35158
4845,1789,22304
4846,1789,17770
4847,1789,48678
4848,1789,59006
4849,1789,50260
4850,1789,64666
4851,1789,21647
4852,1789,35658
4853,1789,695
4854,1789,24658
4855,1789,40306
4856,1789,32723
4857,1789,57598
4858,1789,38558
4859,1789,45450
4860,1789,65259
4861,1789,68774
4862,1789,64298
4863,1789,45909
4864,1789,28497
4865,1779,35497
4866,1779,15916
4867,1779,62001
4868,1779,56562
4869,1779,28885
4870,1779,5098
4871,1779,58379
4872,1779,67888
4873,1779,54945
4874,1779,49115
4875,1779,65571
4876,1779,32253
4877,1779,67401
4878,1779,5101
4879,1779,32942
4880,1779,20869
4881,1779,36657
4882,1779,51143
4883,1779,20384
4884,1779,58388
4885,1779,52032
4886,1779,24218
4887,1779,58863
4888,1779,38841
4889,1779,58960
4890,1779,72102
4891,1779,42318
4892,1779,50181
4893,1779,32733
4894,1779,58781
4895,1779,19453
4896,1779,39594
4897,1779,72335
4898,1779,33413
4899,1779,59069
4900,1779,64536
4901,1779,39611
4902,1779,69715
4903,1779,37116
4904,1779,58854
4905,1779,46915
4906,1779,46287
4907,1779,39503
4908,1779,3324
4909,1779,21791
4910,1779,35872
4911,1779,61249
4912,1779,71954
4913,1779,32557
4914,1779,19098
4915,1779,27192
4916,1779,42978
4917,1779,62091
4918,1779,34579
4919,1779,60759
4920,1779,17041
4921,1779,37729
4922,1779,58578
4923,1779,51337
4924,1779,65677
4925,1779,48119
4926,1779,39520
4927,1779,59262
4928,1779,25354
4929,1779,54602
4930,1779,14021
4931,1779,43887
4932,1779,54813
4933,1779,62140
4934,1779,57970
4935,1779,39563
4936,1779,39495
4937,1779,48573
4938,1779,70649
4939,1779,58045
4940,1779,19777
4941,1779,37596
4942,1779,3742
4943,1779,49514
4944,1779,58104
4945,1779,16208
4946,1779,56468
4947,1779,65267
4948,1779,56222
4949,1779,72352
4950,1779,42537
4951,1779,65700
4952,1779,23959
4953,1779,39090
4954,1779,72192
4955,1779,30477
4956,1779,66536
4957,1779,39485
4958,1779,74201
4959,1779,54958
4960,1779,47638
4961,1779,53400
4962,1779,23888
4963,1779,58360
4964,1779,39281
4965,1779,65314
4966,1779,62203
4967,1779,52719
4968,1779,73410
4969,1779,41799
4970,1779,16091
4971,1779,57709
4972,1779,67377
4973,1779,70022
4974,1779,72371
4975,1779,41248
4976,1779,50228
4977,1779,17636
4978,1779,58138
4979,1779,67711
4980,1779,21611
4981,1779,48892
4982,1779,58095
4983,1779,47194
4984,1779,19605
4985,1779,35062
4986,1779,58014
4987,1779,41153
4988,1779,36245
4989,1779,57155
4990,1779,55951
4991,1779,38456
4992,1779,57848
4993,1779,37930
4994,1779,51859
4995,1779,39223
4996,1779,56891
4997,1779,34922
4998,1779,43378
4999,1779,57927
5000,1779,60721
5001,1779,74258
5002,1844,56056
5003,1844,57099
5004,1844,68850
5005,1844,65418
5006,1844,75489
5007,1844,61338
5008,1844,5127
5009,1844,43549
5010,1844,40966
5011,1844,73737
5012,1844,13193
5013,1844,22872
5014,1844,44833
5015,1844,54302
5016,1844,38495
5017,1844,52582
5018,1844,59310
5019,1844,31561
5020,1844,43093
5021,1844,44819
5022,1844,35447
5023,1844,68044
5024,1844,53738
5025,1844,34684
5026,1844,40508
5027,1844,33225
5028,1844,55759
5029,1844,24769
5030,1844,72981
5031,1844,40352
5032,1844,41771
5033,1844,6332
5034,1844,29340
5035,1844,38469
5036,1844,25693
5037,1844,52019
5038,1844,20903
5039,1844,59238
5040,1844,71617
5041,1844,35068
5042,1844,24216
5043,1844,21239
5044,1844,71571
5045,1844,74966
5046,1844,51593
5047,1844,58546
5048,1844,22496
5049,1844,27802
5050,1844,55217
5051,1844,52968
5052,1844,33273
5053,1844,75125
5054,1844,37948
5055,1844,64834
5056,1844,909
5057,1844,46904
5058,1844,38862
5059,1844,30678
5060,1844,70763
5061,1844,60617
5062,1844,63570
5063,1844,21686
5064,1844,32424
5065,1844,65574
5066,1844,70757
5067,1844,53909
5068,1844,52245
5069,1844,46458
5070,1844,28633
5071,1844,58052
5072,1844,29668
5073,1844,37452
5074,1844,27464
5075,1844,44841
5076,1844,72521
5077,1844,33439
5078,1844,69959
5079,1844,15013
5080,1844,61630
5081,1844,23766
5082,1844,34273
5083,1844,56396
5084,1844,71304
5085,1844,39048
5086,1844,65805
5087,1844,33447
5088,1844,74588
5089,1844,29296
5090,1844,40898
5091,1844,20241
5092,1844,48095
5093,1844,21853
5094,1844,41141
5095,1844,13809
5096,1844,29624
5097,1844,71156
5098,1844,48285
5099,1844,4267
5100,1844,57890
5101,1844,66371
5102,1844,56583
5103,1844,40972
5104,1844,24938
5105,1844,46708
5106,1844,33769
5107,1844,57489
5108,1844,69832
5109,1844,68062
5110,1844,56132
5111,1844,74601
5112,1844,51600
5113,1844,46716
5114,1844,70624
5115,1844,61090
5116,1844,16456
5117,1844,60101
5118,1844,57482
5119,1844,46404
5120,1844,68059
5121,1844,40255
5122,1844,17477
5123,1844,70429
5124,1844,69830
5125,1844,56630
5126,1844,61610
5127,1844,66245
5128,1844,50225
5129,1844,74890
5130,1844,57444
5131,1844,39864
5132,1844,71480
5133,1844,48179
5134,1844,17917
5135,1844,35408
5136,1844,70298
5137,1844,34395
5138,1844,66260
5139,1844,69027
5140,1844,20849
5141,1844,51739
5142,1844,31936
5143,1844,42761
5144,1844,45731
5145,1844,49636
5146,1844,47744
5147,1844,39824
5148,1844,13075
5149,1844,57555
5150,1844,70066
5151,1844,69831
5152,1844,70182
5153,1844,41836
5154,1844,57705
5155,1844,23527
5156,1844,50949
5157,1844,39693
5158,1844,12901
5159,1844,59673
5160,1844,21811
5161,1844,56486
5162,1844,56420
5163,1844,44896
5164,1844,59984
5165,1844,72473
5166,1844,74667
5167,1844,37157
5168,1844,35779
5169,1844,16646
5170,1844,71095
5171,1844,43414
5172,1844,32496
5173,1844,73629
5174,1844,54176
5175,1844,43990
5176,1844,46388
5177,1844,67413
5178,1844,55763
5179,1844,59685
5180,1844,70827
5181,1844,58421
5182,1844,18785
5183,1844,44076
5184,1844,65585
5185,1844,34827
5186,1844,43230
5187,1844,61547
5188,1844,49988
5189,1844,57154
5190,1844,11314
5191,1844,32466
5192,1844,1259
5193,1844,34107
5194,1844,57206
5195,1844,46853
5196,1844,71997
5197,1844,26417
5198,1844,1257
5199,1844,59251
5200,1844,45727
5201,1844,39105
5202,1844,57229
5203,1844,29018
5204,1844,58026
5205,1844,74848
5206,1844,28428
5207,1844,47430
5208,1844,52783
5209,1844,21354
5210,1844,63500
5211,1844,39653
5212,1844,21355
5213,1844,60744
5214,1844,61724
5215,1844,59390
5216,1844,33479
5217,1844,18531
5218,1844,36395
5219,1844,36293
5220,1844,48947
5221,1844,55767
5222,1844,22281
5223,1844,26600
5224,1844,21371
5225,1844,48617
5226,1844,37573
5227,1844,52309
5228,1844,53866
5229,1844,4022
5230,1844,54151
5231,1844,29517
5232,1844,25652
5233,1844,32749
5234,1844,24502
5235,1844,53834
5236,1844,32086
5237,1844,10594
5238,1844,26122
5239,1844,58954
5240,1844,49607
5241,1844,55174
5242,1844,20360
5243,1844,70305
5244,1844,20256
5245,1844,53168
5246,1844,35152
5247,1844,39941
5248,1844,33909
5249,1844,39415
5250,1844,61260
5251,1844,47806
5252,1844,69545
5253,1844,47358
5254,1844,30811
5255,1844,32401
5256,1844,36182
5257,1844,41044
5258,1844,54493
5259,1844,73005
5260,1844,57898
5261,1844,27075
5262,1844,58450
5263,1844,41697
5264,1844,57112
5265,1844,56692
5266,1844,16220
5267,1844,56038
5268,1844,24871
5269,1844,16966
5270,1844,35154
5271,1844,55865
5272,1844,38462
5273,1844,62989
5274,1844,58471
5275,1844,39229
5276,1844,39871
5277,1844,57971
5278,1844,68585
5279,1844,30238
5280,1844,19044
5281,1844,29064
5282,1844,70151
5283,1844,25691
5284,1844,27065
5285,1844,50659
5286,1844,61245
5287,1844,36683
5288,1844,64765
5289,1844,53373
5290,1844,17370
5291,1844,54966
5292,1844,50993
5293,1844,71108
5294,1844,25267
5295,1844,64919
5296,1844,29582
5297,1844,40958
5298,1844,50301
5299,1844,62726
5300,1844,49867
5301,1844,29492
5302,1844,54695
5303,1844,57935
5304,1844,26447
5305,1844,37156
5306,1844,48690
5307,1844,34988
5308,1844,16568
5309,1844,14133
5310,1844,70213
5311,1844,42786
5312,1844,25761
5313,1844,51635
5314,1844,62653
5315,1844,39965
5316,1844,36078
5317,1844,34832
5318,1844,31655
5319,1844,48008
5320,1844,64342
5321,1844,58018
5322,1844,64263
5323,1844,57427
5324,1844,59710
5325,1844,53094
5326,1844,38549
5327,1844,57472
5328,1844,22309
5329,1844,69612
5330,1844,44786
5331,1844,66147
5332,1844,53108
5333,1844,41335
5334,1844,13095
5335,1844,35363
5336,1844,41344
5337,1844,48920
5338,1844,18538
5339,1844,40796
5340,1844,18419
5341,1844,44587
5342,1844,67674
5343,1844,29130
5344,1844,49633
5345,1844,25429
5346,1844,44351
5347,1844,56415
5348,1844,46338
5349,1844,40048
5350,1844,23272
5351,1844,54780
5352,1844,26007
5353,1844,65665
5354,1844,66706
5355,1844,57250
5356,1844,62786
5357,1844,71544
5358,1844,20892
5359,1844,17761
5360,1844,58083
5361,1844,68077
5362,1844,45763
5363,1844,55867
5364,1844,62119
5365,1844,28744
5366,1844,57784
5367,1844,62749
5368,1844,61100
5369,1844,73706
5370,1844,58231
5371,1844,59063
5372,1844,40340
5373,1844,59303
5374,1844,73923
5375,1844,74395
5376,1844,38156
5377,1844,23562
5378,1844,7116
5379,1844,24509
5380,1844,40811
5381,1844,44524
5382,1844,33363
5383,1844,71401
5384,1844,58712
5385,1844,39682
5386,1844,35022
5387,1844,23191
5388,1844,35554
5389,1844,25700
5390,1844,33546
5391,1844,52426
5392,1844,57608
5393,1844,56942
5394,1844,56957
5395,1844,55199
5396,1844,74567
5397,1844,26651
5398,1844,17062
5399,1844,73435
5400,1844,61286
5401,1844,50790
5402,1844,75408
5403,1844,67813
5404,1844,19140
5405,1844,18564
5406,1844,31787
5407,1844,42864
5408,1844,58108
5409,1844,17645
5410,1844,63005
5411,1844,45761
5412,1844,40781
5413,1844,23986
5414,1844,65191
5415,1844,12004
5416,1844,23323
5417,1844,28697
5418,1844,47115
5419,1844,34662
5420,1844,61608
5421,1844,37737
5422,1844,33372
5423,1844,48363
5424,1844,23829
5425,1844,52217
5426,1844,59093
5427,1844,50582
5428,1844,13148
5429,1844,23050
5430,1844,58814
5431,1844,50193
5432,1844,65641
5433,1844,23382
5434,1844,65116
5435,1844,38869
5436,1844,24832
5437,1844,63453
5438,1844,16460
5439,1844,31685
5440,1844,26896
5441,1844,48112
5442,1844,29479
5443,1844,5033
5444,1844,50170
5445,1844,56215
5446,1844,70188
5447,1844,66886
5448,1844,41974
5449,1844,23066
5450,1844,55923
5451,1844,33926
5452,1844,42827
5453,1844,67546
5454,1844,46280
5455,1844,45309
5456,1844,43074
5457,1844,48183
5458,1844,31503
5459,1844,45680
5460,1844,48358
5461,1844,73366
5462,1844,58930
5463,1844,69961
5464,1844,28741
5465,1844,23728
5466,1844,58933
5467,1844,21235
5468,1844,42977
5469,1844,65134
5470,1844,65573
5471,1844,58890
5472,1844,32602
5473,1844,54455
5474,1844,43873
5475,1844,34924
5476,1844,59881
5477,1844,62792
5478,1844,67829
5479,1844,73159
5480,1844,62175
5481,1844,68064
5482,1844,58829
5483,1844,58718
5484,1844,55494
5485,1844,66806
5486,1844,67727
5487,1844,45675
5488,1844,32774
5489,1844,21109
5490,1844,66663
5491,1844,57158
5492,1844,35173
5493,1844,72864
5494,1844,62440
5495,1844,75399
5496,1844,66527
5497,1844,58321
5498,1844,36789
5499,1844,21292
5500,1844,45557
5501,1844,66268
5502,1844,50857
5503,1844,16648
5504,1844,21487
5505,1844,42888
5506,1844,23502
5507,1844,44619
5508,1844,37966
5509,1844,23296
5510,1844,50758
5511,1844,53286
5512,1844,72342
5513,1844,33085
5514,1844,70986
5515,1844,58599
5516,1844,17817
5517,1844,28769
5518,1844,71928
5519,1844,15251
5520,1844,37019
5521,1844,70874
5522,1844,72541
5523,1844,46417
5524,1844,72339
5525,1844,50850
5526,1844,50364
5527,1844,17214
5528,1844,70269
5529,1844,22033
5530,1844,59901
5531,1844,73863
5532,1844,65115
5533,1844,45251
5534,1844,63766
5535,1844,59720
5536,1844,56925
5537,1844,23570
5538,1844,38255
5539,1844,69510
5540,1844,57942
5541,1844,59963
5542,1844,21062
5543,1844,46074
5544,1844,68178
5545,1844,26895
5546,1844,70480
5547,1844,71952
5548,1844,69546
5549,1844,47019
5550,1844,60968
5551,1844,4976
5552,1844,69912
5553,1844,28405
5554,1844,24301
5555,1844,14893
5556,1844,33243
5557,1844,56964
5558,1844,27982
5559,1844,49449
5560,1844,28241
5561,1844,64705
5562,1844,67858
5563,1844,49143
5564,1844,63098
5565,1844,71212
5566,1844,70787
5567,1844,23126
5568,1844,15086
5569,1844,35531
5570,1844,30868
5571,1844,21313
5572,1844,39297
5573,1844,58624
5574,1844,26348
5575,1844,58555
5576,1844,36579
5577,1844,49187
5578,1844,46408
5579,1844,24666
5580,1844,70831
5581,1844,39896
5582,1844,51667
5583,1844,7736
5584,1844,51760
5585,1844,43921
5586,1844,42128
5587,1844,40847
5588,1844,55722
5589,1844,26668
5590,1844,50555
5591,1844,31650
5592,1844,25564
5593,1844,74347
5594,1844,8063
5595,1844,30590
5596,1844,39424
5597,1844,70223
5598,1844,72040
5599,1844,18614
5600,1844,3343
5601,1844,41250
5602,1844,60411
5603,1844,25897
5604,1844,70677
5605,1844,39484
5606,1844,45006
5607,1844,35249
5608,1844,21238
5609,1844,42000
5610,1844,32902
5611,1844,36865
5612,1844,70808
5613,1844,75484
5614,1844,40509
5615,1844,46871
5616,1844,27969
5617,1844,42496
5618,1844,22195
5619,1844,58204
5620,1844,28471
5621,1844,70728
5622,1844,49987
5623,1844,21850
5624,1844,69497
5625,1844,59463
5626,1844,47587
5627,1844,43293
5628,1844,37725
5629,1844,73610
5630,1844,25448
5631,1844,27613
5632,1844,71908
5633,1844,34171
5634,1844,47310
5635,1844,62165
5636,1844,34856
5637,1844,41292
5638,1844,72686
5639,1844,29751
5640,1844,22495
5641,1844,27342
5642,1844,56660
5643,1844,53152
5644,1844,70329
5645,1844,54371
5646,1844,28463
5647,1844,52747
5648,1844,53549
5649,1844,64237
5650,1844,60804
5651,1844,43533
5652,1844,29352
5653,1844,51472
5654,1844,30457
5655,1844,30492
5656,1844,25619
5657,1844,54191
5658,1844,21310
5659,1844,29047
5660,1844,74226
5661,1844,48226
5662,1844,61116
5663,1844,58320
5664,1844,55041
5665,1844,55843
5666,1844,34161
5667,1844,51073
5668,1844,2184
5669,1844,58081
5670,1844,39820
5671,1844,70914
5672,1844,68804
5673,1844,38398
5674,1844,54999
5675,1844,29005
5676,1844,45543
5677,1844,43965
5678,1844,51680
5679,1844,62745
5680,1844,44111
5681,1844,64136
5682,1844,47816
5683,1844,61694
5684,1844,34840
5685,1844,36521
5686,1844,42543
5687,1844,42006
5688,1844,70596
5689,1844,55846
5690,1844,31902
5691,1844,45643
5692,1844,42600
5693,1844,39018
5694,1844,59823
5695,1844,30320
5696,1844,52260
5697,1844,72538
5698,1844,63218
5699,1844,38076
5700,1844,66391
5701,1844,57327
5702,1844,46002
5703,1844,21068
5704,1844,69581
5705,1844,55268
5706,1844,54645
5707,1844,51793
5708,1844,30995
5709,1844,64905
5710,1844,49319
5711,1844,9102
5712,1844,61605
5713,1844,52121
5714,1844,73275
5715,1844,71113
5716,1844,28763
5717,1844,52647
5718,1844,52803
5719,1844,49782
5720,1844,50769
5721,1844,74888
5722,1844,28804
5723,1844,18499
5724,1844,71049
5725,1844,71279
5726,1844,21373
5727,1844,24602
5728,1844,72825
5729,1844,22972
5730,1844,70448
5731,1844,45841
5732,1844,62141
5733,1844,63335
5734,1844,62285
5735,1844,69087
5736,1844,20863
5737,1844,32285
5738,1844,41817
5739,1844,33222
5740,1844,56540
5741,1844,67326
5742,1844,69800
5743,1844,843
5744,1844,50053
5745,1844,22827
5746,1844,65114
5747,1844,57006
5748,1844,64754
5749,1844,24922
5750,1844,74754
5751,1844,66193
5752,1844,46336
5753,1844,28263
5754,1844,30575
5755,1844,16997
5756,1844,74533
5757,1844,72313
5758,1844,69760
5759,1844,41298
5760,1844,51754
5761,1844,42097
5762,1844,31949
5763,1844,57108
5764,1844,55141
5765,1844,24211
5766,1844,61969
5767,1844,39957
5768,1844,24524
5769,1844,45958
5770,1844,24613
5771,1844,33162
5772,1844,40925
5773,1844,69972
5774,1844,17211
5775,1844,34077
5776,1844,39646
5777,1844,44872
5778,1844,21368
5779,1844,58757
5780,1844,54266
5781,1844,25029
5782,1844,31158
5783,1844,67073
5784,1844,65086
5785,1844,70572
5786,1844,38040
5787,1844,29468
5788,1844,18726
5789,1844,72815
5790,1844,15709
5791,1844,23184
5792,1844,48465
5793,1844,60009
5794,1844,47357
5795,1844,59233
5796,1844,53851
5797,1844,64815
5798,1844,2002
5799,1844,33761
5800,1844,31015
5801,1844,25424
5802,1844,39013
5803,1844,23144
5804,1844,58420
5805,1844,43135
5806,1844,50209
5807,1844,40307
5808,1844,34596
5809,1844,1184
5810,1844,40265
5811,1844,54904
5812,1844,46105
5813,1844,65262
5814,1844,62941
5815,1844,73016
5816,1844,61092
5817,1844,42787
5818,1844,33271
5819,1844,55953
5820,1844,70723
5821,1844,57599
5822,1844,59790
5823,1844,28260
5824,1844,26487
5825,1844,58335
5826,1844,51030
5827,1844,32497
5828,1844,43830
5829,1844,52706
5830,1844,49913
5831,1844,36692
5832,1844,57480
5833,1844,23541
5834,1844,19892
5835,1844,66169
5836,1844,12227
5837,1844,38347
5838,1844,35233
5839,1844,62651
5840,1844,7412
5841,1844,70776
5842,1844,43199
5843,1844,38405
5844,1844,68824
5845,1844,21120
5846,1844,33932
5847,1844,46009
5848,1844,71608
5849,1844,21226
5850,1844,58147
5851,1844,38532
5852,1844,52826
5853,1844,38921
5854,1844,59789
5855,1844,32093
5856,1844,45598
5857,1844,62704
5858,1844,41676
5859,1844,60512
5860,1844,42197
5861,1844,39628
5862,1844,54211
5863,1844,42526
5864,1844,1031
5865,1844,62153
5866,1844,72398
5867,1844,59089
5868,1844,74551
5869,1844,48763
5870,1844,31708
5871,1844,69439
5872,1844,31535
5873,1844,55597
5874,1844,54001
5875,1844,34996
5876,1844,58873
5877,1844,24359
5878,1844,43785
5879,1844,73936
5880,1844,16276
5881,1844,53979
5882,1844,38394
5883,1844,42618
5884,1844,64535
5885,1844,73664
5886,1844,28345
5887,1844,45262
5888,1844,74418
5889,1844,75033
5890,1844,50878
5891,1844,33257
5892,1844,50509
5893,1844,33294
5894,1844,42979
5895,1844,25441
5896,1844,32446
5897,1844,55718
5898,1844,53767
5899,1844,54827
5900,1844,3054
5901,1844,28384
5902,1844,28987
5903,1844,44315
5904,1844,59441
5905,1844,64800
5906,1844,56685
5907,1844,53967
5908,1844,69012
5909,1844,69529
5910,1844,54187
5911,1844,32183
5912,1844,65234
5913,1844,46316
5914,1844,25583
5915,1844,72283
5916,1844,57825
5917,1844,59182
5918,1844,3620
5919,1844,43710
5920,1844,51117
5921,1844,41725
5922,1844,11243
5923,1844,62658
5924,1844,39307
5925,1844,1066
5926,1844,53420
5927,1844,37373
5928,1844,41165
5929,1844,58333
5930,1844,53673
5931,1844,65342
5932,1844,27521
5933,1844,48694
5934,1844,49821
5935,1844,47262
5936,1809,42876
5937,1809,57009
5938,1809,37481
5939,1809,52442
5940,1809,63054
5941,1809,34771
5942,1809,8683
5943,1809,66345
5944,1809,27506
5945,1809,70032
5946,1809,55056
5947,1809,70350
5948,1809,53817
5949,1809,53384
5950,1809,41464
5951,1809,59364
5952,1809,69952
5953,1809,58568
5954,1809,52739
5955,1809,27893
5956,1809,54701
5957,1809,49227
5958,1809,50323
5959,1809,53409
5960,1809,48299
5961,1809,46439
5962,1809,70828
5963,1809,68128
5964,1809,55952
5965,1809,47691
5966,1809,42739
5967,1809,32728
5968,1809,74728
5969,1809,31879
5970,1809,29982
5971,1809,33902
5972,1809,68597
5973,1809,44990
5974,1809,30909
5975,1809,46429
5976,1809,32023
5977,1809,71669
5978,1809,41024
5979,1809,39408
5980,1809,26836
5981,1809,38636
5982,1809,53816
5983,1809,47026
5984,1809,59000
5985,1809,23581
5986,1809,47690
5987,1809,43363
5988,1809,35190
5989,1809,19529
5990,1809,71783
5991,1809,61217
5992,1809,72043
5993,1809,45923
5994,1809,55330
5995,1809,48793
5996,1809,37144
5997,1842,19096
5998,1842,24889
5999,1842,17102
6000,1842,20880
6001,1842,57252
6002,1842,66408
6003,1842,40617
6004,1842,9201
6005,1842,69780
6006,1842,45495
6007,1842,22728
6008,1842,55365
6009,1842,40287
6010,1842,67971
6011,1842,48998
6012,1842,42332
6013,1842,55384
6014,1842,27317
6015,1842,56784
6016,1842,66629
6017,1842,12260
6018,1842,36367
6019,1842,68604
6020,1842,64581
6021,1842,67904
6022,1842,73272
6023,1842,21554
6024,1842,41752
6025,1842,30354
6026,1842,41295
6027,1842,49612
6028,1842,9750
6029,1842,24697
6030,1842,55556
6031,1842,29028
6032,1842,71891
6033,1842,69220
6034,1842,48904
6035,1842,33890
6036,1842,71130
6037,1842,16964
6038,1842,23441
6039,1842,46004
6040,1842,38460
6041,1842,30323
6042,1842,9217
6043,1842,59714
6044,1842,19347
6045,1842,54051
6046,1842,56220
6047,1842,29323
6048,1842,65583
6049,1842,61211
6050,1842,20913
6051,1842,53318
6052,1842,66323
6053,1842,9202
6054,1842,63571
6055,1842,42790
6056,1842,73415
6057,1842,71426
6058,1842,71470
6059,1842,9220
6060,1842,51737
6061,1842,55872
6062,1842,65411
6063,1842,31899
6064,1842,71757
6065,1842,36486
6066,1842,59270
6067,1842,40622
6068,1842,49152
6069,1842,47047
6070,1842,6074
6071,1842,46161
6072,1842,73902
6073,1842,65090
6074,1842,69434
6075,1842,55765
6076,1842,57793
6077,1842,74197
6078,1842,45188
6079,1842,74436
6080,1842,71409
6081,1842,30750
6082,1842,23469
6083,1842,36720
6084,1842,60275
6085,1842,42891
6086,1842,73517
6087,1842,13707
6088,1842,675
6089,1842,48972
6090,1842,46864
6091,1842,28992
6092,1842,21817
6093,1842,64716
6094,1842,63923
6095,1842,73811
6096,1842,63163
6097,1842,61778
6098,1842,66598
6099,1842,29129
6100,1842,50161
6101,1842,24283
6102,1842,42828
6103,1842,7608
6104,1842,58499
6105,1842,51175
6106,1842,43209
6107,1842,56409
6108,1842,51376
6109,1842,68231
6110,1842,7606
6111,1842,46047
6112,1842,56443
6113,1842,49728
6114,1842,66719
6115,1842,31522
6116,1842,71219
6117,1842,52965
6118,1842,33115
6119,1842,55295
6120,1842,49983
6121,1842,53314
6122,1842,40845
6123,1842,53226
6124,1842,53900
6125,1842,41095
6126,1842,38478
6127,1842,60320
6128,1842,62880
6129,1842,51999
6130,1842,43866
6131,1842,59953
6132,1842,36255
6133,1842,42147
6134,1842,56150
6135,1842,67001
6136,1842,43599
6137,1842,9206
6138,1842,56381
6139,1842,51733
6140,1842,39839
6141,1842,63909
6142,1842,40631
6143,1842,54029
6144,1842,42340
6145,1842,71260
6146,1842,30682
6147,1842,8206
6148,1842,52326
6149,1842,42895
6150,1842,52421
6151,1842,37498
6152,1842,66763
6153,1842,50775
6154,1842,51452
6155,1842,61612
6156,1842,38644
6157,1842,57605
6158,1842,48232
6159,1842,38155
6160,1842,26982
6161,1842,28072
6162,1842,35542
6163,1842,60599
6164,1842,61641
6165,1842,2700
6166,1842,60408
6167,1842,45572
6168,1842,38748
6169,1842,9204
6170,1842,59136
6171,1842,55824
6172,1842,53479
6173,1842,47687
6174,1842,58981
6175,1842,75012
6176,1842,27857
6177,1842,54054
6178,1842,55278
6179,1842,20488
6180,1842,62354
6181,1842,54437
6182,1842,15658
6183,1842,49961
6184,1842,72294
6185,1842,6720
6186,1842,9209
6187,1842,38749
6188,1842,24819
6189,1842,1064
6190,1842,73023
6191,1842,49224
6192,1842,21426
6193,1842,63418
6194,1842,44852
6195,1842,66213
6196,1842,37897
6197,1842,57376
6198,1842,62312
6199,1842,44539
6200,1842,47039
6201,1842,41151
6202,1842,58111
6203,1842,71404
6204,1842,32845
6205,1842,39250
6206,1842,71751
6207,1842,58034
6208,1842,65790
6209,1842,56294
6210,1842,46865
6211,1842,48184
6212,1842,38865
6213,1842,9755
6214,1842,66429
6215,1842,73876
6216,1842,61226
6217,1842,18906
6218,1842,72303
6219,1842,68423
6220,1842,27182
6221,1842,44894
6222,1842,26151
6223,1842,71182
6224,1842,66858
6225,1842,64180
6226,1842,62589
6227,1842,508
6228,1842,37676
6229,1842,65039
6230,1842,68652
6231,1842,68320
6232,1842,70195
6233,1842,44349
6234,1842,65192
6235,1842,5671
6236,1842,42375
6237,1842,57046
6238,1842,50875
6239,1842,45585
6240,1842,18360
6241,1842,35647
6242,1842,31875
6243,1842,18682
6244,1842,71905
6245,1842,9213
6246,1842,63331
6247,1842,65804
6248,1842,54908
6249,1842,47451
6250,1842,41104
6251,1842,40844
6252,1842,27605
6253,1842,61125
6254,1842,56288
6255,1842,54800
6256,1842,38679
6257,1842,69675
6258,1842,16193
6259,1842,57302
6260,1842,39412
6261,1842,58150
6262,1842,57999
6263,1842,64126
6264,1842,52249
6265,1842,57247
6266,1842,13830
6267,1842,54891
6268,1842,41989
6269,1842,42528
6270,1842,36039
6271,1842,43035
6272,1842,55249
6273,1842,50793
6274,1842,53340
6275,1842,58852
6276,1842,72988
6277,1842,56588
6278,1842,66459
6279,1842,67805
6280,1842,35989
6281,1842,73740
6282,1842,54607
6283,1842,70927
6284,1842,54072
6285,1842,38825
6286,1842,22277
6287,1842,61087
6288,1842,59428
6289,1842,44907
6290,1842,37958
6291,1842,62820
6292,1842,69711
6293,1842,9203
6294,1842,70889
6295,1842,41762
6296,1842,9210
6297,1842,72946
6298,1842,39231
6299,1842,52177
6300,1842,33093
6301,1842,53729
6302,1842,66621
6303,1842,48456
6304,1842,4252
6305,1842,21672
6306,1842,46039
6307,1842,63673
6308,1842,69699
6309,1842,45884
6310,1842,57937
6311,1842,54939
6312,1842,38701
6313,1842,41516
6314,1842,22259
6315,1842,55475
6316,1842,74831
6317,1842,70279
6318,1842,27385
6319,1842,72471
6320,1842,25604
6321,1842,57851
6322,1842,49570
6323,1842,17
6324,1842,54629
6325,1842,24405
6326,1842,28712
6327,1842,58879
6328,1842,45028
6329,1842,15651
6330,1842,59592
6331,1842,28540
6332,1842,60984
6333,1842,56293
6334,1842,38623
6335,1842,53308
6336,1842,66055
6337,1842,64447
6338,1842,30109
6339,1842,21865
6340,1842,57574
6341,1842,49506
6342,1842,33503
6343,1842,42266
6344,1842,46528
6345,1842,9218
6346,1842,44939
6347,1842,34721
6348,1842,2355
6349,1842,50511
6350,1842,60244
6351,1842,24475
6352,1842,20468
6353,1842,847
6354,1842,71953
6355,1842,30809
6356,1842,55391
6357,1842,72751
6358,1842,70766
6359,1842,46207
6360,1842,57445
6361,1842,28847
6362,1842,63553
6363,1842,69622
6364,1842,74602
6365,1842,29771
6366,1842,52091
6367,1842,36597
6368,1842,60128
6369,1842,31490
6370,1842,23308
6371,1842,66533
6372,1842,49400
6373,1842,54503
6374,1842,63266
6375,1842,40861
6376,1842,16466
6377,1842,60449
6378,1842,627
6379,1842,61603
6380,1842,56177
6381,1842,63136
6382,1842,40083
6383,1842,66566
6384,1842,28327
6385,1842,65237
6386,1842,34390
6387,1842,36821
6388,1842,17965
6389,1842,18288
6390,1842,74891
6391,1842,18068
6392,1842,74631
6393,1842,44736
6394,1842,70375
6395,1842,59167
6396,1842,57010
6397,1842,9215
6398,1842,69225
6399,1842,40546
6400,1842,44740
6401,1842,15984
6402,1842,41672
6403,1842,38767
6404,1842,55437
6405,1842,56480
6406,1842,28467
6407,1842,63304
6408,1842,42102
6409,1842,35454
6410,1842,68212
6411,1842,65001
6412,1842,38415
6413,1842,37548
6414,1842,56326
6415,1842,63615
6416,1842,41761
6417,1842,51189
6418,1842,47936
6419,1842,45449
6420,1842,49840
6421,1842,58590
6422,1842,45862
6423,1842,16409
6424,1842,7607
6425,1842,46261
6426,1842,66712
6427,1842,33955
6428,1842,64612
6429,1842,33704
6430,1842,9080
6431,1842,56463
6432,1842,64843
6433,1842,55629
6434,1842,53036
6435,1842,67511
6436,1842,40662
6437,1842,62641
6438,1842,67184
6439,1842,62608
6440,1842,19647
6441,1842,41228
6442,1842,16891
6443,1842,17648
6444,1842,66614
6445,1842,30877
6446,1842,18601
6447,1842,54410
6448,1842,39874
6449,1842,29854
6450,1842,40126
6451,1842,50167
6452,1842,25021
6453,1842,71181
6454,1842,37995
6455,1842,63545
6456,1842,72233
6457,1842,21949
6458,1842,70232
6459,1842,55087
6460,1842,26136
6461,1842,34710
6462,1842,55536
6463,1842,41544
6464,1842,63784
6465,1842,20075
6466,1842,2664
6467,1842,44398
6468,1842,19569
6469,1842,52407
6470,1842,46208
6471,1842,63552
6472,1842,38323
6473,1842,71942
6474,1842,56161
6475,1842,36000
6476,1842,39617
6477,1842,46509
6478,1842,73427
6479,1842,36071
6480,1842,31296
6481,1842,66796
6482,1842,46621
6483,1842,52759
6484,1842,18823
6485,1842,46622
6486,1842,74662
6487,1842,26354
6488,1842,62688
6489,1842,50421
6490,1842,9205
6491,1842,21572
6492,1842,16328
6493,1842,9219
6494,1842,22598
6495,1842,71129
6496,1926,59180
6497,1926,55077
6498,1926,17884
6499,1926,10552
6500,1926,67756
6501,1926,72406
6502,1926,26593
6503,1926,25159
6504,1926,71089
6505,1926,55251
6506,1926,57198
6507,1926,12626
6508,1926,71106
6509,1926,60731
6510,1926,56581
6511,1926,51261
6512,1926,31729
6513,1926,41162
6514,1926,57307
6515,1926,73032
6516,1926,13482
6517,1926,57861
6518,1926,31396
6519,1926,70829
6520,1926,49226
6521,1926,74975
6522,1926,73365
6523,1926,19655
6524,1926,71306
6525,1926,72333
6526,1926,35434
6527,1926,16567
6528,1926,43745
6529,1926,47671
6530,1926,66368
6531,1926,36554
6532,1926,69339
6533,1926,39466
6534,1926,73192
6535,1926,70302
6536,1926,33089
6537,1926,63211
6538,1926,66631
6539,1926,53014
6540,1926,65954
6541,1926,28115
6542,1926,51817
6543,1926,44167
6544,1926,50828
6545,1926,61981
6546,1926,54909
6547,1926,60529
6548,1926,25703
6549,1926,71935
6550,1926,67944
6551,1926,39403
6552,1926,33027
6553,1926,58091
6554,1926,32593
6555,1926,47215
6556,1926,57125
6557,1926,66251
6558,1926,28950
6559,1926,73805
6560,1926,37556
6561,1926,40829
6562,1926,67309
6563,1926,18782
6564,1926,71193
6565,1926,67051
6566,1926,65819
6567,1926,57156
6568,1926,20449
6569,1926,39587
6570,1926,55512
6571,1926,38054
6572,1926,45657
6573,1926,57453
6574,1926,69322
6575,1926,69341
6576,1926,71653
6577,1926,21599
6578,1926,30896
6579,1926,42625
6580,1926,36388
6581,1926,24076
6582,1926,70996
6583,1926,69786
6584,1926,71332
6585,1926,56632
6586,1926,61124
6587,1926,42306
6588,1926,66276
6589,1926,59067
6590,1926,44663
6591,1926,21841
6592,1926,71528
6593,1926,57603
6594,1926,74726
6595,1926,58155
6596,1926,59181
6597,1926,28506
6598,1926,19758
6599,1926,65497
6600,1926,29
6601,1926,6768
6602,1926,34929
6603,1926,41350
6604,1926,67744
6605,1926,59999
6606,1926,68072
6607,1926,40367
6608,1926,67138
6609,1926,71000
6610,1926,43771
6611,1926,39782
6612,1926,39949
6613,1926,29603
6614,1926,70089
6615,1926,44212
6616,1926,56521
6617,1926,50412
6618,1926,70389
6619,1926,72216
6620,1926,74534
6621,1926,33379
6622,1926,70788
6623,1926,18392
6624,1926,44472
6625,1926,34873
6626,1926,18160
6627,1926,29681
6628,1926,49799
6629,1926,75490
6630,1926,69838
6631,1926,35358
6632,1926,68048
6633,1926,35937
6634,1926,30129
6635,1926,70630
6636,1926,56362
6637,1926,56961
6638,1926,14936
6639,1926,51772
6640,1926,63863
6641,1926,59078
6642,1926,34917
6643,1926,42251
6644,1926,47613
6645,1926,51011
6646,1926,35668
6647,1926,60926
6648,1926,16987
6649,1926,71626
6650,1926,73452
6651,1926,69787
6652,1926,51395
6653,1926,74148
6654,1926,27977
6655,1926,43910
6656,1926,57423
6657,1926,14669
6658,1926,68779
6659,1926,63948
6660,1926,24683
6661,1926,65473
6662,1926,71333
6663,1926,51672
6664,1926,49276
6665,1926,71230
6666,1926,50933
6667,1926,41467
6668,1926,57668
6669,1926,50308
6670,1926,65659
6671,1926,75372
6672,1926,55959
6673,1926,38440
6674,1926,43523
6675,1926,58797
6676,1926,44530
6677,1926,48989
6678,1926,46901
6679,1926,70385
6680,1926,48296
6681,1926,44732
6682,1926,52462
6683,1926,72390
6684,1926,72351
6685,1926,70432
6686,1926,73085
6687,1926,37953
6688,1926,18981
6689,1926,22535
6690,1926,54826
6691,1926,23680
6692,1926,45627
6693,1926,58700
6694,1926,58592
6695,1926,27562
6696,1926,40705
6697,1926,72388
6698,1926,21681
6699,1926,51678
6700,1926,55973
6701,1926,71223
6702,1926,60446
6703,1926,17018
6704,1926,72336
6705,1926,44662
6706,1926,41846
6707,1926,29859
6708,1926,57667
6709,1926,42921
6710,1926,41896
6711,1926,29815
6712,1926,1491
6713,1926,30576
6714,1926,72760
6715,1926,25292
6716,1926,36643
6717,1926,42770
6718,1926,70465
6719,1926,59874
6720,1926,47511
6721,1926,65945
6722,1926,48186
6723,1926,46035
6724,1926,50023
6725,1926,68531
6726,1926,22370
6727,1926,28452
6728,1926,53166
6729,1926,37839
6730,1926,36542
6731,1926,27850
6732,1926,63120
6733,1926,68411
6734,1926,43754
6735,1926,28783
6736,1926,55779
6737,1926,61643
6738,1926,72986
6739,1926,4937
6740,1926,44969
6741,1926,49204
6742,1926,45260
6743,1926,20716
6744,1926,42520
6745,1926,1567
6746,1926,71532
6747,1926,42355
6748,1926,63072
6749,1926,24505
6750,1926,31675
6751,1926,49617
6752,1926,70451
6753,1926,40640
6754,1926,41909
6755,1926,42728
6756,1926,58684
6757,1926,58242
6758,1926,56501
6759,1926,59405
6760,1926,75068
6761,1926,60472
6762,1926,69054
6763,1926,33794
6764,1926,72632
6765,1926,18285
6766,1926,2639
6767,1926,67870
6768,1926,64687
6769,1926,34982
6770,1926,56348
6771,1926,67979
6772,1926,71301
6773,1926,47123
6774,1926,32703
6775,1926,32326
6776,1926,44451
6777,1926,14424
6778,1926,75232
6779,1926,18990
6780,1926,27933
6781,1926,72444
6782,1926,66493
6783,1926,62702
6784,1926,73176
6785,1926,68353
6786,1926,59730
6787,1926,39263
6788,1926,57194
6789,1926,42688
6790,1926,68611
6791,1926,40364
6792,1926,72191
6793,1926,26023
6794,1926,42553
6795,1926,33151
6796,1926,31870
6797,1926,46421
6798,1926,28232
6799,1926,71647
6800,1926,35661
6801,1926,34582
6802,1926,59311
6803,1926,18187
6804,1926,46384
6805,1926,58058
6806,1926,27188
6807,1926,73043
6808,1926,25910
6809,1926,33289
6810,1926,21872
6811,1926,69668
6812,1926,43719
6813,1926,61533
6814,1926,68614
6815,1926,64910
6816,1926,28791
6817,1926,38474
6818,1926,70942
6819,1926,48151
6820,1926,34360
6821,1926,7479
6822,1926,53672
6823,1926,66077
6824,1926,28693
6825,1926,29364
6826,1926,56720
6827,1926,62650
6828,1926,69378
6829,1926,71231
6830,1926,33859
6831,1926,27212
6832,1926,73492
6833,1926,37587
6834,1926,46664
6835,1926,42137
6836,1926,39964
6837,1926,52964
6838,1926,61336
6839,1926,71771
6840,1926,60188
6841,1926,59614
6842,1926,69409
6843,1926,71334
6844,1926,69613
6845,1926,24385
6846,1926,57826
6847,1926,28666
6848,1926,53642
6849,1926,64809
6850,1926,71968
6851,1926,53028
6852,1926,41772
6853,1926,69463
6854,1926,61231
6855,1926,59138
6856,1926,41934
6857,1926,19231
6858,1926,70634
6859,1926,56626
6860,1926,73462
6861,1926,48196
6862,1926,31417
6863,1926,71929
6864,1926,62913
6865,1926,42800
6866,1926,23560
6867,1926,69752
6868,1926,23101
6869,1926,39309
6870,1926,71546
6871,1926,48371
6872,1926,69340
6873,1926,47120
6874,1926,51539
6875,1926,60838
6876,1926,59809
6877,1926,74168
6878,1926,46763
6879,1926,26671
6880,1926,29696
6881,1926,29041
6882,1926,27280
6883,1926,70803
6884,1926,69896
6885,1926,62079
6886,1926,3167
6887,1926,48294
6888,1926,34838
6889,1926,71923
6890,1926,40725
6891,1926,68226
6892,1926,26794
6893,1926,71872
6894,1926,39725
6895,1926,49017
6896,1926,70236
6897,1926,42228
6898,1926,66616
6899,1926,47396
6900,1926,51755
6901,1926,40751
6902,1926,37801
6903,1926,71069
6904,1926,40786
6905,1926,67374
6906,1926,56383
6907,1926,7189
6908,1926,22511
6909,1926,43484
6910,1926,45676
6911,1926,57402
6912,1926,33589
6913,1926,54413
6914,1926,57833
6915,1926,40611
6916,1926,70379
6917,1926,60156
6918,1926,48845
6919,1926,68903
6920,1926,52694
6921,1926,61663
6922,1926,31715
6923,1926,24744
6924,1926,16520
6925,1926,67123
6926,1926,58649
6927,1926,54360
6928,1926,72979
6929,1926,56379
6930,1926,50011
6931,1926,50001
6932,1926,56513
6933,1926,56340
6934,1926,62533
6935,1926,23485
6936,1926,60975
6937,1926,62867
6938,1926,70525
6939,1926,64891
6940,1926,45179
6941,1926,66724
6942,1926,70037
6943,1926,19065
6944,1926,64435
6945,1926,68933
6946,1926,62965
6947,1926,20833
6948,1926,74874
6949,1926,60495
6950,1926,70498
6951,1926,34754
6952,1926,39800
6953,1926,69549
6954,1926,18791
6955,1926,22234
6956,1926,58292
6957,1926,62462
6958,1926,45415
6959,1926,56623
6960,1926,11020
6961,1926,66954
6962,1926,70973
6963,1926,58132
6964,1926,55455
6965,1926,72514
6966,1926,69856
6967,1926,30692
6968,1926,34928
6969,1926,43422
6970,1926,61163
6971,1926,42860
6972,1926,56259
6973,1926,73701
6974,1926,68840
6975,1926,66187
6976,1926,49873
6977,1926,58511
6978,1926,37340
6979,1926,58139
6980,1926,56254
6981,1926,67372
6982,1926,46966
6983,1926,54506
6984,1926,74000
6985,1926,50811
6986,1926,36846
6987,1926,34504
6988,1926,36790
6989,1926,24374
6990,1926,40452
6991,1926,67463
6992,1926,70522
6993,1926,70398
6994,1926,69845
6995,1926,64532
6996,1926,57387
6997,1926,15173
6998,1926,70408
6999,1926,37884
7000,1926,73254
7001,1926,8021
7002,1926,44103
7003,1926,46592
7004,1926,40430
7005,1926,63111
7006,1926,46018
7007,1926,48806
7008,1926,48613
7009,1926,31804
7010,1926,69232
7011,1926,29715
7012,1926,65361
7013,1926,27842
7014,1926,28569
7015,1926,54142
7016,1926,71465
7017,1926,50049
7018,1926,71214
7019,1926,45510
7020,1926,14359
7021,1926,71706
7022,1926,46705
7023,1926,43083
7024,1926,36429
7025,1926,69701
7026,1926,75145
7027,1926,69737
7028,1926,55276
7029,1926,40644
7030,1926,67258
7031,1926,55801
7032,1926,39755
7033,1926,45870
7034,1926,69702
7035,1926,68088
7036,1926,61592
7037,1926,54871
7038,1926,36696
7039,1926,47122
7040,1926,47923
7041,1926,69415
7042,1926,68727
7043,1926,64437
7044,1926,69234
7045,1926,73017
7046,1926,46516
7047,1926,70038
7048,1926,65290
7049,1926,72013
7050,1926,53057
7051,1926,70152
7052,1926,18831
7053,1926,1915
7054,1926,62652
7055,1926,23692
7056,1926,16979
7057,1926,37547
7058,1926,44616
7059,1926,43702
7060,1926,49162
7061,1926,37952
7062,1926,41770
7063,1926,55773
7064,1926,70731
7065,1926,61689
7066,1926,46301
7067,1926,72186
7068,1926,35035
7069,1926,53582
7070,1926,50226
7071,1926,71902
7072,1926,20326
7073,1926,24798
7074,1926,11985
7075,1926,34106
7076,1926,48247
7077,1926,19561
7078,1926,54707
7079,1926,61405
7080,1926,68229
7081,1926,57002
7082,1926,52071
7083,1926,59068
7084,1926,68741
7085,1926,74608
7086,1926,71634
7087,1926,73150
7088,1926,47683
7089,1926,53164
7090,1926,56514
7091,1926,29524
7092,1926,34829
7093,1926,75002
7094,1926,43454
7095,1926,62191
7096,1926,62496
7097,1926,75026
7098,1926,33163
7099,1926,74416
7100,1926,47204
7101,1926,39799
7102,1926,45578
7103,1926,72731
7104,1926,35188
7105,1926,48426
7106,1926,15156
7107,1926,70458
7108,1926,39288
7109,1926,73154
7110,1926,56402
7111,1926,25482
7112,1926,62697
7113,1926,54135
7114,1926,25282
7115,1926,67845
7116,1926,45630
7117,1926,72609
7118,1926,61423
7119,1926,61065
7120,1926,17881
7121,1926,253
7122,1926,14408
7123,1926,72227
7124,1926,70964
7125,1926,36259
7126,1926,40547
7127,1926,69404
7128,1926,73381
7129,1926,70106
7130,1926,36747
7131,1926,38890
7132,1926,72334
7133,1926,20134
7134,1926,52509
7135,1926,59437
7136,1926,47391
7137,1926,35576
7138,1926,71363
7139,1926,52822
7140,1783,13926
7141,1783,59941
7142,1783,43314
7143,1783,71739
7144,1783,73767
7145,1783,72329
7146,1783,1934
7147,1783,43828
7148,1783,30274
7149,1783,52196
7150,1783,38409
7151,1783,58880
7152,1783,32511
7153,1783,61166
7154,1783,36347
7155,1783,13239
7156,1783,7258
7157,1783,27874
7158,1783,54144
7159,1783,46685
7160,1783,40348
7161,1783,65579
7162,1783,26189
7163,1783,56248
7164,1783,45140
7165,1783,38037
7166,1783,48737
7167,1783,42519
7168,1783,67967
7169,1783,68232
7170,1783,59260
7171,1783,33802
7172,1783,31140
7173,1783,74467
7174,1783,33164
7175,1783,28517
7176,1783,53519
7177,1783,44392
7178,1783,6050
7179,1783,19110
7180,1783,55825
7181,1783,48835
7182,1783,574
7183,1783,41558
7184,1783,36651
7185,1783,65667
7186,1783,69585
7187,1783,67735
7188,1783,26885
7189,1923,52070
7190,1923,75479
7191,1923,59156
7192,1923,47785
7193,1923,19051
7194,1923,51252
7195,1923,66988
7196,1923,69692
7197,1923,34096
7198,1923,16463
7199,1923,50504
7200,1923,28976
7201,1923,58973
7202,1923,70316
7203,1923,66923
7204,1923,26086
7205,1923,60454
7206,1923,27318
7207,1923,51702
7208,1923,70691
7209,1923,41807
7210,1923,56638
7211,1923,33771
7212,1923,59895
7213,1923,59845
7214,1923,53058
7215,1923,64548
7216,1923,60330
7217,1923,73266
7218,1923,51616
7219,1923,53685
7220,1923,37639
7221,1923,54474
7222,1923,59282
7223,1923,39794
7224,1923,53726
7225,1923,7048
7226,1923,22365
7227,1923,68670
7228,1923,23958
7229,1923,27323
7230,1923,37464
7231,1923,42571
7232,1923,59499
7233,1923,26069
7234,1923,18461
7235,1923,30700
7236,1923,71485
7237,1923,36703
7238,1923,33826
7239,1923,69369
7240,1923,56341
7241,1923,38875
7242,1923,59177
7243,1923,42067
7244,1923,42039
7245,1923,71651
7246,1923,22717
7247,1923,43296
7248,1923,43232
7249,1923,60584
7250,1923,70882
7251,1923,47527
7252,1923,60209
7253,1923,67156
7254,1923,32005
7255,1923,62093
7256,1923,61294
7257,1923,26172
7258,1923,62497
7259,1923,69964
7260,1923,57342
7261,1923,72562
7262,1923,67182
7263,1923,31518
7264,1923,62991
7265,1923,40473
7266,1923,47015
7267,1923,30496
7268,1923,57761
7269,1923,59848
7270,1923,67050
7271,1923,34823
7272,1923,32173
7273,1923,59529
7274,1923,65957
7275,1923,4585
7276,1923,53300
7277,1923,19122
7278,1923,63930
7279,1923,54134
7280,1923,65145
7281,1923,57854
7282,1923,66465
7283,1923,20511
7284,1923,41929
7285,1923,54028
7286,1923,31491
7287,1923,57739
7288,1923,20827
7289,1923,61014
7290,1923,53794
7291,1923,59563
7292,1923,69946
7293,1923,75217
7294,1923,61690
7295,1923,21255
7296,1923,58594
7297,1923,58585
7298,1923,66716
7299,1923,63360
7300,1923,30756
7301,1923,43064
7302,1923,43500
7303,1923,53709
7304,1923,28883
7305,1923,69880
7306,1923,54665
7307,1923,58662
7308,1923,63536
7309,1923,32743
7310,1923,25466
7311,1923,60255
7312,1923,60962
7313,1923,54913
7314,1923,54210
7315,1923,33624
7316,1923,67920
7317,1923,41648
7318,1923,68714
7319,1923,62628
7320,1923,74585
7321,1923,69344
7322,1923,15755
7323,1923,60039
7324,1923,53907
7325,1923,33897
7326,1923,59283
7327,1923,29713
7328,1923,56263
7329,1923,66049
7330,1923,54235
7331,1923,72430
7332,1923,43098
7333,1923,52897
7334,1923,48129
7335,1923,39757
7336,1923,46970
7337,1923,32625
7338,1923,30755
7339,1923,66114
7340,1923,52778
7341,1923,65568
7342,1923,62026
7343,1923,24671
7344,1923,65271
7345,1923,42941
7346,1923,62784
7347,1923,23684
7348,1923,70410
7349,1923,37010
7350,1923,74163
7351,1923,21937
7352,1923,68352
7353,1923,27080
7354,1923,42476
7355,1923,39672
7356,1923,24479
7357,1923,8041
7358,1923,67668
7359,1923,42661
7360,1923,62768
7361,1923,50349
7362,1923,43904
7363,1923,43623
7364,1923,60663
7365,1923,19598
7366,1923,53116
7367,1923,68169
7368,1923,45514
7369,1923,60802
7370,1923,65944
7371,1923,19092
7372,1923,14772
7373,1923,62973
7374,1923,45511
7375,1923,69953
7376,1923,38068
7377,1923,68253
7378,1923,43068
7379,1923,60263
7380,1923,28846
7381,1923,36945
7382,1923,29494
7383,1923,65974
7384,1923,59893
7385,1923,27887
7386,1923,51762
7387,1923,60742
7388,1923,26366
7389,1923,23539
7390,1923,59422
7391,1923,4399
7392,1923,23996
7393,1923,532
7394,1923,64758
7395,1923,63262
7396,1923,40679
7397,1923,60167
7398,1923,109
7399,1923,62693
7400,1923,59648
7401,1923,25511
7402,1923,20317
7403,1923,70185
7404,1923,66871
7405,1923,41566
7406,1923,56787
7407,1923,21051
7408,1923,69136
7409,1923,34414
7410,1923,60481
7411,1923,3260
7412,1923,17867
7413,1923,59819
7414,1923,63730
7415,1923,55590
7416,1923,23259
7417,1923,60096
7418,1923,72510
7419,1923,57435
7420,1923,69734
7421,1923,52583
7422,1923,62304
7423,1923,60102
7424,1923,39103
7425,1923,17277
7426,1923,53489
7427,1923,59474
7428,1923,60725
7429,1923,60948
7430,1923,59894
7431,1923,36572
7432,1923,68503
7433,1923,56569
7434,1923,58125
7435,1923,61582
7436,1923,15098
7437,1923,67604
7438,1923,58866
7439,1923,49622
7440,1923,33790
7441,1923,20163
7442,1923,28654
7443,1923,31138
7444,1923,52524
7445,1923,52817
7446,1923,63832
7447,1923,61120
7448,1923,50275
7449,1923,59354
7450,1923,39560
7451,1923,37015
7452,1923,60021
7453,1923,54146
7454,1923,42934
7455,1923,33282
7456,1923,36121
7457,1923,59125
7458,1923,36831
7459,1923,44418
7460,1923,38768
7461,1923,48923
7462,1923,67810
7463,1923,19333
7464,1923,19395
7465,1923,62527
7466,1923,11867
7467,1923,64284
7468,1923,8084
7469,1923,59994
7470,1923,22996
7471,1923,70243
7472,1923,17499
7473,1923,17371
7474,1923,70503
7475,1923,73461
7476,1923,61364
7477,1923,65252
7478,1923,58377
7479,1923,54579
7480,1923,60374
7481,1923,44564
7482,1923,73616
7483,1923,35695
7484,1923,29509
7485,1923,58820
7486,1923,64036
7487,1923,64242
7488,1923,57897
7489,1923,59880
7490,1923,72644
7491,1923,61043
7492,1923,37132
7493,1923,40800
7494,1923,74673
7495,1923,50282
7496,1923,72032
7497,1923,59249
7498,1923,24078
7499,1923,71302
7500,1923,39900
7501,1923,70474
7502,1923,7019
7503,1923,42792
7504,1923,21008
7505,1923,71153
7506,1923,65577
7507,1923,56369
7508,1923,70667
7509,1923,40251
7510,1923,36964
7511,1923,71556
7512,1923,56184
7513,1923,53515
7514,1923,46385
7515,1923,55008
7516,1923,66221
7517,1923,53046
7518,1923,55764
7519,1923,39936
7520,1923,15232
7521,1923,72418
7522,1923,43265
7523,1923,38732
7524,1923,48655
7525,1923,18655
7526,1923,60044
7527,1923,60341
7528,1923,31316
7529,1923,65311
7530,1923,36762
7531,1923,56963
7532,1923,60339
7533,1923,71640
7534,1923,60808
7535,1923,36756
7536,1923,44905
7537,1923,11906
7538,1923,70115
7539,1923,71577
7540,1923,64623
7541,1923,61201
7542,1923,21653
7543,1923,69547
7544,1923,36397
7545,1923,68822
7546,1923,48992
7547,1923,59818
7548,1923,65970
7549,1923,65343
7550,1923,70767
7551,1923,30601
7552,1923,70286
7553,1923,69121
7554,1923,28528
7555,1923,72720
7556,1923,27777
7557,1923,26153
7558,1923,5109
7559,1923,68650
7560,1923,60093
7561,1923,45517
7562,1923,33858
7563,1923,62911
7564,1923,61426
7565,1923,59367
7566,1923,60983
7567,1923,29694
7568,1923,67188
7569,1923,46498
7570,1923,62270
7571,1923,39894
7572,1923,67329
7573,1923,43463
7574,1923,35386
7575,1923,31408
7576,1923,58796
7577,1923,39960
7578,1923,68430
7579,1923,65950
7580,1923,16468
7581,1923,60776
7582,1923,73260
7583,1923,42751
7584,1923,1016
7585,1923,55425
7586,1923,30246
7587,1923,69969
7588,1923,21635
7589,1923,71578
7590,1923,66824
7591,1923,72394
7592,1923,61553
7593,1923,56914
7594,1923,59780
7595,1923,622
7596,1923,65519
7597,1923,24299
7598,1923,47078
7599,1923,58617
7600,1923,60325
7601,1923,17513
7602,1923,58183
7603,1923,55534
7604,1923,49561
7605,1923,35050
7606,1923,37406
7607,1923,39984
7608,1923,74691
7609,1923,25446
7610,1923,3435
7611,1923,48337
7612,1923,44849
7613,1923,67531
7614,1923,28853
7615,1923,70736
7616,1923,59165
7617,1923,34089
7618,1923,45368
7619,1923,62823
7620,1923,73448
7621,1923,4943
7622,1923,21220
7623,1923,40028
7624,1923,68949
7625,1923,62371
7626,1923,35532
7627,1923,28562
7628,1923,23447
7629,1923,55382
7630,1923,59254
7631,1923,38923
7632,1923,60796
7633,1923,61521
7634,1923,68239
7635,1923,46977
7636,1923,42870
7637,1923,61812
7638,1923,24177
7639,1923,45616
7640,1923,17492
7641,1923,66932
7642,1923,61236
7643,1923,63321
7644,1923,18670
7645,1923,49540
7646,1923,31378
7647,1923,66103
7648,1923,59015
7649,1923,55774
7650,1923,39137
7651,1923,73026
7652,1923,72502
7653,1923,69779
7654,1923,20662
7655,1923,58871
7656,1923,22829
7657,1923,55819
7658,1923,64196
7659,1923,46861
7660,1923,50598
7661,1923,66496
7662,1923,59199
7663,1923,60067
7664,1923,71475
7665,1923,54374
7666,1923,37670
7667,1923,69035
7668,1923,37840
7669,1923,27268
7670,1923,42955
7671,1923,62360
7672,1923,19776
7673,1923,34112
7674,1923,56886
7675,1923,21300
7676,1923,58489
7677,1923,39748
7678,1923,53113
7679,1923,48295
7680,1923,37458
7681,1923,65590
7682,1923,1881
7683,1923,65714
7684,1923,30480
7685,1923,23599
7686,1923,20645
7687,1923,65636
7688,1923,33968
7689,1923,60125
7690,1923,60123
7691,1923,22916
7692,1923,71239
7693,1923,65784
7694,1923,47380
7695,1923,52510
7696,1923,41205
7697,1923,66973
7698,1923,61799
7699,1923,35120
7700,1923,19897
7701,1923,60214
7702,1923,67300
7703,1923,56142
7704,1923,64046
7705,1923,75367
7706,1923,34615
7707,1923,43049
7708,1923,38172
7709,1923,30501
7710,1923,3257
7711,1923,59929
7712,1923,44548
7713,1923,59380
7714,1923,62327
7715,1923,50431
7716,1923,46455
7717,1923,28158
7718,1923,63124
7719,1923,70231
7720,1923,54761
7721,1923,23674
7722,1923,57844
7723,1923,26732
7724,1923,18936
7725,1923,61138
7726,1923,40919
7727,1923,61028
7728,1923,66822
7729,1923,45443
7730,1923,46506
7731,1923,27234
7732,1923,65939
7733,1923,31925
7734,1923,19606
7735,1923,67947
7736,1923,67344
7737,1923,59113
7738,1923,38893
7739,1923,56322
7740,1923,45106
7741,1923,65569
7742,1923,28376
7743,1923,70526
7744,1923,24645
7745,1923,40843
7746,1923,19393
7747,1923,40868
7748,1923,17877
7749,1923,67473
7750,1923,68189
7751,1923,70289
7752,1923,67689
7753,1923,63694
7754,1923,69614
7755,1923,57606
7756,1923,48351
7757,1923,24559
7758,1923,24750
7759,1923,34554
7760,1923,36717
7761,1923,68153
7762,1923,63353
7763,1923,61449
7764,1923,51072
7765,1923,53104
7766,1923,67358
7767,1923,74127
7768,1923,46630
7769,1923,9800
7770,1923,60042
7771,1923,61329
7772,1923,68134
7773,1923,59778
7774,1923,52498
7775,1923,49195
7776,1923,54950
7777,1923,63084
7778,1923,54119
7779,1923,69544
7780,1923,52202
7781,1923,55679
7782,1923,45236
7783,1923,63104
7784,1923,69765
7785,1923,36234
7786,1923,11580
7787,1923,33963
7788,1923,59742
7789,1923,33394
7790,1923,33844
7791,1923,60315
7792,1923,64675
7793,1923,47487
7794,1923,46711
7795,1923,18184
7796,1923,69682
7797,1923,55851
7798,1923,61568
7799,1923,44185
7800,1923,64012
7801,1923,57768
7802,1923,70101
7803,1923,41939
7804,1923,46446
7805,1923,63623
7806,1923,65182
7807,1923,56490
7808,1923,16381
7809,1923,59413
7810,1923,43829
7811,1923,38070
7812,1923,60399
7813,1923,14594
7814,1923,66224
7815,1923,64443
7816,1923,63551
7817,1923,61515
7818,1923,65863
7819,1923,55385
7820,1923,65278
7821,1923,74976
7822,1923,55108
7823,1923,33385
7824,1923,61344
7825,1923,52896
7826,1923,52400
7827,1923,19908
7828,1923,26601
7829,1923,71916
7830,1923,37680
7831,1923,37385
7832,1923,38769
7833,1923,51165
7834,1923,15831
7835,1923,70147
7836,1923,33423
7837,1923,54929
7838,1923,66600
7839,1923,38501
7840,1923,29812
7841,1923,36819
7842,1923,74764
7843,1923,67056
7844,1923,59777
7845,1923,41885
7846,1923,35229
7847,1923,74984
7848,1923,70313
7849,1923,37303
7850,1923,49331
7851,1923,56186
7852,1923,786
7853,1923,61995
7854,1923,23132
7855,1923,50590
7856,1923,22915
7857,1923,36084
7858,1923,56887
7859,1923,20709
7860,1923,72904
7861,1923,43001
7862,1923,44582
7863,1923,43539
7864,1923,62409
7865,1923,60601
7866,1923,55080
7867,1923,69852
7868,1923,18984
7869,1923,57221
7870,1923,62557
7871,1923,60950
7872,1923,50381
7873,1923,59054
7874,1923,37944
7875,1923,69995
7876,1923,36961
7877,1923,47198
7878,1923,61395
7879,1923,38003
7880,1923,31871
7881,1923,56203
7882,1923,68488
7883,1923,1471
7884,1923,5257
7885,1923,23995
7886,1923,27687
7887,1923,66568
7888,1923,71003
7889,1923,60164
7890,1923,41803
7891,1923,23475
7892,1923,58868
7893,1923,60276
7894,1923,18969
7895,1923,25345
7896,1923,41834
7897,1923,58765
7898,1923,63391
7899,1923,47306
7900,1923,63025
7901,1923,60483
7902,1923,66162
7903,1923,28479
7904,1923,19108
7905,1923,25005
7906,1923,21546
7907,1923,41785
7908,1923,49624
7909,1923,75392
7910,1923,66940
7911,1923,61054
7912,1923,5168
7913,1923,70810
7914,1923,33167
7915,1923,34086
7916,1923,39198
7917,1923,57460
7918,1923,26324
7919,1923,70470
7920,1923,30966
7921,1923,39641
7922,1923,55886
7923,1923,22636
7924,1923,32501
7925,1923,21598
7926,1923,48366
7927,1923,15623
7928,1923,63448
7929,1923,71144
7930,1923,59201
7931,1923,52589
7932,1923,40063
7933,1923,59379
7934,1923,12456
7935,1923,72865
7936,1923,27549
7937,1923,46176
7938,1923,19816
7939,1923,68664
7940,1923,56593
7941,1923,53877
7942,1923,40290
7943,1923,21094
7944,1923,43583
7945,1923,75188
7946,1923,49749
7947,1923,33524
7948,1923,55225
7949,1923,25874
7950,1923,60523
7951,1923,17982
7952,1923,66258
7953,1923,71060
7954,1923,66585
7955,1923,1316
7956,1923,42687
7957,1923,61021
7958,1923,60904
7959,1923,72057
7960,1923,65942
7961,1923,70782
7962,1923,50505
7963,1923,28765
7964,1923,34885
7965,1923,54021
7966,1923,40319
7967,1923,49173
7968,1923,4280
7969,1923,55088
7970,1923,9591
7971,1923,59548
7972,1923,59198
7973,1923,36666
7974,1923,16360
7975,1923,66156
7976,1923,22549
7977,1923,67928
7978,1923,62081
7979,1923,58491
7980,1923,55109
7981,1923,45447
7982,1923,28541
7983,1923,58455
7984,1923,59022
7985,1923,46195
7986,1923,3429
7987,1923,45143
7988,1923,75163
7989,1923,61477
7990,1923,55128
7991,1923,32532
7992,1923,27264
7993,1923,29314
7994,1923,28440
7995,1923,55433
7996,1923,59440
7997,1923,67482
7998,1923,60169
7999,1923,43057
8000,1923,27116
8001,1923,60262
8002,1923,41923
8003,1923,39014
8004,1923,57228
8005,1923,41639
8006,1923,37777
8007,1923,64530
8008,1923,66239
8009,1923,30866
8010,1923,61453
8011,1923,60270
8012,1923,31837
8013,1923,75509
8014,1923,27246
8015,1923,42521
8016,1923,26711
8017,1923,67908
8018,1923,28615
8019,1923,67865
8020,1923,64225
8021,1923,37486
8022,1923,72056
8023,1923,74896
8024,1923,30720
8025,1923,42439
8026,1923,6666
8027,1923,64521
8028,1923,55666
8029,1923,59178
8030,1923,13939
8031,1923,65359
8032,1923,687
8033,1923,59966
8034,1923,37392
8035,1923,50797
8036,1923,16600
8037,1923,27277
8038,1923,64349
8039,1923,72202
8040,1923,59072
8041,1923,18504
8042,1923,61956
8043,1923,59490
8044,1923,57670
8045,1923,27244
8046,1923,60979
8047,1923,19378
8048,1923,34430
8049,1923,61369
8050,1923,69070
8051,1923,51048
8052,1923,68399
8053,1923,41837
8054,1923,32024
8055,1923,3829
8056,1923,68040
8057,1923,33283
8058,1923,63574
8059,1923,57497
8060,1923,33029
8061,1923,25848
8062,1923,50591
8063,1923,62551
8064,1923,42336
8065,1923,36709
8066,1923,58593
8067,1923,28221
8068,1923,65576
8069,1923,53414
8070,1923,44865
8071,1923,70537
8072,1923,67195
8073,1923,74675
8074,1923,66655
8075,1923,60872
8076,1923,66166
8077,1923,15348
8078,1923,68753
8079,1923,36728
8080,1923,51411
8081,1923,71503
8082,1923,69467
8083,1923,71941
8084,1923,59826
8085,1923,58666
8086,1923,31409
8087,1923,54663
8088,1923,59179
8089,1923,65749
8090,1923,51585
8091,1923,43572
8092,1923,69273
8093,1923,67570
8094,1923,61420
8095,1923,59169
8096,1923,49095
8097,1923,41572
8098,1923,57119
8099,1923,59598
8100,1923,70597
8101,1923,62963
8102,1923,39999
8103,1923,70352
8104,1923,26754
8105,1923,30644
8106,1923,39942
8107,1923,53525
8108,1923,70358
8109,1923,67801
8110,1923,70077
8111,1923,70955
8112,1923,63184
8113,1923,32624
8114,1923,40593
8115,1923,71414
8116,1923,66701
8117,1923,36557
8118,1923,56299
8119,1923,21541
8120,1923,59868
8121,1923,1141
8122,1923,65675
8123,1923,58947
8124,1923,60242
8125,1923,45506
8126,1923,23771
8127,1923,18180
8128,1923,36229
8129,1923,63153
8130,1923,14625
8131,1923,70412
8132,1923,72180
8133,1923,18603
8134,1923,56776
8135,1923,33002
8136,1923,21286
8137,1923,48149
8138,1923,67420
8139,1923,27739
8140,1923,46337
8141,1923,56560
8142,1923,39185
8143,1923,73514
8144,1923,20781
8145,1923,67359
8146,1923,48286
8147,1923,66917
8148,1923,26734
8149,1923,15540
8150,1923,23347
8151,1923,42393
8152,1923,21341
8153,1923,62478
8154,1923,32091
8155,1923,36342
8156,1923,63649
8157,1923,56717
8158,1923,63287
8159,1923,18765
8160,1923,48719
8161,1923,21666
8162,1923,59884
8163,1923,37346
8164,1923,29546
8165,1923,47490
8166,1923,31186
8167,1923,65423
8168,1923,55304
8169,1923,60525
8170,1923,74382
8171,1923,65779
8172,1923,56648
8173,1923,38519
8174,1923,20136
8175,1923,59019
8176,1923,25186
8177,1923,52848
8178,1923,69721
8179,1923,61349
8180,1923,25542
8181,1923,37554
8182,1923,73409
8183,1923,24402
8184,1923,61574
8185,1923,63935
8186,1923,63342
8187,1923,74238
8188,1923,45620
8189,1923,46187
8190,1923,34950
8191,1923,49546
8192,1923,20741
8193,1923,43283
8194,1923,17020
8195,1923,55405
8196,1923,56752
8197,1923,53337
8198,1923,43433
8199,1923,69669
8200,1923,69611
8201,1923,52903
8202,1923,30134
8203,1923,61466
8204,1923,52082
8205,1923,69703
8206,1923,46232
8207,1923,35593
8208,1923,72041
8209,1923,4765
8210,1923,59691
8211,1923,73782
8212,1923,37426
8213,1923,20300
8214,1923,66124
8215,1923,66482
8216,1923,55933
8217,1923,64446
8218,1923,34934
8219,1923,44429
8220,1923,67116
8221,1923,60564
8222,1923,69006
8223,1923,59892
8224,1923,59142
8225,1923,54288
8226,1923,26744
8227,1923,72066
8228,1923,42696
8229,1923,57715
8230,1923,66071
8231,1923,17642
8232,1923,28396
8233,1923,22637
8234,1923,61918
8235,1923,26085
8236,1923,29071
8237,1923,62950
8238,1923,74281
8239,1923,61661
8240,1923,73344
8241,1923,20958
8242,1923,56314
8243,1989,72250
8244,1903,17247
8245,1903,50800
8246,1903,57389
8247,1903,45142
8248,1903,64609
8249,1903,20469
8250,1903,50747
8251,1903,40463
8252,1903,58133
8253,1903,25524
8254,1903,4948
8255,1903,44628
8256,1903,52056
8257,1903,494
8258,1903,48260
8259,1903,74359
8260,1903,10608
8261,1903,6985
8262,1903,67882
8263,1903,75097
8264,1903,51765
8265,1903,52394
8266,1903,45684
8267,1903,43764
8268,1903,37598
8269,1903,65136
8270,1903,2438
8271,1903,6101
8272,1903,23622
8273,1903,65040
8274,1903,60688
8275,1903,33343
8276,1903,52997
8277,1903,11426
8278,1903,22744
8279,1903,7534
8280,1903,18070
8281,1903,53876
8282,1903,50054
8283,1903,43988
8284,1903,20310
8285,1903,215
8286,1903,34152
8287,1903,51740
8288,1903,33812
8289,1903,6048
8290,1903,65172
8291,1903,51893
8292,1903,54696
8293,1903,22129
8294,1903,50271
8295,1903,17626
8296,1903,22286
8297,1903,45931
8298,1903,16737
8299,1903,38850
8300,1903,31861
8301,1903,26063
8302,1903,32163
8303,1903,43638
8304,1903,33522
8305,1903,22037
8306,1903,39154
8307,1903,18099
8308,1903,16954
8309,1903,19642
8310,1903,66791
8311,1903,42894
8312,1903,18719
8313,1903,65050
8314,1903,47582
8315,1903,55126
8316,1903,221
8317,1903,31485
8318,1903,49014
8319,1903,64056
8320,1903,58176
8321,1903,7774
8322,1903,59396
8323,1903,25762
8324,1903,68758
8325,1903,28257
8326,1903,62607
8327,1903,42203
8328,1903,46698
8329,1903,48562
8330,1903,44234
8331,1903,63588
8332,1903,24884
8333,1903,70318
8334,1903,18161
8335,1903,60050
8336,1903,25804
8337,1903,18149
8338,1903,33921
8339,1903,518
8340,1903,23391
8341,1903,42758
8342,1903,12216
8343,1903,48068
8344,1903,37950
8345,1903,30128
8346,1903,6980
8347,1903,43251
8348,1903,26098
8349,1903,6982
8350,1903,23675
8351,1903,28071
8352,1903,69316
8353,1903,21583
8354,1903,48673
8355,1903,59532
8356,1903,2073
8357,1903,54444
8358,1903,64894
8359,1903,5970
8360,1903,43639
8361,1903,11642
8362,1903,58217
8363,1903,67721
8364,1903,38419
8365,1903,21958
8366,1903,69492
8367,1903,15432
8368,1903,1421
8369,1903,21102
8370,1903,29714
8371,1903,21639
8372,1903,32957
8373,1903,7836
8374,1903,25340
8375,1903,5890
8376,1903,22424
8377,1903,40124
8378,1903,63149
8379,1903,20731
8380,1903,12939
8381,1903,42623
8382,1903,34194
8383,1903,31568
8384,1903,23649
8385,1903,19710
8386,1903,40931
8387,1903,60870
8388,1903,8275
8389,1903,31926
8390,1903,63320
8391,1903,47162
8392,1903,24776
8393,1903,12102
8394,1903,8534
8395,1903,37447
8396,1903,54349
8397,1903,32999
8398,1903,8527
8399,1903,10891
8400,1903,54389
8401,1903,30319
8402,1903,1168
8403,1903,41118
8404,1903,16693
8405,1903,30451
8406,1903,46426
8407,1903,4809
8408,1903,49402
8409,1903,35238
8410,1903,55780
8411,1903,23321
8412,1903,63939
8413,1903,40471
8414,1903,61241
8415,1903,24897
8416,1903,25733
8417,1903,16387
8418,1903,4318
8419,1903,59700
8420,1903,1617
8421,1903,53849
8422,1903,6037
8423,1903,32027
8424,1903,42877
8425,1903,21643
8426,1903,30887
8427,1903,40665
8428,1903,35684
8429,1903,16839
8430,1903,42559
8431,1903,54277
8432,1903,31484
8433,1903,15359
8434,1903,23209
8435,1903,57922
8436,1903,59934
8437,1903,34427
8438,1903,58787
8439,1903,41152
8440,1903,50507
8441,1903,22943
8442,1903,5312
8443,1903,53996
8444,1903,32271
8445,1903,58950
8446,1903,42437
8447,1903,49613
8448,1903,14302
8449,1903,15597
8450,1903,9819
8451,1903,16805
8452,1903,4507
8453,1903,11561
8454,1903,30776
8455,1903,31622
8456,1903,71463
8457,1903,142
8458,1903,42206
8459,1903,16890
8460,1903,49045
8461,1903,24585
8462,1903,46829
8463,1903,32707
8464,1903,35399
8465,1903,24171
8466,1903,29687
8467,1903,37180
8468,1903,32465
8469,1903,45581
8470,1903,12801
8471,1903,1885
8472,1903,40734
8473,1903,44132
8474,1903,56398
8475,1903,44037
8476,1903,35772
8477,1903,49591
8478,1903,13004
8479,1903,21971
8480,1903,51912
8481,1903,46652
8482,1903,66059
8483,1903,22581
8484,1903,38939
8485,1903,5687
8486,1903,44027
8487,1903,36356
8488,1903,41977
8489,1903,32884
8490,1903,58119
8491,1903,32895
8492,1903,30227
8493,1903,63416
8494,1903,39246
8495,1903,51329
8496,1903,9506
8497,1903,38762
8498,1903,51243
8499,1903,35122
8500,1903,22571
8501,1903,21892
8502,1903,34055
8503,1903,32993
8504,1903,13543
8505,1903,38164
8506,1903,20261
8507,1903,74553
8508,1903,42232
8509,1903,64738
8510,1903,63540
8511,1903,24694
8512,1903,17094
8513,1903,23244
8514,1903,25098
8515,1903,43371
8516,1903,57926
8517,1903,58348
8518,1903,20569
8519,1903,16766
8520,1903,67906
8521,1903,59527
8522,1903,58849
8523,1903,43462
8524,1903,625
8525,1903,1886
8526,1903,19309
8527,1903,70118
8528,1903,9469
8529,1903,69085
8530,1903,16041
8531,1903,32397
8532,1903,7393
8533,1903,21101
8534,1903,29188
8535,1903,28936
8536,1903,46043
8537,1903,3174
8538,1903,21661
8539,1903,1381
8540,1903,2863
8541,1903,40549
8542,1903,67517
8543,1903,26158
8544,1903,59250
8545,1903,21019
8546,1903,40775
8547,1903,3250
8548,1903,53992
8549,1903,10224
8550,1903,64727
8551,1903,71114
8552,1903,45674
8553,1903,25887
8554,1903,54866
8555,1903,21099
8556,1903,8158
8557,1903,40923
8558,1903,47803
8559,1903,54685
8560,1903,33686
8561,1903,19209
8562,1903,35419
8563,1903,16408
8564,1903,4034
8565,1903,22101
8566,1903,41584
8567,1903,71362
8568,1903,1033
8569,1903,38363
8570,1903,57355
8571,1903,15281
8572,1903,57691
8573,1903,57963
8574,1903,52296
8575,1903,43585
8576,1903,2059
8577,1903,33144
8578,1903,41862
8579,1903,73106
8580,1903,33925
8581,1903,42079
8582,1903,66565
8583,1903,65243
8584,1903,49274
8585,1903,19659
8586,1903,31814
8587,1903,62146
8588,1903,45844
8589,1903,20078
8590,1903,43736
8591,1903,68705
8592,1903,43832
8593,1903,59208
8594,1903,1864
8595,1903,836
8596,1903,42508
8597,1903,67206
8598,1903,9397
8599,1903,33173
8600,1903,64819
8601,1903,9463
8602,1903,61513
8603,1903,63530
8604,1903,57591
8605,1903,34548
8606,1903,7058
8607,1903,22198
8608,1903,26603
8609,1903,29760
8610,1903,36162
8611,1903,37622
8612,1903,45101
8613,1903,55471
8614,1903,8026
8615,1903,43546
8616,1903,40485
8617,1903,59944
8618,1903,49427
8619,1903,33923
8620,1903,19485
8621,1903,11379
8622,1903,56652
8623,1903,43249
8624,1903,432
8625,1903,51468
8626,1903,45765
8627,1903,38009
8628,1903,30953
8629,1903,24903
8630,1903,1743
8631,1903,1892
8632,1903,61754
8633,1903,64394
8634,1903,24541
8635,1903,32262
8636,1903,37575
8637,1903,26032
8638,1903,53273
8639,1903,5429
8640,1903,56933
8641,1903,65686
8642,1903,74736
8643,1903,53415
8644,1903,32943
8645,1903,4306
8646,1903,66270
8647,1903,55510
8648,1903,13672
8649,1903,21815
8650,1903,21122
8651,1903,52904
8652,1903,17985
8653,1903,43513
8654,1903,55761
8655,1903,49257
8656,1903,34024
8657,1903,43885
8658,1903,52624
8659,1903,47496
8660,1903,20158
8661,1903,32556
8662,1903,19318
8663,1903,45111
8664,1903,56003
8665,1903,53264
8666,1903,26996
8667,1903,64489
8668,1903,44493
8669,1903,11690
8670,1903,30215
8671,1903,30448
8672,1903,14203
8673,1903,73049
8674,1903,8703
8675,1903,42258
8676,1903,58153
8677,1903,17365
8678,1903,65458
8679,1903,1849
8680,1903,26107
8681,1903,11991
8682,1903,57404
8683,1903,26397
8684,1903,50738
8685,1903,33230
8686,1903,16476
8687,1903,64301
8688,1903,22757
8689,1903,71718
8690,1903,32976
8691,1903,68902
8692,1903,7517
8693,1903,24287
8694,1903,26878
8695,1903,36671
8696,1903,45845
8697,1903,54547
8698,1903,967
8699,1903,30652
8700,1903,50908
8701,1903,58310
8702,1903,63629
8703,1903,19383
8704,1903,8525
8705,1903,60372
8706,1903,25080
8707,1903,44461
8708,1903,4553
8709,1903,54102
8710,1903,20718
8711,1903,41103
8712,1903,68099
8713,1903,25344
8714,1903,44420
8715,1903,47702
8716,1903,51409
8717,1903,34380
8718,1903,67905
8719,1903,48619
8720,1903,59618
8721,1903,1261
8722,1903,25942
8723,1903,71427
8724,1903,29021
8725,1903,64545
8726,1903,67006
8727,1903,59205
8728,1903,52274
8729,1903,56476
8730,1903,28271
8731,1903,72330
8732,1903,7378
8733,1903,45069
8734,1903,14068
8735,1903,34790
8736,1903,69935
8737,1903,44481
8738,1903,37004
8739,1903,16616
8740,1903,54484
8741,1903,39322
8742,1903,61212
8743,1903,33214
8744,1903,43252
8745,1903,12482
8746,1903,22906
8747,1903,26908
8748,1903,24280
8749,1903,41160
8750,1903,13928
8751,1903,60736
8752,1903,49631
8753,1903,61770
8754,1903,51059
8755,1903,26977
8756,1903,27270
8757,1903,41143
8758,1903,1688
8759,1903,43366
8760,1903,23480
8761,1903,2315
8762,1903,59552
8763,1903,37290
8764,1903,47917
8765,1903,17613
8766,1903,32961
8767,1903,43426
8768,1903,71641
8769,1903,9057
8770,1903,47446
8771,1903,2360
8772,1903,35175
8773,1903,24584
8774,1903,40960
8775,1903,48838
8776,1903,60090
8777,1903,32938
8778,1903,51056
8779,1903,27917
8780,1903,40013
8781,1903,533
8782,1903,27463
8783,1903,20624
8784,1903,46841
8785,1903,12491
8786,1903,42871
8787,1903,62225
8788,1903,70599
8789,1903,41167
8790,1903,62275
8791,1903,26543
8792,1903,33753
8793,1903,47937
8794,1903,55343
8795,1903,39324
8796,1903,55484
8797,1903,73251
8798,1903,19014
8799,1903,31308
8800,1903,13342
8801,1903,68657
8802,1903,70495
8803,1903,70953
8804,1903,35483
8805,1903,21248
8806,1903,54103
8807,1903,45721
8808,1903,53277
8809,1903,29316
8810,1903,33252
8811,1903,10395
8812,1903,68332
8813,1903,37413
8814,1903,70262
8815,1903,58926
8816,1903,46746
8817,1903,67042
8818,1903,21411
8819,1903,49471
8820,1903,51438
8821,1903,44975
8822,1903,17133
8823,1903,36008
8824,1903,43696
8825,1903,70969
8826,1903,62810
8827,1903,64529
8828,1903,37624
8829,1903,50057
8830,1903,34810
8831,1903,43908
8832,1903,53391
8833,1903,45234
8834,1903,15218
8835,1903,73608
8836,1903,29690
8837,1903,45175
8838,1903,38477
8839,1903,38820
8840,1903,25508
8841,1903,41179
8842,1903,43250
8843,1903,28052
8844,1903,56406
8845,1903,54815
8846,1903,64796
8847,1903,62669
8848,1903,11633
8849,1903,57752
8850,1903,19303
8851,1903,21944
8852,1903,61845
8853,1903,16259
8854,1903,57354
8855,1903,22405
8856,1903,68682
8857,1903,70716
8858,1903,55624
8859,1903,20747
8860,1903,108
8861,1903,14482
8862,1903,66609
8863,1903,9458
8864,1903,48948
8865,1903,63782
8866,1903,25785
8867,1903,12832
8868,1903,53778
8869,1903,33485
8870,1903,968
8871,1903,74496
8872,1903,26841
8873,1903,43051
8874,1903,68348
8875,1903,63653
8876,1903,1463
8877,1903,29486
8878,1903,56465
8879,1903,27194
8880,1903,20808
8881,1903,24874
8882,1903,39850
8883,1903,38437
8884,1903,48861
8885,1903,59157
8886,1903,1818
8887,1903,50792
8888,1903,5847
8889,1903,53430
8890,1903,13782
8891,1903,18854
8892,1903,40440
8893,1903,14872
8894,1903,45724
8895,1903,45201
8896,1903,8526
8897,1903,10004
8898,1903,50268
8899,1903,62974
8900,1903,44731
8901,1903,20843
8902,1903,19354
8903,1903,32970
8904,1903,58577
8905,1903,55097
8906,1903,38450
8907,1903,9376
8908,1903,37825
8909,1903,12193
8910,1903,38248
8911,1903,32843
8912,1903,47439
8913,1903,58269
8914,1903,60482
8915,1903,26112
8916,1903,43495
8917,1903,12658
8918,1903,17857
8919,1903,73429
8920,1903,33754
8921,1903,48749
8922,1903,45786
8923,1903,4171
8924,1903,55078
8925,1903,47420
8926,1903,45865
8927,1903,24220
8928,1903,53275
8929,1903,862
8930,1903,71392
8931,1903,46313
8932,1903,66710
8933,1903,60842
8934,1903,19077
8935,1903,3175
8936,1903,25865
8937,1903,18439
8938,1903,35335
8939,1903,37937
8940,1903,61300
8941,1903,35314
8942,1903,408
8943,1903,42184
8944,1903,41526
8945,1903,43729
8946,1903,67521
8947,1903,43216
8948,1903,19348
8949,1903,57694
8950,1903,33523
8951,1903,32608
8952,1903,38028
8953,1903,46094
8954,1903,31916
8955,1903,18117
8956,1903,55051
8957,1903,42273
8958,1903,71365
8959,1903,43350
8960,1903,26046
8961,1903,14410
8962,1903,46119
8963,1903,43348
8964,1903,58634
8965,1903,58232
8966,1903,38575
8967,1903,41759
8968,1903,14948
8969,1903,30665
8970,1903,69078
8971,1903,9579
8972,1903,66683
8973,1903,2353
8974,1903,43637
8975,1903,13499
8976,1903,6200
8977,1903,1618
8978,1903,34947
8979,1903,8538
8980,1903,26993
8981,1903,47642
8982,1903,54979
8983,1903,15276
8984,1903,59032
8985,1903,37159
8986,1903,68041
8987,1903,68919
8988,1903,74886
8989,1903,46005
8990,1903,56200
8991,1903,42056
8992,1903,16140
8993,1903,27356
8994,1903,51140
8995,1903,46219
8996,1903,44113
8997,1903,7992
8998,1903,68447
8999,1903,48357
9000,1903,33242
9001,1903,24732
9002,1903,42947
9003,1903,21072
9004,1903,42052
9005,1903,43624
9006,1903,37693
9007,1903,365
9008,1903,19167
9009,1903,12272
9010,1903,65253
9011,1903,49175
9012,1903,21321
9013,1903,54740
9014,1903,56736
9015,1903,58697
9016,1903,44041
9017,1903,64911
9018,1903,72000
9019,1903,37193
9020,1903,9185
9021,1903,1093
9022,1903,43424
9023,1903,56297
9024,1903,17741
9025,1903,67089
9026,1903,19330
9027,1903,11113
9028,1903,20557
9029,1903,71159
9030,1903,53127
9031,1903,69638
9032,1903,32933
9033,1903,25750
9034,1903,67115
9035,1903,40301
9036,1903,52239
9037,1903,41237
9038,1903,58416
9039,1903,52139
9040,1903,10217
9041,1903,56009
9042,1903,21218
9043,1903,21648
9044,1903,33296
9045,1903,26280
9046,1903,32520
9047,1903,11534
9048,1903,62291
9049,1903,63148
9050,1903,46607
9051,1903,19494
9052,1903,14917
9053,1903,63593
9054,1903,44008
9055,1903,46057
9056,1903,45754
9057,1903,37190
9058,1903,44101
9059,1903,37449
9060,1903,36101
9061,1903,30367
9062,1903,54162
9063,1903,55327
9064,1903,36325
9065,1903,66597
9066,1903,8528
9067,1903,31422
9068,1903,37284
9069,1903,64297
9070,1903,45169
9071,1903,16971
9072,1903,6172
9073,1903,498
9074,1903,22260
9075,1903,34498
9076,1765,9072
9077,1765,47759
9078,1765,42110
9079,1937,49452
9080,1937,902
9081,1937,71744
9082,1937,23845
9083,1937,22604
9084,1937,25714
9085,1937,32504
9086,1937,20113
9087,1937,53197
9088,1937,22891
9089,1937,25205
9090,1937,71096
9091,1937,61009
9092,1937,50256
9093,1937,70472
9094,1937,73413
9095,1937,62666
9096,1937,75331
9097,1937,14304
9098,1937,59392
9099,1937,4916
9100,1937,23859
9101,1937,46807
9102,1937,61454
9103,1937,33584
9104,1937,20351
9105,1937,18155
9106,1937,33018
9107,1937,14838
9108,1937,23529
9109,1937,50194
9110,1937,11092
9111,1937,29118
9112,1937,25442
9113,1937,55165
9114,1937,30120
9115,1937,45384
9116,1937,17878
9117,1937,10343
9118,1937,26911
9119,1937,29195
9120,1937,7256
9121,1937,1599
9122,1937,61590
9123,1937,582
9124,1937,23305
9125,1937,72037
9126,1937,1815
9127,1937,20359
9128,1937,23350
9129,1937,23790
9130,1937,17209
9131,1937,51530
9132,1937,35377
9133,1937,39356
9134,1937,572
9135,1937,7865
9136,1937,62770
9137,1937,47864
9138,1851,33673
9139,1851,37101
9140,1851,9241
9141,1851,66602
9142,1851,64704
9143,1851,31191
9144,1851,23268
9145,1851,59147
9146,1851,24703
9147,1851,33185
9148,1851,11213
9149,1851,41973
9150,1851,12310
9151,1851,72158
9152,1851,20699
9153,1851,452
9154,1851,56424
9155,1851,54171
9156,1851,49588
9157,1851,1022
9158,1851,16574
9159,1851,36249
9160,1851,699
9161,1851,57783
9162,1851,5107
9163,1851,14555
9164,1851,17843
9165,1851,67530
9166,1851,44343
9167,1851,71523
9168,1851,28955
9169,1851,63415
9170,1851,1926
9171,1851,24989
9172,1851,56147
9173,1851,41006
9174,1851,47225
9175,1851,74681
9176,1851,38290
9177,1851,56688
9178,1851,9
9179,1851,2489
9180,1851,61520
9181,1851,43633
9182,1851,9240
9183,1851,8705
9184,1851,15961
9185,1851,20235
9186,1851,30376
9187,1851,34227
9188,1851,22294
9189,1851,44766
9190,1851,36414
9191,1851,46686
9192,1851,10992
9193,1851,53043
9194,1851,52619
9195,1851,9256
9196,1851,57081
9197,1851,58602
9198,1851,36584
9199,1851,39758
9200,1851,16780
9201,1851,8245
9202,1851,61651
9203,1851,15697
9204,1851,71887
9205,1851,28367
9206,1851,38067
9207,1851,25129
9208,1851,20018
9209,1851,39253
9210,1851,19386
9211,1851,58766
9212,1851,59280
9213,1851,22924
9214,1851,8225
9215,1851,18374
9216,1851,15
9217,1851,48065
9218,1851,56143
9219,1851,25540
9220,1851,74987
9221,1851,7392
9222,1851,8018
9223,1851,39607
9224,1851,18373
9225,1851,49478
9226,1851,23682
9227,1851,2701
9228,1851,41245
9229,1851,65466
9230,1851,32242
9231,1851,16553
9232,1851,42016
9233,1851,9236
9234,1851,60105
9235,1851,72639
9236,1851,9257
9237,1851,11290
9238,1851,45867
9239,1851,9982
9240,1851,59195
9241,1851,54505
9242,1851,48107
9243,1851,73404
9244,1851,28747
9245,1851,45081
9246,1851,26279
9247,1851,42957
9248,1851,31424
9249,1851,20198
9250,1851,60440
9251,1851,52652
9252,1851,58754
9253,1851,300
9254,1851,64998
9255,1851,59130
9256,1851,37997
9257,1851,38879
9258,1851,17249
9259,1851,7594
9260,1851,56313
9261,1851,40475
9262,1851,24930
9263,1851,22379
9264,1851,72317
9265,1851,60025
9266,1851,45424
9267,1851,70452
9268,1851,58570
9269,1851,9242
9270,1851,21430
9271,1851,57374
9272,1851,6314
9273,1851,36799
9274,1851,23280
9275,1851,59850
9276,1851,1640
9277,1851,58776
9278,1851,70648
9279,1851,33935
9280,1851,59760
9281,1851,37454
9282,1851,9237
9283,1851,9243
9284,1851,11427
9285,1851,42410
9286,1851,8091
9287,1851,70908
9288,1851,44605
9289,1851,55988
9290,1851,40743
9291,1851,10364
9292,1851,40443
9293,1851,1916
9294,1851,70332
9295,1851,36087
9296,1851,12864
9297,1851,26497
9298,1851,27975
9299,1851,16936
9300,1851,17862
9301,1851,58440
9302,1851,53368
9303,1851,11432
9304,1851,33775
9305,1851,71625
9306,1851,9244
9307,1851,28961
9308,1851,47367
9309,1851,9238
9310,1851,40856
9311,1851,69360
9312,1851,66180
9313,1851,27293
9314,1851,65849
9315,1851,11119
9316,1851,56449
9317,1851,23287
9318,1851,74528
9319,1851,27912
9320,1851,25116
9321,1851,16857
9322,1851,28551
9323,1851,7926
9324,1851,56734
9325,1851,59706
9326,1851,38788
9327,1851,43581
9328,1851,30792
9329,1851,513
9330,1851,54901
9331,1851,32134
9332,1851,17145
9333,1851,27770
9334,1851,52022
9335,1851,74909
9336,1851,35690
9337,1851,9258
9338,1851,70628
9339,1851,9239
9340,1851,8429
9341,1851,61229
9342,1851,11558
9343,1851,64879
9344,1851,9255
9345,1851,23320
9346,1851,16292
9347,1851,64495
9348,1851,25073
9349,1851,74835
9350,1851,40671
9351,1851,58598
9352,1851,25207
9353,1851,56408
9354,1851,42690
9355,1851,59269
9356,1851,55628
9357,1851,26422
9358,1851,7191
9359,1851,22878
9360,1851,4795
9361,1851,53666
9362,1851,34175
9363,1851,70681
9364,1851,52878
9365,1851,34802
9366,1851,47817
9367,1851,37003
9368,1851,11319
9369,1851,59042
9370,1851,53097
9371,1851,69295
9372,1851,25133
9373,1851,44119
9374,1851,35170
9375,1851,32757
9376,1851,9804
9377,1851,52598
9378,1851,49843
9379,1851,61150
9380,1851,46254
9381,1851,44746
9382,1851,42681
9383,1851,23573
9384,1816,6941
9385,1816,35113
9386,1816,27849
9387,1816,36691
9388,1816,9998
9389,1816,29063
9390,1816,54889
9391,1816,59626
9392,1816,74994
9393,1816,6942
9394,1816,46468
9395,1816,43367
9396,1816,68772
9397,1816,56440
9398,1816,70056
9399,1816,55017
9400,1816,57562
9401,1816,7005
9402,1816,62677
9403,1816,1460
9404,1816,28681
9405,1816,11772
9406,1816,74303
9407,1816,48078
9408,1816,28053
9409,1816,27763
9410,1816,14061
9411,1816,6944
9412,1816,21975
9413,1816,41913
9414,1816,6943
9415,1816,59933
9416,1816,7003
9417,1816,56400
9418,1816,6939
9419,1816,19214
9420,1816,7004
9421,1816,31900
9422,1816,25022
9423,1816,57096
9424,1803,15031
9425,1803,25426
9426,1803,57658
9427,1803,22127
9428,1803,8281
9429,1803,72378
9430,1803,57267
9431,1803,24256
9432,1803,33036
9433,1803,36921
9434,1803,8998
9435,1803,65757
9436,1803,63323
9437,1803,6566
9438,1803,20177
9439,1803,41535
9440,1981,69296
9441,1981,62139
9442,1981,24444
9443,1981,24054
9444,1981,22338
9445,1981,64500
9446,1981,51256
9447,1981,20862
9448,1774,29734
9449,1774,20558
9450,1774,7780
9451,1774,55195
9452,1774,35433
9453,1774,64895
9454,1774,31270
9455,1774,33658
9456,1774,67730
9457,1774,45205
9458,1774,44089
9459,1774,16299
9460,1774,12645
9461,1774,29237
9462,1774,3741
9463,1774,17833
9464,1774,56118
9465,1774,68144
9466,1966,38738
9467,1966,66082
9468,1966,55738
9469,1966,31179
9470,1966,39141
9471,1966,27932
9472,1966,30728
9473,1966,33912
9474,1966,63457
9475,1966,39372
9476,1966,49334
9477,1966,35024
9478,1966,41812
9479,1966,37111
9480,1966,39785
9481,1966,32426
9482,1966,28160
9483,1966,33044
9484,1966,31756
9485,1966,37210
9486,1966,34061
9487,1966,22263
9488,1966,33766
9489,1966,33198
9490,1966,28436
9491,1966,49036
9492,1966,63056
9493,1939,63754
9494,1939,41622
9495,1939,59541
9496,1939,38073
9497,1939,4706
9498,1939,72667
9499,1939,929
9500,1939,59461
9501,1939,57335
9502,1939,58719
9503,1939,66366
9504,1939,59746
9505,1939,53270
9506,1939,60692
9507,1939,68748
9508,1939,43095
9509,1939,69584
9510,1939,31767
9511,1939,51498
9512,1939,67224
9513,1939,33383
9514,1939,63888
9515,1939,14314
9516,1939,28093
9517,1939,55970
9518,1939,58610
9519,1939,60591
9520,1939,42037
9521,1939,55806
9522,1939,70129
9523,1939,59462
9524,1939,13194
9525,1939,21839
9526,1939,58089
9527,1939,50573
9528,1939,41624
9529,1939,8213
9530,1939,28051
9531,1939,64988
9532,1939,45452
9533,1939,52184
9534,1939,40647
9535,1965,30797
9536,1965,31023
9537,1965,51804
9538,1965,65049
9539,1965,30255
9540,1965,23398
9541,1965,62879
9542,1965,67702
9543,1965,36297
9544,1965,20898
9545,1965,19111
9546,1813,73012
9547,1813,21252
9548,1813,4654
9549,1813,39805
9550,1813,37535
9551,1813,24594
9552,1813,17754
9553,1813,42671
9554,1813,55644
9555,1813,53323
9556,1813,73718
9557,1813,15968
9558,1813,71396
9559,1813,11059
9560,1813,72598
9561,1813,17595
9562,1813,62264
9563,1813,55091
9564,1813,1342
9565,1813,43749
9566,1793,5012
9567,1793,46326
9568,1793,39442
9569,1793,57000
9570,1793,12606
9571,1793,18508
9572,1793,45315
9573,1793,54107
9574,1793,15662
9575,1793,29125
9576,1793,57457
9577,1793,47309
9578,1793,46820
9579,1793,66993
9580,1861,70331
9581,1861,26561
9582,1861,72445
9583,1861,63040
9584,1861,28433
9585,1861,56175
9586,1861,37543
9587,1861,44774
9588,1861,40137
9589,1861,51541
9590,1861,56822
9591,1861,18270
9592,1861,26953
9593,1861,25994
9594,1861,14615
9595,1861,66941
9596,1861,36798
9597,1861,41548
9598,1861,57744
9599,1861,48103
9600,1861,52924
9601,1861,41484
9602,1861,1492
9603,1861,38416
9604,1861,55772
9605,1861,43672
9606,1861,28033
9607,1861,3567
9608,1861,58061
9609,1861,19694
9610,1861,65855
9611,1861,22359
9612,1861,34068
9613,1861,64948
9614,1861,52869
9615,1861,23477
9616,1861,2696
9617,1861,57799
9618,1861,70444
9619,1861,39346
9620,1861,8
9621,1861,25603
9622,1861,16170
9623,1861,41492
9624,1861,21454
9625,1861,57212
9626,1861,10136
9627,1861,5407
9628,1861,51200
9629,1861,8231
9630,1861,17349
9631,1861,48182
9632,1861,5984
9633,1861,49833
9634,1861,57686
9635,1861,3322
9636,1861,19103
9637,1861,40372
9638,1861,13325
9639,1861,62649
9640,1861,22100
9641,1861,28036
9642,1861,42576
9643,1861,68392
9644,1861,41172
9645,1861,65058
9646,1861,19953
9647,1861,44658
9648,1861,59170
9649,1861,43997
9650,1861,50185
9651,1861,43699
9652,1861,34967
9653,1861,31090
9654,1861,60166
9655,1861,33336
9656,1861,58541
9657,1861,41642
9658,1861,73566
9659,1861,58466
9660,1861,59002
9661,1861,51195
9662,1861,28563
9663,1861,11030
9664,1861,550
9665,1861,21514
9666,1861,38384
9667,1861,22399
9668,1861,59062
9669,1861,62959
9670,1861,58739
9671,1861,23148
9672,1861,37969
9673,1861,40727
9674,1861,40610
9675,1861,28905
9676,1861,67471
9677,1861,64613
9678,1861,36903
9679,1861,71575
9680,1861,46091
9681,1861,27993
9682,1861,61267
9683,1861,55146
9684,1861,70414
9685,1861,15405
9686,1861,66726
9687,1861,56285
9688,1861,11536
9689,1861,18679
9690,1861,16035
9691,1861,33520
9692,1861,8062
9693,1861,38895
9694,1861,64137
9695,1861,29173
9696,1861,20787
9697,1861,45856
9698,1861,56529
9699,1861,22118
9700,1861,74933
9701,1861,876
9702,1861,28926
9703,1861,29381
9704,1861,27153
9705,1861,70903
9706,1861,6961
9707,1861,29866
9708,1861,22910
9709,1861,65381
9710,1861,26501
9711,1861,70180
9712,1861,43641
9713,1861,15498
9714,1861,35088
9715,1861,24561
9716,1861,51346
9717,1861,27401
9718,1861,12631
9719,1861,54515
9720,1861,64285
9721,1861,26690
9722,1861,40749
9723,1861,68143
9724,1861,57738
9725,1861,73568
9726,1861,52197
9727,1861,37427
9728,1861,37584
9729,1861,24551
9730,1861,64991
9731,1861,64876
9732,1861,1366
9733,1861,75385
9734,1861,28565
9735,1861,50191
9736,1861,37256
9737,1861,30459
9738,1861,43957
9739,1861,31567
9740,1861,56277
9741,1861,21976
9742,1861,49789
9743,1861,50395
9744,1861,56488
9745,1861,64007
9746,1861,8932
9747,1861,26295
9748,1861,25894
9749,1861,10517
9750,1861,51838
9751,1948,68196
9752,1948,25965
9753,1948,5044
9754,1948,75263
9755,1948,19087
9756,1948,55693
9757,1948,4913
9758,1948,51065
9759,1948,42755
9760,1948,35582
9761,1948,44400
9762,1948,43884
9763,1948,50401
9764,1948,35975
9765,1948,5039
9766,1948,27448
9767,1948,52664
9768,1948,31864
9769,1948,57254
9770,1948,45185
9771,1948,44295
9772,1948,61645
9773,1948,50542
9774,1948,70361
9775,1948,51839
9776,1948,37122
9777,1948,58209
9778,1948,63970
9779,1948,16377
9780,1948,20782
9781,1948,25145
9782,1948,7029
9783,1889,7242
9784,1889,58909
9785,1889,2828
9786,1889,61732
9787,1889,73685
9788,1889,33062
9789,1889,38457
9790,1889,38203
9791,1889,26637
9792,1889,59021
9793,1889,32650
9794,1889,27923
9795,1889,69134
9796,1889,55244
9797,1889,4659
9798,1889,71542
9799,1889,51523
9800,1889,26083
9801,1889,308
9802,1889,57008
9803,1889,21498
9804,1889,11934
9805,1889,16660
9806,1889,427
9807,1889,14081
9808,1889,8032
9809,1889,64059
9810,1889,539
9811,1889,7953
9812,1889,7245
9813,1889,48032
9814,1889,55539
9815,1889,7247
9816,1889,2293
9817,1889,63894
9818,1889,34858
9819,1889,60126
9820,1889,41636
9821,1889,9485
9822,1889,11313
9823,1889,27826
9824,1889,29560
9825,1889,36268
9826,1889,49200
9827,1889,54106
9828,1889,16473
9829,1889,53475
9830,1889,69496
9831,1889,46303
9832,1889,55311
9833,1889,43973
9834,1889,70700
9835,1889,35805
9836,1889,35256
9837,1889,9606
9838,1889,65552
9839,1889,57911
9840,1889,13667
9841,1889,86
9842,1889,71693
9843,1889,35571
9844,1889,27697
9845,1889,52348
9846,1889,61809
9847,1889,60086
9848,1889,62830
9849,1889,44082
9850,1889,69531
9851,1889,34085
9852,1889,1227
9853,1889,4301
9854,1889,17750
9855,1889,37889
9856,1889,34223
9857,1889,28709
9858,1889,2727
9859,1889,10795
9860,1889,6702
9861,1889,34436
9862,1889,40282
9863,1889,7246
9864,1889,54953
9865,1889,53177
9866,1889,67792
9867,1889,5615
9868,1889,20850
9869,1889,7432
9870,1889,41646
9871,1889,22458
9872,1889,58405
9873,1889,620
9874,1889,44245
9875,1889,25427
9876,1889,63793
9877,1889,7248
9878,1889,48132
9879,1889,67425
9880,1889,75528
9881,1889,20861
9882,1889,57
9883,1889,16855
9884,1889,35950
9885,1889,74654
9886,1889,17570
9887,1889,49035
9888,1889,3186
9889,1889,2728
9890,1889,71170
9891,1889,42042
9892,1889,3282
9893,1889,12767
9894,1889,60696
9895,1889,64743
9896,1889,56365
9897,1889,66915
9898,1889,22639
9899,1889,7882
9900,1889,47214
9901,1889,17718
9902,1889,50626
9903,1889,17748
9904,1889,51403
9905,1889,14558
9906,1889,66467
9907,1889,44963
9908,1889,66564
9909,1889,61062
9910,1889,2703
9911,1889,36667
9912,1889,50554
9913,1889,1665
9914,1889,71590
9915,1889,31984
9916,1889,29452
9917,1889,74129
9918,1889,640
9919,1889,14432
9920,1889,56363
9921,1889,19967
9922,1889,32141
9923,1889,49129
9924,1889,37795
9925,1889,69775
9926,1889,41271
9927,1889,8432
9928,1889,8522
9929,1889,13816
9930,1889,56833
9931,1889,36068
9932,1889,37164
9933,1889,59217
9934,1889,58454
9935,1889,64485
9936,1889,67671
9937,1889,13433
9938,1889,39053
9939,1889,12449
9940,1889,53109
9941,1889,42611
9942,1889,42164
9943,1889,35527
9944,1889,44379
9945,1889,64186
9946,1889,55602
9947,1889,60060
9948,1889,34401
9949,1889,70418
9950,1889,49244
9951,1889,25504
9952,1889,40020
9953,1889,69538
9954,1889,6446
9955,1889,36267
9956,1889,21893
9957,1889,49853
9958,1889,1395
9959,1889,27235
9960,1889,31888
9961,1889,16807
9962,1889,40132
9963,1889,1585
9964,1889,60028
9965,1889,33063
9966,1889,34664
9967,1889,15443
9968,1889,40783
9969,1889,28857
9970,1889,44767
9971,1889,70221
9972,1889,3103
9973,1889,39266
9974,1889,9073
9975,1889,66449
9976,1889,71436
9977,1889,323
9978,1889,67430
9979,1889,60334
9980,1889,20304
9981,1889,24653
9982,1889,41273
9983,1889,62686
9984,1889,12674
9985,1889,30396
9986,1889,6804
9987,1889,7890
9988,1889,31201
9989,1889,29757
9990,1889,33055
9991,1889,57116
9992,1889,26934
9993,1889,48194
9994,1889,56344
9995,1889,34663
9996,1889,68544
9997,1889,35373
9998,1889,50109
9999,1889,8046
10000,1889,7243
10001,1889,52126
10002,1889,6618
10003,1889,28096
10004,1889,54284
10005,1889,69678
10006,1889,70545
10007,1889,33358
10008,1889,46515
10009,1889,7485
10010,1889,16779
10011,1889,72077
10012,1889,18560
10013,1889,9546
10014,1889,12417
10015,1889,71506
10016,1889,38627
10017,1889,503
10018,1889,5274
10019,1889,9607
10020,1889,60318
10021,1889,56238
10022,1889,29400
10023,1889,23495
10024,1889,31097
10025,1889,46486
10026,1889,22364
10027,1889,28222
10028,1889,53163
10029,1889,14191
10030,1889,39366
10031,1889,36434
10032,1889,8570
10033,1889,29295
10034,1889,28696
10035,1889,34246
10036,1889,61346
10037,1889,56791
10038,1889,4723
10039,1889,64269
10040,1889,43937
10041,1889,48630
10042,1889,48794
10043,1889,60999
10044,1889,33123
10045,1889,46228
10046,1889,30206
10047,1889,52665
10048,1889,7250
10049,1889,41496
10050,1889,53158
10051,1889,36532
10052,1889,49207
10053,1889,41641
10054,1889,8044
10055,1889,63202
10056,1889,12577
10057,1889,24253
10058,1889,21654
10059,1889,34672
10060,1889,18191
10061,1889,2281
10062,1889,58050
10063,1889,37460
10064,1889,38886
10065,1889,25726
10066,1889,46522
10067,1889,23641
10068,1889,39470
10069,1889,59332
10070,1889,44816
10071,1889,17936
10072,1889,53544
10073,1889,2435
10074,1889,14488
10075,1889,48747
10076,1889,65604
10077,1889,33628
10078,1889,48746
10079,1889,27339
10080,1889,58923
10081,1889,41813
10082,1889,8777
10083,1889,21664
10084,1889,59990
10085,1889,53802
10086,1889,61782
10087,1889,75069
10088,1889,64699
10089,1889,40987
10090,1889,27307
10091,1889,21348
10092,1889,71930
10093,1889,66956
10094,1889,37233
10095,1889,48013
10096,1889,35450
10097,1889,16730
10098,1889,39374
10099,1889,60328
10100,1889,52290
10101,1889,50169
10102,1889,69485
10103,1889,41426
10104,1889,2729
10105,1889,39044
10106,1889,45321
10107,1889,55040
10108,1889,55127
10109,1889,46702
10110,1889,53796
10111,1889,69504
10112,1889,42756
10113,1889,44094
10114,1889,28391
10115,1889,64176
10116,1889,26355
10117,1889,4777
10118,1889,9973
10119,1889,35940
10120,1889,1918
10121,1889,57049
10122,1889,6625
10123,1889,40950
10124,1889,35855
10125,1889,33638
10126,1889,71713
10127,1889,641
10128,1889,3454
10129,1889,62807
10130,1889,47125
10131,1889,64642
10132,1889,18371
10133,1889,39026
10134,1889,35440
10135,1889,21935
10136,1889,68782
10137,1889,14619
10138,1889,74935
10139,1889,54383
10140,1889,10948
10141,1889,7249
10142,1889,7244
10143,1889,46654
10144,1889,38771
10145,1889,30527
10146,1889,33105
10147,1889,29349
10148,1889,58459
10149,1889,10118
10150,1889,2819
10151,1889,2730
10152,1889,46401
10153,1889,19155
10154,1889,36354
10155,1889,8040
10156,1889,34282
10157,1889,37520
10158,1882,35279
10159,1882,70863
10160,1882,36327
10161,1882,17616
10162,1882,50560
10163,1882,57365
10164,1882,72700
10165,1882,20714
10166,1882,56831
10167,1882,71379
10168,1882,20291
10169,1882,22939
10170,1882,47000
10171,1882,26125
10172,1882,29787
10173,1882,36642
10174,1882,4596
10175,1882,57366
10176,1882,67058
10177,1882,36654
10178,1882,39670
10179,1882,8060
10180,1882,65515
10181,1882,36825
10182,1882,3146
10183,1882,41532
10184,1882,31907
10185,1882,12308
10186,1882,11029
10187,1882,52339
10188,1882,27067
10189,1882,27591
10190,1882,57113
10191,1882,32788
10192,1882,33255
10193,1882,51454
10194,1882,31043
10195,1882,67151
10196,1882,56840
10197,1882,59040
10198,1882,31185
10199,1882,28524
10200,1882,21913
10201,1882,3229
10202,1882,6599
10203,1882,74967
10204,1882,14883
10205,1882,12142
10206,1882,8019
10207,1882,25003
10208,1882,45357
10209,1882,58853
10210,1882,58223
10211,1882,33705
10212,1882,54060
10213,1882,47844
10214,1882,53176
10215,1882,3416
10216,1882,13349
10217,1882,29593
10218,1882,48428
10219,1882,3402
10220,1882,51742
10221,1882,62501
10222,1882,22000
10223,1882,58357
10224,1882,24427
10225,1882,36159
10226,1882,74043
10227,1882,58658
10228,1882,61194
10229,1882,30100
10230,1882,64181
10231,1882,17802
10232,1882,12419
10233,1882,49373
10234,1882,4992
10235,1882,8702
10236,1882,6866
10237,1882,22076
10238,1882,60466
10239,1882,60486
10240,1882,13009
10241,1882,58896
10242,1882,6813
10243,1882,35930
10244,1882,60076
10245,1882,66910
10246,1882,4108
10247,1882,54048
10248,1882,70109
10249,1882,39817
10250,1882,40584
10251,1882,2793
10252,1882,40918
10253,1882,4788
10254,1882,56677
10255,1882,45928
10256,1882,32875
10257,1882,31596
10258,1882,26333
10259,1882,39120
10260,1882,8667
10261,1882,57796
10262,1882,39892
10263,1882,23317
10264,1882,9096
10265,1882,55067
10266,1882,46148
10267,1882,52764
10268,1882,65471
10269,1882,58457
10270,1882,25304
10271,1882,67141
10272,1882,33723
10273,1882,21716
10274,1882,40888
10275,1882,62852
10276,1882,52399
10277,1882,30740
10278,1882,24107
10279,1882,11549
10280,1882,70862
10281,1882,5872
10282,1882,27327
10283,1882,22669
10284,1882,32635
10285,1882,37818
10286,1882,32200
10287,1882,64140
10288,1882,72082
10289,1882,37374
10290,1882,37743
10291,1882,48067
10292,1882,8348
10293,1882,27503
10294,1882,18240
10295,1882,26853
10296,1882,49480
10297,1882,71623
10298,1882,30204
10299,1882,20762
10300,1882,51108
10301,1882,8367
10302,1882,396
10303,1882,48800
10304,1882,31885
10305,1882,46451
10306,1882,2359
10307,1882,3665
10308,1882,49407
10309,1882,102
10310,1882,7138
10311,1882,13822
10312,1882,3181
10313,1882,25491
10314,1882,35686
10315,1882,54208
10316,1882,56771
10317,1882,22880
10318,1882,62731
10319,1882,2720
10320,1882,3185
10321,1882,22457
10322,1882,49517
10323,1882,6581
10324,1882,16566
10325,1882,8448
10326,1882,52639
10327,1882,54650
10328,1882,8709
10329,1882,67985
10330,1882,62729
10331,1882,39152
10332,1882,52917
10333,1882,57887
10334,1882,60632
10335,1882,8920
10336,1882,2576
10337,1882,20997
10338,1882,42466
10339,1882,53347
10340,1882,31610
10341,1882,5834
10342,1882,18323
10343,1882,9500
10344,1882,70356
10345,1882,57812
10346,1882,13354
10347,1882,839
10348,1882,60108
10349,1882,1367
10350,1882,46413
10351,1882,17146
10352,1882,21266
10353,1882,19463
10354,1882,55680
10355,1882,37796
10356,1882,25574
10357,1882,67569
10358,1882,8051
10359,1882,17213
10360,1882,51191
10361,1882,41507
10362,1882,27787
10363,1882,47578
10364,1882,51456
10365,1882,49886
10366,1882,3168
10367,1882,27008
10368,1882,40941
10369,1882,19192
10370,1882,56347
10371,1882,74647
10372,1882,41588
10373,1882,35613
10374,1882,58907
10375,1882,35903
10376,1882,20885
10377,1882,36714
10378,1882,15639
10379,1882,40184
10380,1882,37191
10381,1882,35710
10382,1882,39458
10383,1882,26072
10384,1882,50219
10385,1882,11386
10386,1882,63016
10387,1882,49360
10388,1882,35669
10389,1882,24775
10390,1882,52494
10391,1882,52008
10392,1882,43158
10393,1882,59103
10394,1882,30612
10395,1882,70491
10396,1882,31065
10397,1882,53382
10398,1882,24537
10399,1882,12518
10400,1882,43469
10401,1882,8146
10402,1882,8042
10403,1882,56995
10404,1882,61720
10405,1882,29788
10406,1882,7033
10407,1882,44742
10408,1882,25384
10409,1882,33647
10410,1882,46953
10411,1882,28223
10412,1882,32626
10413,1882,61365
10414,1825,58901
10415,1825,74739
10416,1825,61314
10417,1825,44795
10418,1825,70866
10419,1825,40022
10420,1825,32192
10421,1825,27322
10422,1825,59133
10423,1825,39752
10424,1825,58312
10425,1825,6086
10426,1825,11068
10427,1825,30526
10428,1825,66487
10429,1825,51239
10430,1825,18400
10431,1825,33944
10432,1825,7453
10433,1825,40021
10434,1825,38306
10435,1825,18001
10436,1825,2034
10437,1825,5075
10438,1825,67443
10439,1825,42685
10440,1825,8159
10441,1825,422
10442,1825,31811
10443,1825,48539
10444,1970,66021
10445,1970,31639
10446,1970,30371
10447,1970,36021
10448,1970,29742
10449,1970,70760
10450,1970,22353
10451,1970,47247
10452,1970,71209
10453,1970,30019
10454,1970,24737
10455,1970,33272
10456,1970,39660
10457,1970,22541
10458,1970,70034
10459,1970,53118
10460,1927,23994
10461,1927,12821
10462,1927,71848
10463,1927,72642
10464,1927,71273
10465,1927,72629
10466,1927,398
10467,1927,69730
10468,1927,70175
10469,1927,70114
10470,1927,70587
10471,1927,51171
10472,1927,50794
10473,1927,3474
10474,1927,70041
10475,1927,71367
10476,1927,72918
10477,1927,69788
10478,1927,71240
10479,1927,369
10480,1927,68679
10481,1927,70008
10482,1927,71351
10483,1927,70124
10484,1927,71374
10485,1927,35711
10486,1927,28619
10487,1927,72017
10488,1927,73214
10489,1927,73362
10490,1927,70620
10491,1927,65927
10492,1927,65071
10493,1927,27829
10494,1927,70225
10495,1927,20442
10496,1927,69813
10497,1927,72611
10498,1927,70492
10499,1927,72235
10500,1927,67316
10501,1927,45320
10502,1927,70166
10503,1927,69929
10504,1927,70324
10505,1835,58166
10506,1835,7948
10507,1835,815
10508,1835,37222
10509,1835,68780
10510,1835,42247
10511,1835,8212
10512,1835,8690
10513,1835,24366
10514,1835,17929
10515,1835,44965
10516,1835,39179
10517,1835,64556
10518,1835,72499
10519,1835,72944
10520,1835,69986
10521,1835,60393
10522,1835,12510
10523,1835,4092
10524,1835,40211
10525,1835,49882
10526,1835,70529
10527,1835,38997
10528,1835,21571
10529,1835,24404
10530,1835,39710
10531,1835,45138
10532,1835,47795
10533,1835,13673
10534,1835,40554
10535,1835,64557
10536,1835,33969
10537,1835,29515
10538,1835,35183
10539,1835,33478
10540,1835,12486
10541,1835,49481
10542,1835,51932
10543,1835,64555
10544,1896,29100
10545,1896,645
10546,1896,51998
10547,1896,13539
10548,1896,53559
10549,1896,36112
10550,1896,40315
10551,1896,23780
10552,1896,67682
10553,1896,54959
10554,1896,58252
10555,1896,25456
10556,1896,54854
10557,1896,9460
10558,1896,29255
10559,1896,64570
10560,1896,45427
10561,1896,66257
10562,1896,59468
10563,1896,8668
10564,1896,33621
10565,1896,7060
10566,1896,72051
10567,1896,23927
10568,1896,3468
10569,1896,15678
10570,1896,5720
10571,1896,9305
10572,1896,62700
10573,1896,39815
10574,1896,45136
10575,1896,342
10576,1896,43108
10577,1896,6229
10578,1896,45061
10579,1896,19830
10580,1896,59834
10581,1896,6228
10582,1896,13494
10583,1896,41871
10584,1896,54850
10585,1896,70211
10586,1896,24896
10587,1896,23420
10588,1896,59335
10589,1896,33470
10590,1896,27884
10591,1896,33325
10592,1896,461
10593,1896,24985
10594,1896,21838
10595,1896,56494
10596,1896,72421
10597,1896,30941
10598,1896,68330
10599,1896,16558
10600,1896,2574
10601,1896,42668
10602,1896,463
10603,1896,20399
10604,1896,60415
10605,1896,46416
10606,1896,48390
10607,1896,1205
10608,1896,29554
10609,1896,17885
10610,1896,41655
10611,1896,48213
10612,1896,54039
10613,1896,46294
10614,1896,38223
10615,1896,22318
10616,1896,43169
10617,1896,26150
10618,1896,19761
10619,1896,44039
10620,1896,52132
10621,1896,6226
10622,1896,47789
10623,1896,5839
10624,1896,34256
10625,1896,31418
10626,1896,7968
10627,1896,66517
10628,1896,57061
10629,1896,11138
10630,1896,54862
10631,1896,21932
10632,1896,27750
10633,1896,9651
10634,1896,33226
10635,1896,49098
10636,1896,13611
10637,1896,67808
10638,1896,65270
10639,1896,36497
10640,1896,35467
10641,1896,63476
10642,1896,21065
10643,1896,17408
10644,1896,53338
10645,1896,33682
10646,1896,49301
10647,1896,39190
10648,1896,60899
10649,1896,30131
10650,1896,36844
10651,1896,57300
10652,1896,46500
10653,1896,16736
10654,1896,63561
10655,1896,63610
10656,1896,9374
10657,1896,43061
10658,1896,57594
10659,1896,1614
10660,1896,7144
10661,1896,19107
10662,1896,51962
10663,1896,21242
10664,1896,23419
10665,1896,61786
10666,1896,11556
10667,1896,70473
10668,1896,27289
10669,1896,41420
10670,1896,31292
10671,1896,60152
10672,1896,55084
10673,1896,59319
10674,1896,41696
10675,1896,54478
10676,1896,67659
10677,1896,70006
10678,1896,31913
10679,1896,71536
10680,1896,45708
10681,1896,367
10682,1896,57722
10683,1896,56477
10684,1896,22317
10685,1896,6185
10686,1896,51956
10687,1896,39996
10688,1896,133
10689,1896,8369
10690,1896,34069
10691,1896,18063
10692,1896,66509
10693,1896,63699
10694,1896,30897
10695,1896,47158
10696,1896,18725
10697,1896,27251
10698,1896,24557
10699,1896,22315
10700,1896,33777
10701,1896,17452
10702,1896,23421
10703,1896,1877
10704,1896,37415
10705,1896,72476
10706,1896,10603
10707,1896,6184
10708,1896,6949
10709,1896,56448
10710,1896,44979
10711,1896,16209
10712,1896,34005
10713,1896,35293
10714,1896,71672
10715,1896,22764
10716,1896,39882
10717,1896,35652
10718,1896,24759
10719,1896,24252
10720,1896,26709
10721,1896,19751
10722,1896,6183
10723,1896,16320
10724,1896,16222
10725,1896,46381
10726,1896,33021
10727,1896,16449
10728,1896,65351
10729,1896,5988
10730,1896,75266
10731,1896,6216
10732,1896,22316
10733,1896,31390
10734,1896,44412
10735,1896,64925
10736,1896,23788
10737,1896,10361
10738,1896,2180
10739,1896,50596
10740,1896,40511
10741,1896,37775
10742,1896,73530
10743,1896,56564
10744,1896,18557
10745,1896,66280
10746,1896,2310
10747,1896,6217
10748,1896,44091
10749,1896,50000
10750,1896,33175
10751,1896,12762
10752,1896,56986
10753,1896,23026
10754,1896,159
10755,1896,33176
10756,1896,12248
10757,1896,36578
10758,1896,30876
10759,1896,24990
10760,1896,52068
10761,1896,56530
10762,1896,21258
10763,1896,6320
10764,1896,54018
10765,1896,63468
10766,1896,56617
10767,1896,73797
10768,1896,45525
10769,1896,33992
10770,1896,66960
10771,1896,7866
10772,1896,9855
10773,1896,31813
10774,1896,33015
10775,1896,20513
10776,1896,5986
10777,1896,67000
10778,1896,63443
10779,1896,22153
10780,1896,64823
10781,1896,17222
10782,1896,59240
10783,1896,1631
10784,1896,6180
10785,1896,29531
10786,1896,4378
10787,1896,39819
10788,1896,20807
10789,1896,22695
10790,1896,39743
10791,1896,70502
10792,1896,9071
10793,1896,32893
10794,1896,14015
10795,1896,46549
10796,1896,14961
10797,1896,52733
10798,1896,43364
10799,1896,21367
10800,1896,60890
10801,1896,43395
10802,1896,6224
10803,1896,26386
10804,1896,55089
10805,1896,31277
10806,1896,8882
10807,1896,44778
10808,1896,61659
10809,1896,49292
10810,1896,2553
10811,1896,48354
10812,1896,25290
10813,1896,73368
10814,1896,20919
10815,1896,60479
10816,1896,49748
10817,1896,213
10818,1896,1550
10819,1896,58167
10820,1896,18442
10821,1896,48890
10822,1896,60034
10823,1896,54986
10824,1896,53864
10825,1896,59627
10826,1896,5148
10827,1896,61416
10828,1896,52942
10829,1896,2588
10830,1896,30721
10831,1896,50759
10832,1896,38418
10833,1896,55326
10834,1896,52460
10835,1896,29737
10836,1896,2661
10837,1896,24360
10838,1896,20428
10839,1896,28380
10840,1896,54570
10841,1896,73
10842,1896,49081
10843,1896,30830
10844,1896,46122
10845,1896,40081
10846,1896,34563
10847,1896,27848
10848,1896,16716
10849,1896,214
10850,1896,24513
10851,1896,28305
10852,1896,37866
10853,1896,20918
10854,1896,38104
10855,1896,2541
10856,1896,41579
10857,1896,638
10858,1896,36715
10859,1896,70864
10860,1896,62924
10861,1896,21263
10862,1896,22455
10863,1896,29917
10864,1896,57554
10865,1896,39798
10866,1896,16310
10867,1896,34344
10868,1896,55839
10869,1896,59134
10870,1896,58447
10871,1896,850
10872,1896,70200
10873,1896,9377
10874,1896,48959
10875,1896,26499
10876,1896,37178
10877,1896,71811
10878,1896,9379
10879,1896,33340
10880,1896,74948
10881,1896,38665
10882,1896,63237
10883,1896,50772
10884,1896,12455
10885,1896,24713
10886,1896,59184
10887,1896,36958
10888,1896,27501
10889,1896,38134
10890,1896,31783
10891,1896,38626
10892,1896,39771
10893,1896,58727
10894,1896,50063
10895,1896,35452
10896,1896,38910
10897,1896,2794
10898,1896,37140
10899,1896,31555
10900,1896,70234
10901,1896,23176
10902,1896,52010
10903,1896,50075
10904,1896,21569
10905,1896,5436
10906,1896,68689
10907,1896,65258
10908,1896,62866
10909,1896,8590
10910,1896,71360
10911,1896,58472
10912,1896,67957
10913,1896,6227
10914,1896,31026
10915,1896,50496
10916,1896,58821
10917,1896,47269
10918,1896,42990
10919,1896,43264
10920,1896,61156
10921,1896,69354
10922,1896,20914
10923,1896,30768
10924,1896,10548
10925,1896,19126
10926,1896,42634
10927,1896,11759
10928,1896,22106
10929,1896,93
10930,1896,38381
10931,1896,64112
10932,1896,59469
10933,1896,32715
10934,1896,2136
10935,1896,44311
10936,1896,32809
10937,1896,4540
10938,1896,48643
10939,1896,48812
10940,1896,53219
10941,1896,55166
10942,1896,13776
10943,1896,51497
10944,1896,51951
10945,1896,47674
10946,1896,16800
10947,1896,1195
10948,1896,52366
10949,1896,48584
10950,1896,45167
10951,1896,19011
10952,1896,69508
10953,1896,1859
10954,1896,66220
10955,1896,20231
10956,1896,49460
10957,1896,56602
10958,1896,40464
10959,1896,70588
10960,1896,19223
10961,1896,26695
10962,1896,53242
10963,1896,8316
10964,1896,8072
10965,1896,71597
10966,1896,40521
10967,1896,20025
10968,1896,6225
10969,1896,69610
10970,1896,28139
10971,1896,26152
10972,1896,18007
10973,1896,28724
10974,1896,27353
10975,1896,54014
10976,1896,6304
10977,1896,64236
10978,1896,20150
10979,1896,57914
10980,1896,19376
10981,1896,15311
10982,1896,8354
10983,1896,55320
10984,1896,56102
10985,1896,49572
10986,1896,34575
10987,1896,66074
10988,1896,54059
10989,1896,49139
10990,1896,6440
10991,1896,50663
10992,1896,505
10993,1896,19166
10994,1896,32932
10995,1896,2185
10996,1896,169
10997,1896,56260
10998,1896,16030
10999,1896,26842
11000,1896,30530
11001,1896,30342
11002,1896,26760
11003,1896,51369
11004,1896,66914
11005,1896,71511
11006,1896,71352
11007,1896,52720
11008,1896,60407
11009,1896,45651
11010,1896,64039
11011,1896,13353
11012,1896,39812
11013,1896,36739
11014,1896,407
11015,1896,9312
11016,1896,15518
11017,1896,49216
11018,1896,6182
11019,1896,6181
11020,1896,34545
11021,1896,21245
11022,1896,6215
11023,1896,39283
11024,1896,54234
11025,1896,36959
11026,1896,59985
11027,1896,65345
11028,1896,40527
11029,1896,41971
11030,1896,13064
11031,1896,39721
11032,1896,50597
11033,1828,7620
11034,1828,43927
11035,1828,56444
11036,1828,26509
11037,1828,7816
11038,1828,7636
11039,1828,71754
11040,1828,70456
11041,1828,11983
11042,1828,11215
11043,1828,17882
11044,1828,7119
11045,1828,50944
11046,1828,69167
11047,1828,7621
11048,1828,15960
11049,1828,74254
11050,1828,37856
11051,1828,50634
11052,1828,45057
11053,1828,70637
11054,1828,7085
11055,1828,7579
11056,1828,7616
11057,1828,58460
11058,1828,7637
11059,1828,10693
11060,1828,38179
11061,1828,7690
11062,1828,28272
11063,1863,39702
11064,1863,31258
11065,1863,34000
11066,1863,44268
11067,1863,32013
11068,1863,61280
11069,1863,70613
11070,1863,1416
11071,1863,29890
11072,1863,4925
11073,1863,18545
11074,1863,66555
11075,1863,53699
11076,1863,935
11077,1863,26965
11078,1863,42915
11079,1863,4927
11080,1863,48608
11081,1863,68273
11082,1863,48461
11083,1863,48499
11084,1863,37625
11085,1863,2923
11086,1863,33586
11087,1863,60075
11088,1863,2922
11089,1863,2301
11090,1863,2931
11091,1863,2659
11092,1863,20378
11093,1863,22228
11094,1863,2925
11095,1863,19302
11096,1863,73953
11097,1863,46794
11098,1863,52653
11099,1863,45255
11100,1863,6962
11101,1863,37959
11102,1863,40233
11103,1863,49530
11104,1863,2926
11105,1863,69053
11106,1863,23984
11107,1863,49912
11108,1863,10325
11109,1863,45274
11110,1863,27012
11111,1863,21901
11112,1863,32513
11113,1863,62548
11114,1863,24856
11115,1863,2303
11116,1863,17002
11117,1863,10854
11118,1863,56767
11119,1863,45430
11120,1863,55776
11121,1863,36980
11122,1863,70957
11123,1863,678
11124,1863,6414
11125,1863,60685
11126,1863,11224
11127,1863,26513
11128,1863,46989
11129,1863,33191
11130,1863,32692
11131,1863,17612
11132,1863,36644
11133,1863,10
11134,1863,3327
11135,1863,32848
11136,1863,47499
11137,1863,71600
11138,1863,16581
11139,1863,11567
11140,1863,4537
11141,1863,8163
11142,1863,15689
11143,1863,56644
11144,1863,34566
11145,1863,19875
11146,1863,35289
11147,1863,67749
11148,1863,42442
11149,1863,8110
11150,1863,11358
11151,1863,28493
11152,1863,4536
11153,1863,60629
11154,1863,29891
11155,1863,39205
11156,1863,16990
11157,1863,38425
11158,1863,60065
11159,1863,64472
11160,1863,18135
11161,1863,20928
11162,1863,75148
11163,1863,46266
11164,1863,25444
11165,1863,17826
11166,1863,36309
11167,1863,15913
11168,1863,8090
11169,1863,25153
11170,1863,70021
11171,1863,4550
11172,1863,72156
11173,1863,2921
11174,1863,2924
11175,1863,57398
11176,1863,16493
11177,1863,25150
11178,1863,33121
11179,1863,52921
11180,1863,47822
11181,1863,63121
11182,1863,2291
11183,1863,65080
11184,1863,22082
11185,1863,4928
11186,1863,23384
11187,1863,19705
11188,1863,33072
11189,1863,70999
11190,1863,15672
11191,1863,397
11192,1863,68372
11193,1863,21749
11194,1863,24415
11195,1863,34869
11196,1863,31525
11197,1863,44556
11198,1863,2522
11199,1863,4534
11200,1863,12470
11201,1863,21708
11202,1863,73288
11203,1863,33211
11204,1863,50005
11205,1863,48582
11206,1863,4926
11207,1863,40459
11208,1863,72898
11209,1863,42296
11210,1863,51451
11211,1863,4535
11212,1863,3837
11213,1863,12916
11214,1863,6335
11215,1863,27344
11216,1863,8699
11217,1885,2056
11218,1885,20016
11219,1885,25966
11220,1885,64366
11221,1885,49555
11222,1885,39848
11223,1885,57907
11224,1885,30723
11225,1885,17987
11226,1885,136
11227,1885,32144
11228,1885,36237
11229,1885,47931
11230,1885,5437
11231,1885,34423
11232,1885,6809
11233,1885,4057
11234,1885,45570
11235,1885,5674
11236,1885,41623
11237,1885,65821
11238,1885,4546
11239,1885,1758
11240,1885,30216
11241,1885,28557
11242,1885,33486
11243,1885,31055
11244,1885,40225
11245,1885,49314
11246,1885,63508
11247,1885,17694
11248,1885,66420
11249,1885,28316
11250,1885,60550
11251,1885,46476
11252,1885,21741
11253,1885,46128
11254,1885,4367
11255,1885,53335
11256,1885,62187
11257,1885,46422
11258,1885,21301
11259,1885,44919
11260,1885,48458
11261,1885,66201
11262,1885,75497
11263,1885,20991
11264,1885,51677
11265,1885,54851
11266,1885,7359
11267,1885,23376
11268,1885,14366
11269,1885,55635
11270,1885,15096
11271,1885,39244
11272,1885,69258
11273,1885,5861
11274,1885,40079
11275,1885,5860
11276,1885,14256
11277,1885,7320
11278,1885,13677
11279,1885,45976
11280,1885,61861
11281,1885,21773
11282,1885,54653
11283,1885,6427
11284,1885,55125
11285,1885,12353
11286,1885,19722
11287,1885,45516
11288,1885,38252
11289,1885,5306
11290,1885,38309
11291,1885,21772
11292,1885,46443
11293,1885,38657
11294,1885,25985
11295,1885,47823
11296,1885,25646
11297,1885,6604
11298,1885,70163
11299,1885,38583
11300,1885,25303
11301,1885,65909
11302,1885,6981
11303,1885,35216
11304,1885,25710
11305,1885,56949
11306,1885,45735
11307,1885,36637
11308,1885,1067
11309,1885,30192
11310,1885,55499
11311,1885,16911
11312,1885,57383
11313,1885,25637
11314,1885,52351
11315,1885,5862
11316,1885,21938
11317,1885,53608
11318,1885,57703
11319,1885,35281
11320,1885,25031
11321,1885,3664
11322,1885,69242
11323,1885,35786
11324,1885,7086
11325,1885,24251
11326,1885,20818
11327,1885,35538
11328,1885,21337
11329,1885,647
11330,1885,51160
11331,1885,53458
11332,1885,23334
11333,1885,6910
11334,1885,63698
11335,1885,52165
11336,1885,70338
11337,1885,43984
11338,1885,10427
11339,1885,25950
11340,1885,4037
11341,1885,23634
11342,1885,38950
11343,1885,29414
11344,1885,21771
11345,1885,52704
11346,1885,32934
11347,1885,2166
11348,1885,48475
11349,1885,28951
11350,1885,8775
11351,1885,8896
11352,1885,35042
11353,1885,48236
11354,1885,17386
11355,1885,38279
11356,1885,10112
11357,1885,59734
11358,1885,24788
11359,1885,49842
11360,1885,47402
11361,1885,21382
11362,1885,23097
11363,1885,17250
11364,1885,23846
11365,1885,53096
11366,1885,39210
11367,1885,7251
11368,1885,18562
11369,1885,33718
11370,1885,9097
11371,1885,33401
11372,1885,59331
11373,1885,22142
11374,1885,24679
11375,1885,55019
11376,1885,65840
11377,1885,14262
11378,1885,39978
11379,1885,44866
11380,1885,34730
11381,1885,61526
11382,1885,2454
11383,1885,36646
11384,1885,52338
11385,1885,12010
11386,1885,711
11387,1885,28823
11388,1885,28722
11389,1885,25617
11390,1885,63250
11391,1885,71537
11392,1885,45853
11393,1885,73001
11394,1885,20737
11395,1885,40276
11396,1885,54019
11397,1885,51062
11398,1885,2769
11399,1885,13432
11400,1885,6663
11401,1885,8010
11402,1885,71512
11403,1885,66032
11404,1885,6007
11405,1885,16720
11406,1885,36277
11407,1885,11618
11408,1885,52978
11409,1885,2178
11410,1885,60857
11411,1885,48736
11412,1885,37635
11413,1885,39395
11414,1885,36752
11415,1885,7951
11416,1885,25658
11417,1885,45090
11418,1885,52868
11419,1885,50957
11420,1885,34953
11421,1885,43020
11422,1885,18009
11423,1885,55727
11424,1885,6670
11425,1885,36383
11426,1885,72268
11427,1885,24772
11428,1885,28019
11429,1885,27162
11430,1885,41438
11431,1885,18341
11432,1885,44635
11433,1885,10399
11434,1885,20927
11435,1755,11136
11436,1852,49220
11437,1852,1346
11438,1852,73444
11439,1852,45187
11440,1852,2081
11441,1852,37709
11442,1852,54912
11443,1852,39823
11444,1852,4957
11445,1852,16741
11446,1852,2511
11447,1852,55000
11448,1852,11025
11449,1852,34525
11450,1852,10976
11451,1852,30973
11452,1852,11033
11453,1852,49140
11454,1852,32984
11455,1852,47731
11456,1852,45846
11457,1852,19998
11458,1852,31745
11459,1852,61155
11460,1852,68998
11461,1852,19061
11462,1852,1894
11463,1852,38049
11464,1852,55409
11465,1852,1985
11466,1852,43844
11467,1852,203
11468,1852,42550
11469,1852,17154
11470,1852,15379
11471,1852,23832
11472,1852,58197
11473,1852,68028
11474,1852,29363
11475,1852,36946
11476,1852,16085
11477,1852,40680
11478,1852,4389
11479,1852,6480
11480,1852,63369
11481,1852,72281
11482,1852,8393
11483,1852,58894
11484,1852,8382
11485,1852,59044
11486,1852,62602
11487,1852,11039
11488,1852,57330
11489,1852,13755
11490,1852,41542
11491,1852,31670
11492,1852,47266
11493,1852,49091
11494,1852,56600
11495,1852,38147
11496,1852,30931
11497,1852,26244
11498,1852,43510
11499,1852,63232
11500,1852,16957
11501,1852,47956
11502,1852,33008
11503,1852,44941
11504,1852,24268
11505,1852,58769
11506,1852,62221
11507,1852,59947
11508,1852,40681
11509,1852,12371
11510,1852,20007
11511,1852,34970
11512,1852,22740
11513,1852,32454
11514,1852,11107
11515,1852,924
11516,1852,4621
11517,1852,1023
11518,1852,10765
11519,1852,18917
11520,1852,4054
11521,1852,49608
11522,1852,67371
11523,1852,40732
11524,1852,50334
11525,1852,10111
11526,1852,40693
11527,1852,41840
11528,1852,28703
11529,1852,4605
11530,1852,15392
11531,1852,47938
11532,1852,39472
11533,1852,57161
11534,1852,36631
11535,1852,69810
11536,1931,43542
11537,1931,55768
11538,1931,57601
11539,1931,895
11540,1931,12798
11541,1931,70513
11542,1931,9914
11543,1931,55798
11544,1931,68811
11545,1931,70652
11546,1931,46514
11547,1931,8707
11548,1931,70744
11549,1931,40249
11550,1931,29632
11551,1931,64410
11552,1931,71316
11553,1931,54564
11554,1931,58295
11555,1931,71372
11556,1931,66905
11557,1931,34471
11558,1931,19066
11559,1931,48710
11560,1931,19446
11561,1931,19403
11562,1931,63230
11563,1931,59860
11564,1931,61962
11565,1931,19925
11566,1931,62877
11567,1814,5339
11568,1814,4965
11569,1814,43065
11570,1814,38510
11571,1814,27410
11572,1814,141
11573,1814,31341
11574,1814,5998
11575,1814,4334
11576,1814,883
11577,1814,58157
11578,1814,59677
11579,1814,62229
11580,1814,882
11581,1814,46675
11582,1814,59145
11583,1814,730
11584,1791,73280
11585,1791,73222
11586,1791,10671
11587,1791,39060
11588,1791,71384
11589,1791,10010
11590,1791,63678
11591,1791,38759
11592,1791,36607
11593,1791,34473
11594,1791,64890
11595,1791,32121
11596,1791,31271
11597,1791,53939
11598,1791,554
11599,1791,22002
11600,1791,29228
11601,1791,67065
11602,1791,171
11603,1848,56978
11604,1848,4185
11605,1848,2153
11606,1848,7760
11607,1848,73093
11608,1848,41936
11609,1848,54965
11610,1848,7425
11611,1848,965
11612,1848,52293
11613,1848,31193
11614,1848,40682
11615,1848,11346
11616,1848,9904
11617,1848,14474
11618,1848,24598
11619,1848,58024
11620,1848,7827
11621,1848,32357
11622,1848,6659
11623,1848,57811
11624,1848,7683
11625,1848,32037
11626,1848,32966
11627,1848,27196
11628,1848,64344
11629,1848,7678
11630,1848,58948
11631,1848,61072
11632,1848,15118
11633,1848,7682
11634,1848,4917
11635,1848,67277
11636,1848,53894
11637,1848,7672
11638,1848,50254
11639,1848,36144
11640,1848,38138
11641,1848,10451
11642,1848,22328
11643,1848,30624
11644,1848,30107
11645,1848,7726
11646,1848,56211
11647,1848,9943
11648,1848,64732
11649,1848,6897
11650,1848,7265
11651,1848,46243
11652,1848,41768
11653,1848,7757
11654,1848,9250
11655,1848,7724
11656,1848,33986
11657,1848,21953
11658,1848,39540
11659,1848,36143
11660,1848,40683
11661,1848,24200
11662,1848,2686
11663,1848,61652
11664,1848,56727
11665,1848,1608
11666,1848,7725
11667,1848,28089
11668,1848,7684
11669,1848,27551
11670,1848,7761
11671,1848,7937
11672,1848,11688
11673,1848,7759
11674,1848,20122
11675,1848,67903
11676,1848,644
11677,1848,42644
11678,1848,66620
11679,1848,54561
11680,1848,29107
11681,1848,17119
11682,1848,24831
11683,1848,40592
11684,1848,25165
11685,1848,7758
11686,1848,39423
11687,1848,46369
11688,1848,36797
11689,1848,58943
11690,1848,22680
11691,1848,7681
11692,1848,21551
11693,1848,21829
11694,1848,42060
11695,1848,52853
11696,1848,45584
11697,1848,26844
11698,1848,32370
11699,1848,61
11700,1794,38178
11701,1794,37682
11702,1794,3268
11703,1794,64218
11704,1794,68724
11705,1794,11323
11706,1794,27600
11707,1794,37774
11708,1794,62014
11709,1794,8015
11710,1794,9811
11711,1794,3743
11712,1794,946
11713,1794,15707
11714,1794,62795
11715,1843,20453
11716,1843,63459
11717,1843,7723
11718,1843,11560
11719,1843,45021
11720,1843,53144
11721,1843,41710
11722,1843,56575
11723,1843,35420
11724,1843,11227
11725,1843,7717
11726,1843,37121
11727,1843,46
11728,1843,65155
11729,1843,19337
11730,1843,32372
11731,1843,20795
11732,1843,6321
11733,1843,2880
11734,1843,56368
11735,1843,6841
11736,1843,32490
11737,1843,55903
11738,1843,34092
11739,1843,9788
11740,1843,64092
11741,1843,2332
11742,1843,7716
11743,1843,31351
11744,1843,44028
11745,1843,63273
11746,1843,13405
11747,1843,38528
11748,1843,11681
11749,1843,32475
11750,1843,7720
11751,1843,47815
11752,1843,31691
11753,1843,55690
11754,1843,41074
11755,1843,55906
11756,1843,15387
11757,1843,42475
11758,1843,41173
11759,1843,52361
11760,1843,35287
11761,1843,33678
11762,1843,20768
11763,1843,11526
11764,1843,16999
11765,1843,15172
11766,1843,21556
11767,1843,32241
11768,1843,28198
11769,1843,14468
11770,1843,22311
11771,1843,61966
11772,1843,17998
11773,1843,69154
11774,1843,2654
11775,1843,39333
11776,1843,44644
11777,1843,5015
11778,1843,54646
11779,1843,61587
11780,1843,53748
11781,1843,415
11782,1843,7722
11783,1843,34485
11784,1843,4524
11785,1843,41781
11786,1843,6326
11787,1843,35642
11788,1843,7719
11789,1843,59755
11790,1843,2333
11791,1843,565
11792,1843,69074
11793,1843,7715
11794,1843,2329
11795,1843,29000
11796,1843,67959
11797,1843,34550
11798,1843,62572
11799,1843,27942
11800,1843,7727
11801,1843,7721
11802,1843,68974
11803,1843,26495
11804,1843,33082
11805,1843,3900
11806,1843,19195
11807,1843,30368
11808,1843,28046
11809,1843,7718
11810,1843,38906
11811,1843,35369
11812,1843,877
11813,1843,55905
11814,1843,16809
11815,1843,55904
11816,1843,11140
11817,1772,65628
11818,1772,39803
11819,1772,30271
11820,1772,69441
11821,1772,7319
11822,1772,43854
11823,1772,39929
11824,1772,38659
11825,1772,65715
11826,1772,73120
11827,1772,37505
11828,1772,33080
11829,1772,38275
11830,1772,59779
11831,1772,69090
11832,1772,37422
11833,1772,58393
11834,1925,52084
11835,1925,69747
11836,1925,65387
11837,1925,65079
11838,1925,65554
11839,1925,65558
11840,1925,69790
11841,1925,71865
11842,1925,44404
11843,1925,47648
11844,1925,27367
11845,1925,72573
11846,1925,8353
11847,1925,53581
11848,1925,1020
11849,1925,70367
11850,1925,69431
11851,1925,71960
11852,1925,67133
11853,1925,15851
11854,1925,54718
11855,1925,71853
11856,1925,68237
11857,1925,72177
11858,1925,69095
11859,1925,70902
11860,1925,71596
11861,1925,67062
11862,1925,65772
11863,1925,65559
11864,1925,50166
11865,1925,63431
11866,1925,68574
11867,1925,12616
11868,1925,73285
11869,1925,70847
11870,1925,63107
11871,1925,27759
11872,1925,56792
11873,1925,38215
11874,1925,49951
11875,1925,70485
11876,1925,70719
11877,1925,66881
11878,1925,67564
11879,1925,33095
11880,1925,72585
11881,1925,26198
11882,1925,63172
11883,1925,70060
11884,1925,69571
11885,1925,66191
11886,1925,56747
11887,1925,67187
11888,1925,70487
11889,1925,67368
11890,1925,65309
11891,1925,70135
11892,1925,65560
11893,1925,63275
11894,1925,67582
11895,1925,72466
11896,1925,65553
11897,1925,72199
11898,1925,67070
11899,1925,3321
11900,1925,60619
11901,1925,22157
11902,1925,73264
11903,1925,20084
11904,1925,3301
11905,1925,24410
11906,1925,72006
11907,1925,67057
11908,1925,70543
11909,1925,65688
11910,1925,57980
11911,1925,69342
11912,1925,70471
11913,1925,72356
11914,1925,67624
11915,1925,9333
11916,1925,65465
11917,1925,18863
11918,1925,65238
11919,1925,58944
11920,1925,69806
11921,1925,52142
11922,1925,29307
11923,1925,66460
11924,1925,30250
11925,1925,64457
11926,1925,69102
11927,1925,46769
11928,1925,65775
11929,1925,61085
11930,1925,62689
11931,1925,56883
11932,1925,13176
11933,1925,65566
11934,1925,57939
11935,1925,25091
11936,1925,57305
11937,1925,68761
11938,1925,71202
11939,1925,59512
11940,1925,71691
11941,1925,66837
11942,1925,49239
11943,1925,53948
11944,1925,66651
11945,1925,33544
11946,1925,53986
11947,1925,67977
11948,1925,65308
11949,1925,7501
11950,1925,67583
11951,1925,30248
11952,1925,45636
11953,1925,69572
11954,1925,70875
11955,1925,66184
11956,1925,67053
11957,1925,72141
11958,1925,68535
11959,1925,65556
11960,1925,67622
11961,1925,60944
11962,1925,72297
11963,1925,68445
11964,1925,4508
11965,1925,71940
11966,1925,70893
11967,1925,25527
11968,1925,64682
11969,1925,3265
11970,1925,71117
11971,1925,17389
11972,1925,74690
11973,1925,29616
11974,1925,42344
11975,1925,67098
11976,1925,70573
11977,1925,67104
11978,1925,1388
11979,1925,70222
11980,1925,65310
11981,1925,766
11982,1925,5161
11983,1975,60458
11984,1975,12320
11985,1975,64673
11986,1975,73175
11987,1975,50868
11988,1975,27253
11989,1975,65100
11990,1996,7259
11991,1996,29525
11992,1996,32040
11993,1996,49119
11994,1996,29535
11995,2000,48811
11996,2000,60462
11997,2000,72148
11998,2000,61509
11999,1902,24951
12000,1902,46517
12001,1902,24999
12002,1902,504
12003,1902,3180
12004,1902,29481
12005,1902,33787
12006,1902,5349
12007,1902,24168
12008,1902,24952
12009,1902,67446
12010,1902,19009
12011,1902,58606
12012,1902,24954
12013,1902,48816
12014,1902,40834
12015,1902,41894
12016,1902,34355
12017,1902,69255
12018,1902,10679
12019,1902,43862
12020,1902,8833
12021,1902,31335
12022,1902,50130
12023,1902,65718
12024,1902,28357
12025,1902,6015
12026,1902,42460
12027,1902,15834
12028,1902,27537
12029,1902,40873
12030,1902,1332
12031,1902,15947
12032,1902,38180
12033,1902,3313
12034,1902,45995
12035,1902,18683
12036,1902,35856
12037,1902,38572
12038,1902,7377
12039,1902,22737
12040,1902,3490
12041,1902,12078
12042,1902,15904
12043,1902,57834
12044,1902,50021
12045,1902,23445
12046,1902,26892
12047,1902,21833
12048,1902,47739
12049,1902,27224
12050,1902,15160
12051,1902,20721
12052,1902,17854
12053,1902,29199
12054,1902,32236
12055,1902,30256
12056,1902,24167
12057,1902,13709
12058,1902,39482
12059,1902,70563
12060,1902,49146
12061,1902,38830
12062,1902,19587
12063,1902,5876
12064,1902,18883
12065,1902,43945
12066,1902,29462
12067,1902,68268
12068,1902,43727
12069,1902,37280
12070,1902,34176
12071,1902,9981
12072,1902,16867
12073,1902,53551
12074,1902,45405
12075,1902,18827
12076,1902,41028
12077,1902,48130
12078,1902,337
12079,1902,520
12080,1902,66690
12081,1902,33458
12082,1902,34538
12083,1902,13321
12084,1902,36492
12085,1902,18182
12086,1902,17188
12087,1902,62536
12088,1902,49285
12089,1902,33941
12090,1902,15487
12091,1902,70150
12092,1902,12380
12093,1902,14316
12094,1902,26981
12095,1902,27579
12096,1902,14001
12097,1902,19004
12098,1902,36687
12099,1902,40795
12100,1902,16284
12101,1902,42455
12102,1902,66115
12103,1902,6384
12104,1902,6984
12105,1902,26998
12106,1902,55958
12107,1902,46636
12108,1902,27015
12109,1902,33125
12110,1902,60205
12111,1902,55989
12112,1902,72772
12113,1902,67166
12114,1902,60541
12115,1902,8847
12116,1902,59775
12117,1902,58482
12118,1902,19608
12119,1902,58107
12120,1902,55473
12121,1902,21986
12122,1902,41177
12123,1902,69374
12124,1902,53859
12125,1902,47682
12126,1902,37857
12127,1902,16552
12128,1902,22334
12129,1902,3805
12130,1902,41086
12131,1902,12590
12132,1902,19502
12133,1902,7404
12134,1902,42980
12135,1902,34526
12136,1902,35505
12137,1902,42319
12138,1902,1142
12139,1902,60119
12140,1902,1266
12141,1902,16531
12142,1902,4327
12143,1902,1376
12144,1902,45573
12145,1902,33058
12146,1902,6987
12147,1902,33393
12148,1902,21566
12149,1902,66076
12150,1902,4864
12151,1902,72557
12152,1902,32021
12153,1902,26431
12154,1902,55732
12155,1902,1867
12156,1902,38353
12157,1902,56080
12158,1902,31272
12159,1902,41525
12160,1902,4341
12161,1902,34698
12162,1902,50506
12163,1902,44686
12164,1902,26692
12165,1902,3781
12166,1902,31033
12167,1902,58201
12168,1902,6921
12169,1902,23024
12170,1902,24998
12171,1902,33666
12172,1902,45394
12173,1902,49242
12174,1902,37152
12175,1902,36661
12176,1902,28228
12177,1902,28383
12178,1902,28109
12179,1902,42430
12180,1902,31763
12181,1902,71719
12182,1902,1644
12183,1902,55161
12184,1902,21600
12185,1902,42194
12186,1902,11051
12187,1902,56145
12188,1902,15390
12189,1902,45113
12190,1902,52761
12191,1902,8544
12192,1902,55049
12193,1902,23173
12194,1902,66676
12195,1902,45610
12196,1902,38911
12197,1902,37988
12198,1902,56584
12199,1902,20851
12200,1902,62329
12201,1902,71552
12202,1902,44867
12203,1902,44058
12204,1902,7796
12205,1902,70939
12206,1902,51022
12207,1902,6872
12208,1902,39217
12209,1902,69226
12210,1902,7065
12211,1902,66018
12212,1902,5643
12213,1902,14868
12214,1902,26999
12215,1902,66498
12216,1902,5172
12217,1902,64128
12218,1902,13898
12219,1902,41816
12220,1902,31648
12221,1902,40566
12222,1902,28989
12223,1902,43055
12224,1902,3430
12225,1902,24953
12226,1902,29259
12227,1902,17964
12228,1902,31723
12229,1902,21318
12230,1902,21959
12231,1902,54116
12232,1902,34995
12233,1902,43208
12234,1902,36536
12235,1902,20661
12236,1902,1298
12237,1902,41656
12238,1902,493
12239,1902,36776
12240,1902,69362
12241,1902,68898
12242,1902,1603
12243,1902,69373
12244,1902,36164
12245,1902,33013
12246,1902,2277
12247,1902,19570
12248,1902,12196
12249,1902,71656
12250,1902,2278
12251,1902,14480
12252,1902,19225
12253,1902,13455
12254,1902,35896
12255,1902,38678
12256,1902,38710
12257,1902,12184
12258,1902,38045
12259,1902,12549
12260,1902,18021
12261,1902,21328
12262,1902,47006
12263,1902,41945
12264,1902,14817
12265,1902,18868
12266,1902,9100
12267,1902,19767
12268,1902,34302
12269,1902,49516
12270,1902,48049
12271,1902,8706
12272,1902,38265
12273,1902,16307
12274,1902,64178
12275,1902,62917
12276,1902,48851
12277,1902,22219
12278,1902,728
12279,1902,5408
12280,1902,24757
12281,1902,44622
12282,1902,22420
12283,1902,19148
12284,1902,11624
12285,1902,6756
12286,1902,44968
12287,1902,8682
12288,1902,18677
12289,1902,66546
12290,1902,19353
12291,1902,35239
12292,1902,17730
12293,1902,24331
12294,1902,26322
12295,1902,47470
12296,1902,16248
12297,1902,34738
12298,1902,66471
12299,1902,12985
12300,1902,67625
12301,1902,19143
12302,1902,19203
12303,1902,41801
12304,1902,46540
12305,1902,45750
12306,1902,53204
12307,1902,44910
12308,1902,14218
12309,1902,53736
12310,1902,19314
12311,1902,2535
12312,1902,62512
12313,1902,27925
12314,1902,42601
12315,1902,30841
12316,1902,19861
12317,1902,33853
12318,1902,26673
12319,1902,7301
12320,1902,33940
12321,1902,13246
12322,1902,38821
12323,1902,71188
12324,1902,18284
12325,1902,8734
12326,1902,1334
12327,1902,34822
12328,1902,47319
12329,1902,13232
12330,1902,62902
12331,1902,60484
12332,1902,15122
12333,1902,14671
12334,1902,17690
12335,1902,19385
12336,1902,59577
12337,1902,42504
12338,1902,23545
12339,1902,67130
12340,1902,34835
12341,1902,22012
12342,1902,31989
12343,1902,32930
12344,1902,8605
12345,1902,24821
12346,1902,35277
12347,1902,57167
12348,1902,58134
12349,1902,38276
12350,1902,26312
12351,1902,53396
12352,1902,54439
12353,1902,68282
12354,1902,60496
12355,1902,68944
12356,1902,25112
12357,1902,42925
12358,1902,59965
12359,1902,16138
12360,1902,55342
12361,1902,16535
12362,1902,19452
12363,1902,39927
12364,1902,52449
12365,1902,73816
12366,1902,65010
12367,1902,12106
12368,1902,861
12369,1902,42396
12370,1902,19895
12371,1902,25651
12372,1902,62724
12373,1902,17053
12374,1902,525
12375,1902,57984
12376,1902,59256
12377,1902,71840
12378,1902,43402
12379,1902,58562
12380,1902,54921
12381,1902,30599
12382,1902,17314
12383,1902,36029
12384,1902,53690
12385,1902,42944
12386,1902,3428
12387,1902,23113
12388,1902,41935
12389,1902,43636
12390,1902,13556
12391,1902,35189
12392,1902,12279
12393,1902,34270
12394,1902,11665
12395,1902,4709
12396,1902,58764
12397,1902,32199
12398,1902,33402
12399,1902,20618
12400,1902,61216
12401,1902,621
12402,1902,34494
12403,1902,4384
12404,1902,25000
12405,1902,44913
12406,1902,24673
12407,1902,2781
12408,1902,20729
12409,1902,60269
12410,1902,59143
12411,1902,4762
12412,1902,13206
12413,1902,51537
12414,1902,62045
12415,1902,14575
12416,1902,71567
12417,1902,8219
12418,1902,14654
12419,1902,41749
12420,1902,75553
12421,1902,45795
12422,1902,19229
12423,1902,22848
12424,1902,56522
12425,1902,26216
12426,1902,7884
12427,1985,51267
12428,1985,23426
12429,1985,51574
12430,1775,5655
12431,1775,2064
12432,1775,44276
12433,1775,24761
12434,1775,7108
12435,1775,27306
12436,1775,29224
12437,1775,42720
12438,1775,72974
12439,1775,16695
12440,1988,43451
12441,1834,18819
12442,1834,36332
12443,1834,22654
12444,1834,64392
12445,1834,67386
12446,1834,7082
12447,1834,10985
12448,1834,37925
12449,1834,16303
12450,1834,64866
12451,1834,5112
12452,1834,23564
12453,1834,17609
12454,1834,41150
12455,1834,1565
12456,1834,18049
12457,1834,53648
12458,1834,34121
12459,1834,30489
12460,1834,53985
12461,1834,24626
12462,1834,63665
12463,1834,70584
12464,1834,34160
12465,1834,49033
12466,1834,42538
12467,1834,21550
12468,1834,13583
12469,1834,55358
12470,1834,13660
12471,1834,42401
12472,1834,73476
12473,1834,42001
12474,1834,38185
12475,1834,69243
12476,1834,68214
12477,1776,51855
12478,1776,733
12479,1776,6731
12480,1776,13382
12481,1776,5
12482,1776,21002
12483,1776,891
12484,1776,1564
12485,1776,735
12486,1776,890
12487,1776,892
12488,1776,29226
12489,1776,3
12490,1776,732
12491,1776,22387
12492,1776,894
12493,1776,37660
12494,1776,32632
12495,1776,25717
12496,1776,3300
12497,1776,893
12498,1776,3755
12499,1776,731
12500,1776,11863
12501,1776,736
12502,1776,734
12503,1776,59509
12504,1776,147
12505,1776,9180
12506,1776,2094
12507,1776,10357
12508,1877,4156
12509,1877,51665
12510,1877,38874
12511,1877,3669
12512,1877,208
12513,1877,66790
12514,1877,31549
12515,1877,16136
12516,1877,38212
12517,1877,60212
12518,1877,47463
12519,1877,23174
12520,1877,56868
12521,1877,44955
12522,1877,34163
12523,1877,33551
12524,1877,55706
12525,1877,34897
12526,1877,23355
12527,1877,37079
12528,1877,47220
12529,1877,53574
12530,1877,18076
12531,1877,30231
12532,1877,37234
12533,1877,71253
12534,1877,23052
12535,1877,34143
12536,1877,271
12537,1877,11860
12538,1877,49778
12539,1877,34900
12540,1877,34977
12541,1877,33835
12542,1877,36555
12543,1877,21607
12544,1877,47464
12545,1877,23358
12546,1877,64621
12547,1877,75021
12548,1877,8294
12549,1877,66658
12550,1877,4281
12551,1877,9311
12552,1877,62326
12553,1877,17575
12554,1877,45950
12555,1877,64451
12556,1877,17576
12557,1877,53088
12558,1877,49680
12559,1877,6886
12560,1877,54335
12561,1877,2484
12562,1877,48538
12563,1877,8708
12564,1877,34253
12565,1877,60048
12566,1877,23357
12567,1877,43144
12568,1877,1842
12569,1877,54627
12570,1877,7174
12571,1877,37697
12572,1877,28657
12573,1877,2053
12574,1877,58768
12575,1877,43156
12576,1877,48771
12577,1877,36767
12578,1877,3807
12579,1877,57441
12580,1877,35371
12581,1877,53230
12582,1877,54212
12583,1877,59654
12584,1877,316
12585,1877,61447
12586,1877,4495
12587,1877,66130
12588,1877,33049
12589,1877,43420
12590,1877,21268
12591,1877,35680
12592,1877,47359
12593,1877,34895
12594,1877,68066
12595,1877,299
12596,1877,58701
12597,1877,2629
12598,1877,44494
12599,1877,848
12600,1877,40729
12601,1877,54604
12602,1877,42202
12603,1877,38317
12604,1877,39474
12605,1877,74875
12606,1877,35196
12607,1877,15569
12608,1877,29723
12609,1877,38976
12610,1877,42308
12611,1877,48648
12612,1877,54587
12613,1877,9618
12614,1877,54050
12615,1877,880
12616,1877,21478
12617,1877,29288
12618,1877,7112
12619,1877,39465
12620,1877,62183
12621,1877,24883
12622,1877,59594
12623,1877,48010
12624,1877,29630
12625,1877,29699
12626,1877,3127
12627,1877,35784
12628,1877,6311
12629,1877,13649
12630,1877,6808
12631,1877,2177
12632,1877,25725
12633,1877,1291
12634,1877,34097
12635,1877,31605
12636,1877,39089
12637,1877,37888
12638,1877,22055
12639,1877,21701
12640,1877,32787
12641,1877,23363
12642,1877,42224
12643,1877,26742
12644,1877,71927
12645,1877,39347
12646,1877,49194
12647,1877,17800
12648,1877,2606
12649,1877,39260
12650,1877,40505
12651,1877,54226
12652,1877,25793
12653,1877,60036
12654,1877,24019
12655,1877,32007
12656,1877,13486
12657,1877,4497
12658,1877,56676
12659,1877,51085
12660,1877,1349
12661,1906,28388
12662,1906,42285
12663,1906,52804
12664,1906,15906
12665,1906,34093
12666,1906,8574
12667,1906,66390
12668,1906,63620
12669,1906,23611
12670,1906,17999
12671,1906,33356
12672,1906,18222
12673,1906,64287
12674,1906,24785
12675,1906,45791
12676,1906,38374
12677,1906,43450
12678,1906,61235
12679,1906,52913
12680,1906,36695
12681,1906,26858
12682,1906,18728
12683,1906,69945
12684,1906,59234
12685,1906,41602
12686,1906,8228
12687,1906,38833
12688,1906,38364
12689,1906,41
12690,1906,40735
12691,1906,7857
12692,1906,62342
12693,1906,39813
12694,1906,8237
12695,1906,3239
12696,1906,41797
12697,1906,14261
12698,1906,17357
12699,1906,27195
12700,1906,19016
12701,1906,3797
12702,1906,41034
12703,1906,46660
12704,1906,29312
12705,1906,30384
12706,1906,8455
12707,1906,13656
12708,1906,26654
12709,1906,42965
12710,1906,35002
12711,1906,22108
12712,1906,15808
12713,1906,39036
12714,1906,56906
12715,1906,70136
12716,1906,4982
12717,1906,73295
12718,1906,66306
12719,1906,56510
12720,1906,46754
12721,1906,66890
12722,1906,37542
12723,1906,27679
12724,1906,68309
12725,1906,58381
12726,1906,40096
12727,1906,30585
12728,1906,1847
12729,1906,8024
12730,1906,34512
12731,1906,22666
12732,1906,45797
12733,1906,34202
12734,1906,48474
12735,1906,67142
12736,1906,66773
12737,1906,33020
12738,1906,44151
12739,1906,62873
12740,1906,56813
12741,1906,73110
12742,1906,62220
12743,1906,47166
12744,1906,63669
12745,1906,2776
12746,1906,28688
12747,1906,43466
12748,1906,27115
12749,1906,22696
12750,1906,23487
12751,1906,27916
12752,1906,10970
12753,1906,14127
12754,1906,27395
12755,1906,42313
12756,1906,15769
12757,1906,1560
12758,1906,58475
12759,1906,66198
12760,1906,50606
12761,1906,45379
12762,1906,18039
12763,1906,73140
12764,1906,10452
12765,1906,16679
12766,1906,66961
12767,1906,56843
12768,1906,56673
12769,1906,5836
12770,1906,15695
12771,1906,48318
12772,1906,46406
12773,1906,19396
12774,1906,10886
12775,1906,34610
12776,1906,67627
12777,1906,13500
12778,1906,38508
12779,1906,36943
12780,1906,21445
12781,1906,68449
12782,1906,57133
12783,1906,18834
12784,1906,47456
12785,1906,22352
12786,1906,43086
12787,1906,36155
12788,1906,70399
12789,1906,63654
12790,1906,32736
12791,1906,13522
12792,1906,36991
12793,1906,20220
12794,1906,4315
12795,1906,787
12796,1906,389
12797,1906,33215
12798,1906,37949
12799,1906,45523
12800,1906,46032
12801,1906,54378
12802,1906,62790
12803,1906,19451
12804,1906,65099
12805,1906,4790
12806,1906,42482
12807,1906,40448
12808,1906,74458
12809,1906,1870
12810,1906,1058
12811,1906,16615
12812,1906,48470
12813,1906,1386
12814,1906,28553
12815,1906,68408
12816,1906,41332
12817,1906,28679
12818,1906,9483
12819,1906,1239
12820,1906,18987
12821,1906,837
12822,1906,21894
12823,1906,491
12824,1906,24520
12825,1906,39584
12826,1906,43286
12827,1906,28489
12828,1906,32781
12829,1906,55601
12830,1906,73543
12831,1906,35414
12832,1906,6617
12833,1906,41092
12834,1906,51905
12835,1906,11939
12836,1906,61363
12837,1906,34004
12838,1906,26217
12839,1906,33028
12840,1906,6046
12841,1906,16406
12842,1906,39330
12843,1906,25954
12844,1906,41730
12845,1906,53196
12846,1906,56442
12847,1906,36511
12848,1906,46658
12849,1906,26727
12850,1906,73489
12851,1906,30561
12852,1906,61771
12853,1906,7789
12854,1906,31017
12855,1906,4921
12856,1906,61053
12857,1906,60290
12858,1906,22733
12859,1906,33142
12860,1906,67412
12861,1906,47523
12862,1906,45349
12863,1906,16856
12864,1906,54546
12865,1906,32455
12866,1906,40122
12867,1906,2069
12868,1906,42817
12869,1906,32512
12870,1906,17276
12871,1906,13274
12872,1906,40722
12873,1906,4398
12874,1906,23779
12875,1906,68448
12876,1906,59776
12877,1906,67479
12878,1906,40731
12879,1906,40887
12880,1906,16046
12881,1906,34076
12882,1906,73169
12883,1906,44270
12884,1906,33368
12885,1906,50082
12886,1906,39630
12887,1906,38981
12888,1906,1089
12889,1906,64620
12890,1906,37523
12891,1906,7170
12892,1906,49124
12893,1906,65029
12894,1906,26207
12895,1906,10397
12896,1906,4381
12897,1906,26864
12898,1906,34927
12899,1906,70308
12900,1906,4640
12901,1906,4065
12902,1906,6433
12903,1906,31955
12904,1906,39591
12905,1906,24738
12906,1906,68870
12907,1906,37250
12908,1906,26182
12909,1906,50342
12910,1906,38881
12911,1906,60055
12912,1906,14471
12913,1906,39516
12914,1906,35815
12915,1906,39361
12916,1906,42132
12917,1906,22004
12918,1906,34189
12919,1906,64924
12920,1906,26380
12921,1906,31139
12922,1906,44219
12923,1906,58534
12924,1906,36969
12925,1906,50987
12926,1906,37431
12927,1906,27867
12928,1906,42361
12929,1906,52820
12930,1906,71215
12931,1906,53411
12932,1906,12809
12933,1906,35496
12934,1906,16692
12935,1906,38871
12936,1906,34926
12937,1906,62898
12938,1906,58892
12939,1906,4634
12940,1906,41419
12941,1906,37618
12942,1906,9385
12943,1906,19987
12944,1906,26209
12945,1906,62887
12946,1906,8160
12947,1906,1878
12948,1906,39414
12949,1906,53339
12950,1906,36243
12951,1906,43951
12952,1906,27963
12953,1906,56556
12954,1906,15077
12955,1906,16339
12956,1906,75024
12957,1906,50272
12958,1906,3314
12959,1906,42414
12960,1906,57573
12961,1906,33964
12962,1906,50203
12963,1906,53990
12964,1906,31678
12965,1906,71854
12966,1906,45520
12967,1906,10870
12968,1906,17720
12969,1906,23922
12970,1906,56634
12971,1906,20355
12972,1906,46118
12973,1906,30188
12974,1906,51282
12975,1906,51217
12976,1906,53478
12977,1906,10123
12978,1906,37169
12979,1906,20361
12980,1906,12403
12981,1906,61715
12982,1906,6134
12983,1906,56349
12984,1906,49494
12985,1906,8034
12986,1906,34460
12987,1906,12197
12988,1906,64822
12989,1906,18449
12990,1906,39417
12991,1906,595
12992,1906,38916
12993,1906,7788
12994,1906,8023
12995,1906,15207
12996,1906,45918
12997,1906,11192
12998,1906,34015
12999,1906,54795
13000,1906,39995
13001,1906,15951
13002,1906,41681
13003,1906,27000
13004,1906,17321
13005,1906,8566
13006,1906,34877
13007,1906,35336
13008,1906,4614
13009,1906,43826
13010,1906,17614
13011,1906,12672
13012,1906,55939
13013,1906,36451
13014,1906,8065
13015,1906,67036
13016,1906,39006
13017,1906,30907
13018,1906,7492
13019,1906,45790
13020,1906,47624
13021,1906,70459
13022,1906,14204
13023,1906,16542
13024,1906,52824
13025,1906,56094
13026,1906,6315
13027,1906,65592
13028,1906,15712
13029,1906,13731
13030,1906,74422
13031,1906,69483
13032,1906,71407
13033,1906,8320
13034,1906,40493
13035,1906,33755
13036,1906,2939
13037,1906,25983
13038,1906,60612
13039,1906,64493
13040,1906,30795
13041,1906,310
13042,1906,19265
13043,1906,32859
13044,1906,8038
13045,1906,8183
13046,1906,57673
13047,1906,66182
13048,1906,58536
13049,1906,52106
13050,1906,43025
13051,1906,35473
13052,1906,30626
13053,1906,60311
13054,1906,70149
13055,1906,18780
13056,1906,43146
13057,1906,46358
13058,1906,31082
13059,1906,42753
13060,1906,44848
13061,1906,68786
13062,1906,25016
13063,1906,31318
13064,1906,58540
13065,1906,29404
13066,1906,41892
13067,1906,14294
13068,1906,33616
13069,1906,17572
13070,1906,17740
13071,1906,36809
13072,1906,18041
13073,1906,8012
13074,1906,16197
13075,1906,27986
13076,1906,42407
13077,1906,3029
13078,1906,17813
13079,1906,56783
13080,1906,40002
13081,1906,57758
13082,1906,40582
13083,1906,20226
13084,1906,36386
13085,1906,8002
13086,1906,16
13087,1906,46084
13088,1906,5076
13089,1906,25232
13090,1906,29966
13091,1906,20496
13092,1906,10900
13093,1906,17131
13094,1906,45292
13095,1906,8027
13096,1906,40772
13097,1906,35828
13098,1906,8704
13099,1906,29744
13100,1906,7763
13101,1906,17514
13102,1906,67454
13103,1906,26516
13104,1906,6716
13105,1906,2018
13106,1906,63831
13107,1906,21843
13108,1906,324
13109,1906,1314
13110,1906,50091
13111,1906,460
13112,1906,8556
13113,1906,67397
13114,1906,27873
13115,1906,47351
13116,1906,56970
13117,1906,68255
13118,1906,49277
13119,1906,16455
13120,1906,19905
13121,1906,51064
13122,1906,62799
13123,1906,8006
13124,1906,69836
13125,1906,24901
13126,1906,67403
13127,1906,41794
13128,1906,21880
13129,1906,35351
13130,1906,71322
13131,1906,39447
13132,1906,72906
13133,1906,24062
13134,1906,6119
13135,1906,71128
13136,1906,1851
13137,1906,15976
13138,1906,34067
13139,1906,43968
13140,1906,41720
13141,1906,37509
13142,1906,14109
13143,1906,12281
13144,1906,16931
13145,1906,17564
13146,1906,10212
13147,1906,39603
13148,1906,7972
13149,1906,51840
13150,1906,65000
13151,1906,40678
13152,1906,49701
13153,1906,56913
13154,1906,30309
13155,1906,43128
13156,1906,37862
13157,1906,41757
13158,1906,49202
13159,1906,47167
13160,1906,73614
13161,1906,5971
13162,1906,24426
13163,1906,972
13164,1906,29766
13165,1906,31760
13166,1906,69930
13167,1906,40457
13168,1906,35849
13169,1906,44209
13170,1906,55331
13171,1906,71317
13172,1906,557
13173,1906,1086
13174,1906,26450
13175,1906,71679
13176,1906,12529
13177,1906,22748
13178,1906,6622
13179,1906,41361
13180,1906,26027
13181,1906,60976
13182,1906,23637
13183,1906,44032
13184,1906,44413
13185,1906,17743
13186,1906,22175
13187,1906,34238
13188,1906,57066
13189,1906,13614
13190,1906,9267
13191,1906,48963
13192,1906,48995
13193,1906,42916
13194,1906,13367
13195,1906,47753
13196,1906,67879
13197,1906,5119
13198,1906,21362
13199,1906,71828
13200,1906,29010
13201,1906,61682
13202,1906,56663
13203,1906,31041
13204,1906,33803
13205,1906,29921
13206,1906,53723
13207,1906,8569
13208,1906,14696
13209,1906,34347
13210,1906,55962
13211,1906,44286
13212,1906,59188
13213,1906,6374
13214,1906,43435
13215,1906,20620
13216,1906,43643
13217,1894,21807
13218,1894,12199
13219,1894,53120
13220,1894,4385
13221,1894,4731
13222,1894,7396
13223,1894,71897
13224,1894,14532
13225,1894,50512
13226,1894,17112
13227,1894,70427
13228,1894,37878
13229,1894,60631
13230,1894,43608
13231,1894,15640
13232,1894,2929
13233,1894,41497
13234,1894,9316
13235,1894,51426
13236,1894,2876
13237,1894,34139
13238,1894,43386
13239,1894,16892
13240,1894,33361
13241,1894,63487
13242,1894,25836
13243,1894,72286
13244,1894,423
13245,1894,8607
13246,1894,18238
13247,1894,37494
13248,1894,31923
13249,1894,40569
13250,1894,23012
13251,1894,11532
13252,1894,22204
13253,1894,42408
13254,1894,2071
13255,1894,2927
13256,1894,16949
13257,1894,41798
13258,1894,5319
13259,1894,52636
13260,1894,3692
13261,1894,10012
13262,1894,2334
13263,1894,7153
13264,1894,2933
13265,1894,22205
13266,1894,31470
13267,1894,42573
13268,1894,10760
13269,1894,55140
13270,1894,73639
13271,1894,8506
13272,1894,62983
13273,1894,39136
13274,1894,38413
13275,1894,70343
13276,1894,10060
13277,1894,43125
13278,1894,21214
13279,1894,54976
13280,1894,42500
13281,1894,3107
13282,1894,236
13283,1894,33814
13284,1894,29798
13285,1894,33697
13286,1894,6479
13287,1894,60170
13288,1894,32925
13289,1894,36003
13290,1894,67072
13291,1894,61731
13292,1894,6145
13293,1894,23371
13294,1894,66302
13295,1894,1858
13296,1894,62251
13297,1894,38764
13298,1894,57031
13299,1894,1669
13300,1894,13728
13301,1894,21291
13302,1894,38978
13303,1894,40209
13304,1894,41359
13305,1894,67567
13306,1894,31872
13307,1894,38985
13308,1894,59906
13309,1894,45071
13310,1894,66411
13311,1894,7528
13312,1894,39987
13313,1894,30
13314,1894,25757
13315,1894,14360
13316,1894,4547
13317,1894,7179
13318,1894,40736
13319,1894,2940
13320,1894,36105
13321,1894,19415
13322,1894,11711
13323,1894,2935
13324,1894,9317
13325,1894,45749
13326,1894,23385
13327,1894,18496
13328,1894,11754
13329,1894,8649
13330,1894,153
13331,1894,54294
13332,1894,5092
13333,1894,16654
13334,1894,41188
13335,1894,54219
13336,1894,18678
13337,1894,67798
13338,1894,32919
13339,1894,32985
13340,1894,43154
13341,1894,8449
13342,1894,7145
13343,1894,71922
13344,1894,13909
13345,1894,41169
13346,1894,2038
13347,1894,38864
13348,1894,33927
13349,1894,1469
13350,1894,14910
13351,1894,53744
13352,1894,70858
13353,1894,41635
13354,1894,8746
13355,1894,4307
13356,1894,63400
13357,1894,643
13358,1894,42972
13359,1894,55868
13360,1894,39924
13361,1894,3055
13362,1894,31543
13363,1894,15370
13364,1894,1620
13365,1894,34367
13366,1894,47560
13367,1894,51789
13368,1894,28284
13369,1894,332
13370,1894,8546
13371,1894,34167
13372,1894,67883
13373,1894,14490
13374,1894,55751
13375,1894,49320
13376,1894,4918
13377,1894,8670
13378,1894,26319
13379,1894,14647
13380,1894,22246
13381,1894,24323
13382,1894,66284
13383,1894,66861
13384,1894,9318
13385,1894,39272
13386,1894,51952
13387,1894,58496
13388,1894,37298
13389,1894,2821
13390,1894,35206
13391,1894,27274
13392,1894,6769
13393,1894,64825
13394,1894,21359
13395,1894,45822
13396,1894,21229
13397,1894,45170
13398,1894,32043
13399,1894,2399
13400,1894,32569
13401,1894,52389
13402,1894,6893
13403,1894,44322
13404,1894,41875
13405,1894,47868
13406,1894,16306
13407,1894,39067
13408,1894,23177
13409,1894,67515
13410,1894,53993
13411,1894,11247
13412,1894,41583
13413,1894,15153
13414,1894,2035
13415,1894,2936
13416,1894,2932
13417,1894,12236
13418,1894,1193
13419,1894,11252
13420,1894,41365
13421,1894,39891
13422,1894,355
13423,1894,22381
13424,1894,54954
13425,1894,41674
13426,1894,16090
13427,1894,53296
13428,1894,56005
13429,1894,5828
13430,1894,12975
13431,1894,40349
13432,1894,23261
13433,1894,69418
13434,1894,45277
13435,1894,8377
13436,1894,43085
13437,1894,47377
13438,1894,48586
13439,1894,54490
13440,1894,41698
13441,1894,16802
13442,1894,56249
13443,1894,69543
13444,1894,34599
13445,1894,42783
13446,1894,56489
13447,1894,19979
13448,1894,65018
13449,1894,35715
13450,1894,60972
13451,1894,37356
13452,1894,38688
13453,1894,33714
13454,1894,41082
13455,1894,916
13456,1894,40793
13457,1894,61017
13458,1894,46650
13459,1894,11111
13460,1894,9319
13461,1894,37411
13462,1894,2928
13463,1894,17255
13464,1894,2306
13465,1894,21814
13466,1894,42090
13467,1894,23022
13468,1894,32328
13469,1894,43485
13470,1894,91
13471,1894,52562
13472,1894,54491
13473,1894,18541
13474,1894,18660
13475,1894,26426
13476,1894,22811
13477,1894,28098
13478,1894,59608
13479,1894,63672
13480,1894,4653
13481,1894,44547
13482,1894,17428
13483,1894,35045
13484,1894,40583
13485,1894,14103
13486,1894,40121
13487,1894,15828
13488,1894,45580
13489,1894,18788
13490,1894,67804
13491,1894,31938
13492,1894,11978
13493,1894,37703
13494,1894,37410
13495,1894,21858
13496,1894,36553
13497,1894,9907
13498,1894,56262
13499,1894,8745
13500,1894,25512
13501,1894,6443
13502,1894,14712
13503,1894,48622
13504,1894,35374
13505,1894,47191
13506,1894,39985
13507,1894,54992
13508,1894,40839
13509,1894,55827
13510,1894,9315
13511,1894,42005
13512,1894,47183
13513,1894,40449
13514,1894,66195
13515,1894,36045
13516,1894,34071
13517,1894,95
13518,1894,1604
13519,1894,30860
13520,1894,8133
13521,1894,12021
13522,1894,35372
13523,1894,63209
13524,1894,1896
13525,1894,50539
13526,1894,38188
13527,1894,4036
13528,1894,54096
13529,1894,58574
13530,1894,8147
13531,1894,56768
13532,1894,12223
13533,1894,32746
13534,1894,63446
13535,1894,39295
13536,1894,34244
13537,1894,15466
13538,1894,8939
13539,1894,44828
13540,1894,47612
13541,1894,40454
13542,1894,2806
13543,1894,18900
13544,1894,60473
13545,1894,45038
13546,1894,49985
13547,1894,18803
13548,1894,64849
13549,1894,8130
13550,1894,24499
13551,1894,69306
13552,1894,15484
13553,1894,25400
13554,1930,66972
13555,1930,29848
13556,1930,63227
13557,1930,3830
13558,1930,48240
13559,1930,73144
13560,1930,63226
13561,1930,29919
13562,1930,59735
13563,1930,50932
13564,1930,63878
13565,1930,36387
13566,1930,36499
13567,1930,47639
13568,1930,24597
13569,1930,30177
13570,1930,67823
13571,1930,58550
13572,1930,28617
13573,1930,67238
13574,1930,29882
13575,1930,72401
13576,1930,50905
13577,1930,42182
13578,1930,42914
13579,1930,72496
13580,1930,54150
13581,1930,30124
13582,1930,13449
13583,1930,10023
13584,1930,33016
13585,1930,66108
13586,1930,29390
13587,1930,44744
13588,1930,69272
13589,1930,29607
13590,1930,30166
13591,1930,27453
13592,1930,64969
13593,1930,21638
13594,1930,55831
13595,1930,63095
13596,1930,37205
13597,1930,58595
13598,1930,29768
13599,1930,32905
13600,1930,63693
13601,1930,20911
13602,1930,61050
13603,1930,71195
13604,1930,52345
13605,1993,48936
13606,1993,48836
13607,1887,51979
13608,1887,67658
13609,1887,7399
13610,1887,31160
13611,1887,41603
13612,1887,6806
13613,1887,6355
13614,1887,11733
13615,1887,7394
13616,1887,46221
13617,1887,24726
13618,1887,39552
13619,1887,48336
13620,1887,9570
13621,1887,50086
13622,1887,40700
13623,1887,16937
13624,1887,48548
13625,1887,7006
13626,1887,5898
13627,1887,6719
13628,1887,72680
13629,1887,1712
13630,1887,65514
13631,1887,2286
13632,1887,13218
13633,1887,52513
13634,1887,56824
13635,1887,7322
13636,1887,68519
13637,1887,53892
13638,1887,47061
13639,1887,9868
13640,1887,46129
13641,1887,49831
13642,1887,69593
13643,1887,65773
13644,1887,72450
13645,1887,11269
13646,1887,21626
13647,1887,46619
13648,1887,8140
13649,1887,55673
13650,1887,56471
13651,1887,21378
13652,1887,41963
13653,1887,7401
13654,1887,61207
13655,1887,43343
13656,1887,25485
13657,1887,71032
13658,1887,33703
13659,1887,38095
13660,1887,21718
13661,1887,59020
13662,1887,49302
13663,1887,2021
13664,1887,9322
13665,1887,13757
13666,1887,37807
13667,1887,62252
13668,1887,31751
13669,1887,10431
13670,1887,73027
13671,1887,26088
13672,1887,66855
13673,1887,7391
13674,1887,59313
13675,1887,56687
13676,1887,48394
13677,1887,296
13678,1887,8507
13679,1887,35566
13680,1887,24482
13681,1887,19416
13682,1887,45232
13683,1887,16787
13684,1887,33800
13685,1887,25492
13686,1887,244
13687,1887,73339
13688,1887,23987
13689,1887,58263
13690,1887,10724
13691,1887,73875
13692,1887,25590
13693,1887,21793
13694,1887,2711
13695,1887,32210
13696,1887,4302
13697,1887,53070
13698,1887,71178
13699,1887,31919
13700,1887,22879
13701,1887,6132
13702,1887,23587
13703,1887,54987
13704,1887,45436
13705,1887,53955
13706,1887,17766
13707,1887,6690
13708,1887,23001
13709,1887,51542
13710,1887,44887
13711,1887,26093
13712,1887,24388
13713,1887,22230
13714,1887,15200
13715,1887,14616
13716,1887,23004
13717,1887,19170
13718,1887,3163
13719,1887,27709
13720,1887,35140
13721,1887,34370
13722,1887,36556
13723,1887,344
13724,1887,40758
13725,1887,54214
13726,1887,72044
13727,1887,32460
13728,1887,34700
13729,1887,32123
13730,1887,14522
13731,1887,35781
13732,1887,32248
13733,1887,4194
13734,1887,36794
13735,1887,65638
13736,1887,7389
13737,1887,52756
13738,1887,65966
13739,1887,12471
13740,1887,36791
13741,1887,35677
13742,1887,38098
13743,1887,50803
13744,1887,30662
13745,1887,70252
13746,1887,8661
13747,1887,33883
13748,1887,19952
13749,1887,44026
13750,1887,21057
13751,1887,69198
13752,1887,21941
13753,1887,36431
13754,1887,6874
13755,1887,10216
13756,1887,12067
13757,1887,71262
13758,1887,5128
13759,1887,24937
13760,1887,18254
13761,1887,38531
13762,1887,38099
13763,1887,15363
13764,1887,15862
13765,1887,41396
13766,1887,29368
13767,1887,35567
13768,1887,43421
13769,1887,56070
13770,1887,7431
13771,1887,7395
13772,1887,1083
13773,1887,66222
13774,1887,1202
13775,1887,44266
13776,1887,65866
13777,1887,30087
13778,1887,42468
13779,1887,482
13780,1887,1574
13781,1887,43612
13782,1887,13389
13783,1887,59713
13784,1887,51660
13785,1887,55402
13786,1887,38101
13787,1887,34266
13788,1887,16308
13789,1887,43568
13790,1887,75119
13791,1887,63383
13792,1887,25203
13793,1887,2397
13794,1887,17731
13795,1887,54367
13796,1887,7435
13797,1887,7397
13798,1887,54004
13799,1887,25433
13800,1887,37348
13801,1887,3473
13802,1887,42926
13803,1887,53169
13804,1887,1143
13805,1887,6378
13806,1887,49760
13807,1887,280
13808,1887,40676
13809,1887,5658
13810,1887,10116
13811,1887,37223
13812,1887,33391
13813,1887,26427
13814,1887,18579
13815,1887,64117
13816,1887,56495
13817,1887,343
13818,1887,8171
13819,1887,698
13820,1887,38196
13821,1887,8924
13822,1887,49415
13823,1887,45239
13824,1887,33757
13825,1887,63511
13826,1887,6988
13827,1887,43593
13828,1887,38990
13829,1887,40702
13830,1887,63520
13831,1887,4228
13832,1887,14892
13833,1887,71478
13834,1887,23263
13835,1887,7400
13836,1887,16080
13837,1887,5830
13838,1887,16258
13839,1887,15253
13840,1887,15900
13841,1887,17842
13842,1887,51885
13843,1887,38766
13844,1887,65416
13845,1887,55557
13846,1887,48826
13847,1887,57436
13848,1887,37981
13849,1887,16897
13850,1887,438
13851,1887,26990
13852,1887,17120
13853,1887,51103
13854,1887,15321
13855,1887,7388
13856,1887,28757
13857,1887,7398
13858,1887,35331
13859,1887,54365
13860,1887,7952
13861,1887,40491
13862,1887,6706
13863,1887,52362
13864,1887,7410
13865,1887,38106
13866,1887,2698
13867,1887,7034
13868,1887,23002
13869,1887,51738
13870,1887,34060
13871,1887,52801
13872,1887,39398
13873,1887,13923
13874,1887,16932
13875,1887,38103
13876,1887,52287
13877,1887,31180
13878,1887,56639
13879,1887,38853
13880,1887,16261
13881,1887,38107
13882,1887,3404
13883,1887,7390
13884,1911,15760
13885,1911,56732
13886,1911,4775
13887,1911,23218
13888,1911,40455
13889,1911,36609
13890,1911,63009
13891,1911,37746
13892,1911,9849
13893,1911,56877
13894,1911,66164
13895,1911,49747
13896,1911,27670
13897,1911,41219
13898,1911,2330
13899,1911,2557
13900,1911,60465
13901,1911,55734
13902,1911,13813
13903,1911,18093
13904,1911,175
13905,1911,3525
13906,1911,53460
13907,1911,15076
13908,1911,41206
13909,1911,15195
13910,1911,5405
13911,1911,68530
13912,1911,30961
13913,1911,43246
13914,1911,14797
13915,1911,43488
13916,1911,30115
13917,1911,19848
13918,1911,34569
13919,1911,70968
13920,1911,34825
13921,1911,42380
13922,1911,30440
13923,1911,34359
13924,1911,1986
13925,1911,33736
13926,1911,43809
13927,1911,27801
13928,1911,51158
13929,1911,39167
13930,1911,204
13931,1911,14168
13932,1911,30895
13933,1911,64488
13934,1911,113
13935,1911,38614
13936,1911,62521
13937,1911,30940
13938,1911,55720
13939,1911,56455
13940,1911,38570
13941,1911,23555
13942,1911,48882
13943,1911,59940
13944,1911,21536
13945,1911,12750
13946,1911,18633
13947,1911,44153
13948,1911,24160
13949,1911,71340
13950,1911,5698
13951,1911,4633
13952,1911,33538
13953,1911,49479
13954,1911,14531
13955,1911,63780
13956,1911,20586
13957,1911,68521
13958,1911,6281
13959,1911,3715
13960,1911,349
13961,1911,8198
13962,1911,53735
13963,1911,21769
13964,1911,15936
13965,1911,55361
13966,1911,978
13967,1911,43096
13968,1911,17944
13969,1911,15246
13970,1911,1719
13971,1911,26948
13972,1911,48778
13973,1911,44195
13974,1911,62265
13975,1911,61577
13976,1911,42960
13977,1911,28512
13978,1911,27454
13979,1911,40747
13980,1911,56014
13981,1911,46063
13982,1911,46026
13983,1911,16928
13984,1911,17495
13985,1911,56633
13986,1911,31791
13987,1911,48848
13988,1911,41207
13989,1911,5342
13990,1911,44726
13991,1911,39742
13992,1911,23691
13993,1911,28483
13994,1911,61943
13995,1911,39065
13996,1911,20560
13997,1911,63293
13998,1911,14672
13999,1911,66355
14000,1911,26309
14001,1911,33984
14002,1911,48833
14003,1911,26937
14004,1911,17535
14005,1911,40357
14006,1911,40607
14007,1911,4924
14008,1911,30096
14009,1911,34394
14010,1911,14759
14011,1911,67484
14012,1911,33970
14013,1911,7130
14014,1911,61064
14015,1911,41898
14016,1911,13826
14017,1911,40480
14018,1911,15863
14019,1911,12015
14020,1911,38551
14021,1911,7784
14022,1911,8199
14023,1911,6464
14024,1911,14176
14025,1911,59214
14026,1911,23550
14027,1911,35760
14028,1911,27423
14029,1911,14394
14030,1911,23553
14031,1911,38646
14032,1911,13319
14033,1911,17893
14034,1911,7495
14035,1911,22599
14036,1911,33593
14037,1911,1760
14038,1911,11870
14039,1911,62582
14040,1911,41182
14041,1911,53650
14042,1911,52495
14043,1911,35148
14044,1911,66576
14045,1911,6284
14046,1911,3266
14047,1911,12484
14048,1911,57349
14049,1911,57753
14050,1911,35580
14051,1911,28359
14052,1911,6997
14053,1911,4251
14054,1911,8898
14055,1911,59932
14056,1911,25902
14057,1911,400
14058,1911,15706
14059,1911,20216
14060,1911,56416
14061,1911,4358
14062,1911,3417
14063,1911,19724
14064,1911,61854
14065,1911,34255
14066,1911,704
14067,1911,37243
14068,1911,30671
14069,1911,29580
14070,1911,2670
14071,1911,41474
14072,1911,6075
14073,1911,45621
14074,1911,46789
14075,1911,31960
14076,1911,23551
14077,1911,23626
14078,1911,24712
14079,1911,340
14080,1911,2774
14081,1911,3478
14082,1911,49797
14083,1911,42517
14084,1911,27888
14085,1911,66422
14086,1911,72076
14087,1911,47776
14088,1911,11327
14089,1911,44603
14090,1911,63307
14091,1911,20451
14092,1911,6474
14093,1911,53788
14094,1911,34781
14095,1911,71505
14096,1911,67071
14097,1911,42334
14098,1911,33019
14099,1911,32355
14100,1911,22497
14101,1911,40777
14102,1911,22390
14103,1911,37692
14104,1911,12112
14105,1911,28663
14106,1911,59277
14107,1911,54082
14108,1911,26160
14109,1911,31705
14110,1911,20126
14111,1911,47178
14112,1911,40197
14113,1911,19359
14114,1911,23548
14115,1911,18435
14116,1911,30810
14117,1911,41249
14118,1911,2076
14119,1911,59807
14120,1911,56197
14121,1911,56924
14122,1911,20877
14123,1911,59096
14124,1911,62899
14125,1911,260
14126,1911,24201
14127,1911,42055
14128,1911,12857
14129,1911,36456
14130,1911,47569
14131,1911,40103
14132,1911,23554
14133,1911,29555
14134,1911,25624
14135,1911,70424
14136,1911,12516
14137,1911,52813
14138,1911,19869
14139,1911,69826
14140,1911,11701
14141,1911,74682
14142,1911,36509
14143,1911,52963
14144,1911,31966
14145,1911,6103
14146,1911,72093
14147,1911,69558
14148,1911,20115
14149,1911,15356
14150,1911,8899
14151,1911,69412
14152,1911,14303
14153,1911,5964
14154,1911,19609
14155,1911,29374
14156,1911,24093
14157,1911,6423
14158,1911,15134
14159,1911,64933
14160,1911,72293
14161,1911,40303
14162,1911,57276
14163,1911,14755
14164,1911,40587
14165,1911,42958
14166,1911,39515
14167,1911,39388
14168,1911,16631
14169,1911,35514
14170,1911,70947
14171,1911,57201
14172,1911,21022
14173,1911,723
14174,1911,41519
14175,1911,40574
14176,1911,61852
14177,1911,38387
14178,1911,19246
14179,1911,52248
14180,1911,34945
14181,1911,47899
14182,1911,14866
14183,1911,53369
14184,1911,16869
14185,1911,62844
14186,1911,21910
14187,1911,42444
14188,1911,53954
14189,1911,53431
14190,1911,60438
14191,1911,18882
14192,1911,38845
14193,1911,66470
14194,1911,73645
14195,1911,15599
14196,1911,17396
14197,1911,7980
14198,1911,38169
14199,1911,29634
14200,1911,48752
14201,1911,34940
14202,1911,64898
14203,1911,26389
14204,1911,34250
14205,1911,1615
14206,1911,29895
14207,1911,15430
14208,1911,37698
14209,1911,59057
14210,1911,4517
14211,1911,24980
14212,1911,37681
14213,1911,65524
14214,1911,27564
14215,1911,9629
14216,1911,63001
14217,1911,71328
14218,1911,58996
14219,1911,30542
14220,1911,60969
14221,1911,6369
14222,1911,28873
14223,1911,70615
14224,1911,26534
14225,1911,1711
14226,1911,52236
14227,1911,11626
14228,1911,48914
14229,1911,19586
14230,1911,40148
14231,1911,46367
14232,1911,32257
14233,1911,9388
14234,1911,35243
14235,1911,1845
14236,1911,1188
14237,1911,5069
14238,1911,25077
14239,1911,20715
14240,1911,69991
14241,1911,11110
14242,1911,28775
14243,1911,55021
14244,1911,15265
14245,1911,66864
14246,1911,8831
14247,1911,28091
14248,1911,28315
14249,1911,19805
14250,1911,2039
14251,1911,33785
14252,1911,44228
14253,1911,8673
14254,1911,47925
14255,1911,45102
14256,1911,38014
14257,1911,4098
14258,1911,35562
14259,1911,1472
14260,1911,15892
14261,1911,27524
14262,1911,7829
14263,1911,7066
14264,1911,4754
14265,1911,15293
14266,1911,1075
14267,1911,1440
14268,1911,50955
14269,1911,16229
14270,1911,37565
14271,1911,1695
14272,1911,5129
14273,1911,6137
14274,1911,44738
14275,1911,34775
14276,1911,46108
14277,1911,38312
14278,1911,53026
14279,1911,51481
14280,1911,52211
14281,1911,6282
14282,1911,55586
14283,1911,5091
14284,1911,456
14285,1911,430
14286,1911,62684
14287,1911,25643
14288,1911,73174
14289,1911,21048
14290,1911,60243
14291,1911,57137
14292,1911,22066
14293,1911,19346
14294,1911,10418
14295,1911,50650
14296,1911,64107
14297,1911,31184
14298,1911,56357
14299,1911,13718
14300,1911,29628
14301,1911,23286
14302,1911,22307
14303,1911,30038
14304,1911,16442
14305,1911,24483
14306,1911,22213
14307,1911,1857
14308,1911,29855
14309,1911,17269
14310,1911,15955
14311,1911,6873
14312,1911,33318
14313,1911,18234
14314,1911,34019
14315,1911,32195
14316,1911,20053
14317,1911,9964
14318,1911,12450
14319,1911,18286
14320,1911,33913
14321,1911,53111
14322,1911,40281
14323,1911,65860
14324,1911,51910
14325,1911,66409
14326,1911,39808
14327,1911,56931
14328,1911,63365
14329,1911,16160
14330,1911,53915
14331,1911,46994
14332,1911,25163
14333,1911,1762
14334,1911,39172
14335,1911,55292
14336,1911,9614
14337,1911,59935
14338,1911,44773
14339,1911,27792
14340,1911,28988
14341,1911,51298
14342,1911,3757
14343,1911,66868
14344,1911,54977
14345,1911,2512
14346,1911,40467
14347,1911,38249
14348,1911,13589
14349,1911,42220
14350,1911,18665
14351,1911,57126
14352,1911,23557
14353,1911,1088
14354,1911,19012
14355,1911,34230
14356,1911,65596
14357,1911,62927
14358,1911,6116
14359,1911,12255
14360,1911,27365
14361,1911,27438
14362,1911,10540
14363,1911,46556
14364,1911,45652
14365,1911,18965
14366,1911,32730
14367,1911,46020
14368,1911,2910
14369,1911,41458
14370,1911,6864
14371,1911,69019
14372,1911,17892
14373,1911,35215
14374,1911,7352
14375,1911,23433
14376,1911,26215
14377,1911,6435
14378,1911,2195
14379,1911,63233
14380,1911,59091
14381,1911,56577
14382,1911,68837
14383,1911,38561
14384,1911,47525
14385,1911,8089
14386,1911,21969
14387,1911,11698
14388,1911,15072
14389,1911,43998
14390,1911,18714
14391,1911,433
14392,1911,17148
14393,1911,45688
14394,1911,22396
14395,1911,28552
14396,1911,53819
14397,1911,2345
14398,1911,68928
14399,1911,73141
14400,1911,48909
14401,1911,33780
14402,1911,45811
14403,1911,29276
14404,1911,2287
14405,1911,5825
14406,1911,69563
14407,1911,69328
14408,1911,11217
14409,1911,64372
14410,1911,36887
14411,1911,56387
14412,1911,37257
14413,1911,51432
14414,1911,22736
14415,1911,14187
14416,1911,44923
14417,1911,13420
14418,1911,5896
14419,1911,46712
14420,1911,4746
14421,1911,42989
14422,1911,20555
14423,1911,42789
14424,1911,70918
14425,1911,23556
14426,1911,6283
14427,1911,48976
14428,1911,63451
14429,1911,5996
14430,1911,20789
14431,1911,21067
14432,1911,1602
14433,1911,12986
14434,1911,31524
14435,1911,19052
14436,1911,26036
14437,1911,27881
14438,1911,70797
14439,1911,26684
14440,1911,4993
14441,1911,61223
14442,1911,26783
14443,1911,73803
14444,1911,5895
14445,1911,60121
14446,1911,3015
14447,1911,20871
14448,1911,2545
14449,1911,11372
14450,1911,3280
14451,1911,40316
14452,1911,23946
14453,1911,9372
14454,1911,20294
14455,1911,37420
14456,1911,23552
14457,1911,18680
14458,1911,56082
14459,1911,26960
14460,1911,13890
14461,1911,8557
14462,1911,71116
14463,1911,53769
14464,1911,59817
14465,1911,3688
14466,1911,31206
14467,1911,20979
14468,1911,72255
14469,1911,65327
14470,1911,10476
14471,1911,35475
14472,1911,33499
14473,1911,18309
14474,1911,51797
14475,1911,67351
14476,1911,41722
14477,1911,74556
14478,1911,27102
14479,1911,32540
14480,1911,46933
14481,1911,18336
14482,1911,18434
14483,1911,60277
14484,1911,46620
14485,1911,66490
14486,1911,42351
14487,1911,21323
14488,1911,23549
14489,1911,40187
14490,1855,20900
14491,1855,59049
14492,1855,6674
14493,1855,45341
14494,1855,1200
14495,1855,6112
14496,1855,63210
14497,1855,41828
14498,1855,15422
14499,1855,60791
14500,1855,63969
14501,1855,14382
14502,1855,1860
14503,1855,26768
14504,1855,23193
14505,1855,58328
14506,1855,19080
14507,1855,47693
14508,1855,15470
14509,1855,10638
14510,1855,12286
14511,1855,2601
14512,1855,35725
14513,1855,202
14514,1855,37115
14515,1855,14552
14516,1855,53311
14517,1855,44433
14518,1855,51829
14519,1855,69851
14520,1855,32232
14521,1855,2036
14522,1855,70134
14523,1855,30119
14524,1855,45426
14525,1855,29513
14526,1855,54527
14527,1855,53128
14528,1855,5903
14529,1855,996
14530,1855,70131
14531,1855,1062
14532,1855,7467
14533,1855,5946
14534,1855,68031
14535,1855,63761
14536,1855,50734
14537,1855,4364
14538,1855,69177
14539,1855,71643
14540,1855,59070
14541,1855,1322
14542,1855,31298
14543,1855,30664
14544,1855,963
14545,1855,19
14546,1855,27742
14547,1855,5922
14548,1855,35526
14549,1855,63710
14550,1855,39790
14551,1855,59766
14552,1855,23
14553,1855,9889
14554,1855,60403
14555,1855,4276
14556,1855,62632
14557,1855,70476
14558,1855,2520
14559,1855,34350
14560,1855,52645
14561,1855,619
14562,1855,56928
14563,1855,2732
14564,1855,11329
14565,1855,10924
14566,1855,40840
14567,1855,64731
14568,1855,46256
14569,1855,19597
14570,1855,57862
14571,1855,49672
14572,1855,57720
14573,1855,46342
14574,1855,58846
14575,1855,13878
14576,1855,17630
14577,1855,24753
14578,1855,25653
14579,1855,23373
14580,1855,11381
14581,1855,11664
14582,1855,10328
14583,1855,5921
14584,1787,67466
14585,1787,18
14586,1787,5010
14587,1787,48479
14588,1787,36621
14589,1787,1404
14590,1787,5014
14591,1787,47387
14592,1787,38230
14593,1787,61169
14594,1787,5013
14595,1787,69156
14596,1787,17198
14597,1760,8161
14598,1760,60058
14599,1760,17667
14600,1760,69846
14601,1760,16724
14602,1760,31036
14603,1969,11367
14604,1969,54613
14605,1969,71171
14606,1969,20932
14607,1969,30497
14608,1969,60234
14609,1969,52167
14610,1928,69768
14611,1928,48377
14612,1928,50176
14613,1928,27824
14614,1928,58569
14615,1928,72972
14616,1928,30450
14617,1928,72869
14618,1928,73170
14619,1928,72597
14620,1928,72926
14621,1928,50133
14622,1928,72890
14623,1928,72719
14624,1928,63544
14625,1928,72171
14626,1928,52398
14627,1928,48360
14628,1928,73042
14629,1928,30639
14630,1928,56179
14631,1928,8508
14632,1928,46064
14633,1928,73126
14634,1928,72938
14635,1928,58394
14636,1928,68283
14637,1928,68075
14638,1928,58581
14639,1928,27755
14640,1928,65440
14641,1928,40277
14642,1928,29763
14643,1928,72782
14644,1928,34448
14645,1754,58249
14646,1754,1147
14647,1754,1146
14648,1754,5256
14649,1799,8564
14650,1799,29372
14651,1799,6780
14652,1799,53707
14653,1799,8223
14654,1799,68068
14655,1799,70729
14656,1799,6800
14657,1799,6776
14658,1799,65670
14659,1799,6770
14660,1799,6775
14661,1799,9612
14662,1799,5266
14663,1799,6777
14664,1799,5305
14665,1799,6771
14666,1799,27663
14667,1799,5182
14668,1909,14430
14669,1909,27647
14670,1909,73565
14671,1909,15005
14672,1909,10943
14673,1909,34660
14674,1909,20309
14675,1909,13541
14676,1909,14284
14677,1909,39385
14678,1909,32417
14679,1909,68275
14680,1909,40526
14681,1909,6933
14682,1909,21659
14683,1909,24939
14684,1909,63020
14685,1909,58424
14686,1909,37813
14687,1909,52594
14688,1909,14255
14689,1909,5949
14690,1909,6630
14691,1909,60379
14692,1909,52017
14693,1909,22885
14694,1909,19764
14695,1909,259
14696,1909,49677
14697,1909,2163
14698,1909,3095
14699,1909,71205
14700,1909,29427
14701,1909,40262
14702,1909,29958
14703,1909,19745
14704,1909,56439
14705,1909,35607
14706,1909,23695
14707,1909,72316
14708,1909,69542
14709,1909,62355
14710,1909,15300
14711,1909,74152
14712,1909,23493
14713,1909,2719
14714,1909,2128
14715,1909,7137
14716,1909,8686
14717,1909,33091
14718,1909,47454
14719,1909,6191
14720,1909,22547
14721,1909,7806
14722,1909,32334
14723,1909,40889
14724,1909,36287
14725,1909,59975
14726,1909,18647
14727,1909,73933
14728,1909,1647
14729,1909,9933
14730,1909,20201
14731,1909,71675
14732,1909,28117
14733,1909,8887
14734,1909,58413
14735,1909,37754
14736,1909,37671
14737,1909,6188
14738,1909,33129
14739,1909,9932
14740,1909,6017
14741,1909,71995
14742,1909,2909
14743,1909,36931
14744,1909,15935
14745,1909,30064
14746,1909,24535
14747,1909,13905
14748,1909,57306
14749,1909,10087
14750,1909,38289
14751,1909,12474
14752,1909,73015
14753,1909,23332
14754,1909,50820
14755,1909,61096
14756,1909,8664
14757,1909,37287
14758,1909,16340
14759,1909,27232
14760,1909,23702
14761,1909,39100
14762,1909,21885
14763,1909,27504
14764,1909,5401
14765,1909,50385
14766,1909,33910
14767,1909,42768
14768,1909,41654
14769,1909,11728
14770,1909,15169
14771,1909,63223
14772,1909,35640
14773,1909,412
14774,1909,40200
14775,1909,23481
14776,1909,69112
14777,1909,6305
14778,1909,8053
14779,1909,57176
14780,1909,61795
14781,1909,13882
14782,1909,8311
14783,1909,2437
14784,1909,45498
14785,1909,15168
14786,1909,62639
14787,1909,51991
14788,1909,26485
14789,1909,45446
14790,1909,36343
14791,1909,220
14792,1909,2292
14793,1909,22270
14794,1909,40190
14795,1909,42118
14796,1909,15257
14797,1909,2607
14798,1909,2911
14799,1909,37832
14800,1909,55807
14801,1909,2299
14802,1909,9079
14803,1909,67872
14804,1909,1583
14805,1909,2285
14806,1909,69435
14807,1909,2569
14808,1909,16594
14809,1909,26126
14810,1909,5960
14811,1909,4730
14812,1909,30486
14813,1909,67973
14814,1909,8172
14815,1909,8092
14816,1909,1973
14817,1909,46080
14818,1909,16508
14819,1909,71674
14820,1909,15408
14821,1909,59623
14822,1909,54704
14823,1909,1909
14824,1909,20743
14825,1909,37141
14826,1909,45270
14827,1909,49916
14828,1909,41653
14829,1909,31048
14830,1909,4967
14831,1909,21353
14832,1909,34576
14833,1909,71088
14834,1909,50601
14835,1909,38933
14836,1909,15636
14837,1909,31635
14838,1909,18344
14839,1909,61558
14840,1909,11373
14841,1909,30125
14842,1909,1646
14843,1909,37675
14844,1909,7187
14845,1909,42255
14846,1909,14220
14847,1909,3466
14848,1909,10966
14849,1909,63077
14850,1909,12175
14851,1909,18185
14852,1909,4269
14853,1909,4929
14854,1909,35427
14855,1909,45100
14856,1909,31105
14857,1909,22237
14858,1909,52976
14859,1909,24652
14860,1909,40465
14861,1909,125
14862,1909,62072
14863,1909,14422
14864,1909,15747
14865,1909,49222
14866,1909,14598
14867,1909,41838
14868,1909,16956
14869,1909,48195
14870,1909,49505
14871,1909,14896
14872,1909,26383
14873,1909,15229
14874,1909,40764
14875,1909,54635
14876,1909,17358
14877,1909,15812
14878,1909,15006
14879,1909,44179
14880,1909,43898
14881,1909,29508
14882,1909,9314
14883,1909,5725
14884,1909,62129
14885,1909,2907
14886,1909,69135
14887,1909,24672
14888,1909,45026
14889,1909,30375
14890,1909,32231
14891,1909,42357
14892,1909,17937
14893,1909,59584
14894,1909,18249
14895,1909,50427
14896,1909,60537
14897,1909,26697
14898,1909,52257
14899,1909,56777
14900,1909,55303
14901,1909,17530
14902,1909,6190
14903,1909,40744
14904,1909,40726
14905,1909,32203
14906,1909,4500
14907,1909,10624
14908,1909,69222
14909,1909,6187
14910,1909,7497
14911,1909,31161
14912,1909,11668
14913,1909,48699
14914,1909,23697
14915,1909,44033
14916,1909,2906
14917,1909,58436
14918,1909,71985
14919,1909,24308
14920,1909,21835
14921,1909,14249
14922,1909,30299
14923,1909,13560
14924,1909,20176
14925,1909,47870
14926,1909,58355
14927,1909,59132
14928,1909,9179
14929,1909,23698
14930,1909,58400
14931,1909,47709
14932,1909,1869
14933,1909,20766
14934,1909,46056
14935,1909,9927
14936,1909,50206
14937,1909,18847
14938,1909,25592
14939,1909,12858
14940,1909,32125
14941,1909,58889
14942,1909,6189
14943,1909,9295
14944,1909,74354
14945,1909,47
14946,1909,17698
14947,1909,11661
14948,1909,10089
14949,1909,36252
14950,1909,30315
14951,1909,13110
14952,1909,1930
14953,1909,20299
14954,1909,943
14955,1909,14275
14956,1909,53394
14957,1909,68552
14958,1909,33306
14959,1909,31941
14960,1909,32169
14961,1909,5056
14962,1909,73531
14963,1909,71252
14964,1909,69065
14965,1909,45125
14966,1909,45483
14967,1909,33298
14968,1909,33994
14969,1909,56450
14970,1909,20853
14971,1909,66737
14972,1909,3813
14973,1909,43975
14974,1909,22464
14975,1909,60859
14976,1909,17226
14977,1909,32084
14978,1909,44200
14979,1909,39511
14980,1909,71283
14981,1909,1442
14982,1909,37515
14983,1909,41953
14984,1909,24179
14985,1909,43769
14986,1909,30974
14987,1909,6354
14988,1909,23677
14989,1909,11984
14990,1909,19535
14991,1909,25483
14992,1909,49177
14993,1909,33288
14994,1909,25099
14995,1909,14003
14996,1909,32701
14997,1909,20383
14998,1909,47023
14999,1909,34613
15000,1909,47714
15001,1909,56675
15002,1909,22135
15003,1909,21810
15004,1909,43579
15005,1909,5187
15006,1909,22430
15007,1909,59920
15008,1909,70703
15009,1909,28851
15010,1909,10629
15011,1909,43071
15012,1909,37734
15013,1909,18571
15014,1909,49804
15015,1909,35146
15016,1909,58185
15017,1909,15055
15018,1909,11260
15019,1909,62434
15020,1909,14355
15021,1909,4405
15022,1909,39642
15023,1909,19498
15024,1909,5170
15025,1909,26624
15026,1909,38927
15027,1909,6109
15028,1909,41972
15029,1909,39078
15030,1909,12145
15031,1909,28449
15032,1909,65656
15033,1909,64425
15034,1909,9806
15035,1909,9934
15036,1909,45158
15037,1909,17090
15038,1909,485
15039,1909,34044
15040,1909,43502
15041,1909,20069
15042,1909,42913
15043,1909,55897
15044,1909,40356
15045,1909,47757
15046,1909,10321
15047,1909,17952
15048,1909,26905
15049,1909,57490
15050,1909,46892
15051,1909,42706
15052,1909,36912
15053,1909,523
15054,1909,41809
15055,1909,34400
15056,1909,4339
15057,1909,10390
15058,1909,13899
15059,1909,46986
15060,1909,73189
15061,1909,44073
15062,1909,23299
15063,1909,63996
15064,1909,23045
15065,1909,28266
15066,1909,61076
15067,1909,9173
15068,1909,14395
15069,1909,23466
15070,1909,48329
15071,1909,11900
15072,1909,67984
15073,1909,2068
15074,1909,56841
15075,1909,9608
15076,1909,4764
15077,1909,5406
15078,1909,23792
15079,1909,35051
15080,1909,38847
15081,1909,21061
15082,1909,70394
15083,1909,45782
15084,1909,51982
15085,1909,26719
15086,1909,36247
15087,1909,53989
15088,1909,23612
15089,1909,68350
15090,1909,45159
15091,1909,40503
15092,1909,26551
15093,1909,51553
15094,1909,54995
15095,1909,12316
15096,1909,56552
15097,1909,65296
15098,1909,53835
15099,1909,24354
15100,1909,67478
15101,1909,25070
15102,1909,51972
15103,1909,12905
15104,1909,28099
15105,1909,57407
15106,1909,69399
15107,1909,1509
15108,1909,23694
15109,1909,66455
15110,1909,21496
15111,1909,45640
15112,1909,2908
15113,1909,42812
15114,1909,41440
15115,1909,791
15116,1909,64340
15117,1909,54872
15118,1909,35507
15119,1909,42113
15120,1909,30314
15121,1909,31101
15122,1909,38968
15123,1909,61165
15124,1909,5055
15125,1909,25899
15126,1909,18684
15127,1909,23696
15128,1909,33453
15129,1909,22249
15130,1909,375
15131,1909,2431
15132,1909,52830
15133,1909,31200
15134,1909,4075
15135,1909,38434
15136,1909,35608
15137,1909,48911
15138,1909,31770
15139,1909,524
15140,1909,68961
15141,1909,66697
15142,1909,44063
15143,1909,54869
15144,1909,26060
15145,1909,50312
15146,1909,29953
15147,1909,18975
15148,1909,51570
15149,1909,66899
15150,1909,2743
15151,1909,41861
15152,1909,69881
15153,1909,50180
15154,1909,2602
15155,1909,32946
15156,1909,47750
15157,1909,54699
15158,1909,5117
15159,1909,39433
15160,1909,50002
15161,1909,1295
15162,1909,65720
15163,1909,48772
15164,1909,24665
15165,1909,7925
15166,1909,10609
15167,1909,70288
15168,1909,32967
15169,1909,65763
15170,1909,37712
15171,1909,70906
15172,1909,15788
15173,1909,25172
15174,1909,57795
15175,1909,21064
15176,1909,24088
15177,1909,32374
15178,1909,5059
15179,1909,8043
15180,1909,13334
15181,1909,1434
15182,1909,19736
15183,1909,62411
15184,1909,71768
15185,1909,26539
15186,1909,13442
15187,1909,10659
15188,1909,39334
15189,1909,67494
15190,1909,34497
15191,1909,12192
15192,1909,60967
15193,1909,39810
15194,1909,20110
15195,1909,48937
15196,1909,68419
15197,1909,75284
15198,1909,4766
15199,1909,1671
15200,1909,27939
15201,1909,14466
15202,1909,27180
15203,1909,14877
15204,1909,15723
15205,1909,21948
15206,1909,12641
15207,1909,64212
15208,1909,29319
15209,1909,22463
15210,1909,26021
15211,1909,68129
15212,1909,5302
15213,1909,22064
15214,1909,69365
15215,1909,58202
15216,1909,47434
15217,1909,4549
15218,1909,54033
15219,1909,49694
15220,1909,37455
15221,1909,28960
15222,1909,63126
15223,1909,20133
15224,1909,54676
15225,1909,30568
15226,1909,21091
15227,1909,22186
15228,1909,6925
15229,1909,27066
15230,1909,17444
15231,1909,18397
15232,1909,3705
15233,1909,8931
15234,1909,9303
15235,1909,20804
15236,1838,7619
15237,1838,47529
15238,1838,1400
15239,1838,26597
15240,1838,12422
15241,1838,9760
15242,1838,8957
15243,1838,7646
15244,1838,41222
15245,1838,47531
15246,1838,17594
15247,1838,9756
15248,1838,7642
15249,1838,7622
15250,1838,9758
15251,1838,25274
15252,1838,9757
15253,1838,21549
15254,1838,7648
15255,1838,9769
15256,1838,6085
15257,1838,7618
15258,1838,9767
15259,1838,918
15260,1838,9768
15261,1838,9763
15262,1838,7645
15263,1838,30478
15264,1838,30158
15265,1838,42917
15266,1838,5817
15267,1838,55314
15268,1838,43881
15269,1838,9765
15270,1838,40472
15271,1838,8938
15272,1838,9772
15273,1838,47530
15274,1838,9759
15275,1838,9773
15276,1838,9771
15277,1838,912
15278,1838,7623
15279,1838,34915
15280,1838,7644
15281,1838,9624
15282,1838,9770
15283,1838,49006
15284,1838,53852
15285,1838,7641
15286,1838,48436
15287,1838,7643
15288,1838,7640
15289,1838,7647
15290,1838,7649
15291,1838,9766
15292,1838,38189
15293,1838,7617
15294,1838,9196
15295,1838,60485
15296,1838,9774
15297,1838,9761
15298,1838,74050
15299,1838,6786
15300,1838,7615
15301,1838,67032
15302,1838,9764
15303,1838,42089
15304,1841,66301
15305,1841,25212
15306,1841,2824
15307,1841,11126
15308,1841,2645
15309,1841,35892
15310,1841,24518
15311,1841,46332
15312,1841,40654
15313,1841,39093
15314,1841,36632
15315,1841,1289
15316,1841,63216
15317,1841,60506
15318,1841,10677
15319,1841,36576
15320,1841,884
15321,1841,56167
15322,1841,15581
15323,1841,67601
15324,1841,21552
15325,1841,52125
15326,1841,44806
15327,1841,43358
15328,1841,62756
15329,1841,701
15330,1841,636
15331,1841,18087
15332,1841,6059
15333,1841,713
15334,1841,2825
15335,1841,11454
15336,1841,66946
15337,1841,60104
15338,1841,700
15339,1841,21574
15340,1841,11391
15341,1841,36633
15342,1841,35761
15343,1841,54713
15344,1841,23277
15345,1841,46331
15346,1841,23275
15347,1841,64526
15348,1841,66406
15349,1841,25992
15350,1841,23264
15351,1841,3285
15352,1841,22410
15353,1841,65110
15354,1841,45631
15355,1841,23265
15356,1841,48076
15357,1841,24120
15358,1810,42389
15359,1810,38262
15360,1810,25698
15361,1810,36345
15362,1810,36126
15363,1810,16245
15364,1810,51748
15365,1810,28768
15366,1810,3011
15367,1810,45888
15368,1810,56076
15369,1810,5210
15370,1810,26628
15371,1810,28287
15372,1810,49529
15373,1884,8050
15374,1884,3458
15375,1884,6906
15376,1884,5747
15377,1884,17101
15378,1884,71598
15379,1884,14080
15380,1884,8671
15381,1884,28004
15382,1884,34886
15383,1884,6596
15384,1884,24689
15385,1884,20064
15386,1884,6412
15387,1884,67363
15388,1884,3603
15389,1884,40181
15390,1884,6903
15391,1884,59993
15392,1884,12035
15393,1884,7578
15394,1884,33014
15395,1884,30499
15396,1884,30449
15397,1884,16129
15398,1884,25727
15399,1884,40072
15400,1884,725
15401,1884,59645
15402,1884,49155
15403,1884,69862
15404,1884,28268
15405,1884,21733
15406,1884,29096
15407,1884,4792
15408,1884,52935
15409,1884,15179
15410,1884,50678
15411,1884,28385
15412,1884,201
15413,1884,6907
15414,1884,18729
15415,1884,35528
15416,1884,57121
15417,1884,53011
15418,1884,12346
15419,1884,46859
15420,1884,3145
15421,1884,29439
15422,1884,48770
15423,1884,36965
15424,1884,21709
15425,1884,39308
15426,1884,12876
15427,1884,154
15428,1884,30617
15429,1884,3233
15430,1884,7572
15431,1884,68383
15432,1884,21704
15433,1884,38629
15434,1884,26828
15435,1884,13888
15436,1884,16376
15437,1884,6986
15438,1884,6060
15439,1884,21222
15440,1884,21713
15441,1884,21734
15442,1884,17239
15443,1884,18960
15444,1884,6492
15445,1884,52357
15446,1884,46227
15447,1884,69809
15448,1884,3236
15449,1884,14224
15450,1884,14409
15451,1884,37351
15452,1884,8077
15453,1884,45173
15454,1884,6909
15455,1884,35946
15456,1884,7573
15457,1884,42709
15458,1884,40477
15459,1884,97
15460,1884,21729
15461,1884,16926
15462,1884,55532
15463,1884,3205
15464,1884,14379
15465,1884,44557
15466,1884,41618
15467,1884,72318
15468,1884,23180
15469,1884,3746
15470,1884,21770
15471,1884,52545
15472,1884,49289
15473,1884,6815
15474,1884,2802
15475,1884,4657
15476,1884,6411
15477,1884,37244
15478,1884,37794
15479,1884,24909
15480,1884,7374
15481,1884,44247
15482,1884,39375
15483,1884,16810
15484,1884,28077
15485,1884,31591
15486,1884,56531
15487,1884,5874
15488,1884,72010
15489,1884,42138
15490,1884,49031
15491,1884,47980
15492,1884,21697
15493,1884,21699
15494,1884,17522
15495,1884,21755
15496,1884,18424
15497,1884,29165
15498,1884,6803
15499,1884,11151
15500,1884,3235
15501,1884,10892
15502,1884,37185
15503,1884,37788
15504,1884,21702
15505,1884,61883
15506,1884,17781
15507,1884,19994
15508,1884,21933
15509,1884,52292
15510,1884,8139
15511,1884,52465
15512,1884,56608
15513,1884,33676
15514,1884,50958
15515,1884,64836
15516,1884,7122
15517,1884,42283
15518,1884,68805
15519,1884,68592
15520,1884,65382
15521,1884,20204
15522,1884,20742
15523,1884,27507
15524,1884,45116
15525,1884,46467
15526,1884,58711
15527,1884,21751
15528,1884,1393
15529,1884,59560
15530,1884,38075
15531,1884,37235
15532,1884,44683
15533,1884,32844
15534,1884,34490
15535,1884,43132
15536,1884,34482
15537,1884,62403
15538,1884,414
15539,1884,50433
15540,1884,6164
15541,1884,40967
15542,1884,67164
15543,1884,19648
15544,1884,54145
15545,1884,13989
15546,1884,33260
15547,1884,36221
15548,1884,16790
15549,1884,8055
15550,1884,57876
15551,1884,34843
15552,1884,4529
15553,1884,9959
15554,1884,2007
15555,1884,27363
15556,1884,17194
15557,1884,64490
15558,1884,23887
15559,1884,10461
15560,1884,55519
15561,1884,53087
15562,1884,14596
15563,1884,43359
15564,1884,43077
15565,1884,36474
15566,1884,69627
15567,1884,55190
15568,1884,24376
15569,1884,50699
15570,1884,20938
15571,1884,7212
15572,1971,32350
15573,1971,57291
15574,1971,55363
15575,1971,60574
15576,1971,31665
15577,1971,60412
15578,1971,64981
15579,1971,43041
15580,1971,67571
15581,1971,73570
15582,1971,68002
15583,1971,37602
15584,1924,10324
15585,1924,13789
15586,1924,69394
15587,1924,60528
15588,1924,68420
15589,1924,72140
15590,1924,65591
15591,1924,65555
15592,1924,72948
15593,1924,2785
15594,1924,51850
15595,1924,70284
15596,1924,60265
15597,1924,68145
15598,1924,66398
15599,1924,52453
15600,1924,66951
15601,1924,72717
15602,1924,61265
15603,1924,31469
15604,1924,45497
15605,1924,56950
15606,1924,67630
15607,1924,15571
15608,1924,69586
15609,1924,65557
15610,1924,61168
15611,1924,68676
15612,1924,69976
15613,1924,60576
15614,1924,65653
15615,1924,68692
15616,1924,33634
15617,1924,64562
15618,1924,66145
15619,1924,65386
15620,1924,60540
15621,1924,67988
15622,1924,19104
15623,1924,30588
15624,1924,7299
15625,1924,68292
15626,1924,13123
15627,1924,72870
15628,1924,23154
15629,1924,67978
15630,1924,56903
15631,1924,73369
15632,1924,65312
15633,1924,68248
15634,1924,61681
15635,1924,16532
15636,1924,66974
15637,1924,69338
15638,1924,75013
15639,1924,67680
15640,1924,62802
15641,1924,14579
15642,1924,61406
15643,1924,56016
15644,1924,61290
15645,1924,65383
15646,1924,67046
15647,1924,53885
15648,1924,71594
15649,1924,69432
15650,1924,61837
15651,1924,46545
15652,1924,20832
15653,1924,5770
15654,1924,5806
15655,1924,72967
15656,1924,1055
15657,1924,66454
15658,1924,75303
15659,1924,61507
15660,1924,68092
15661,1924,67311
15662,1924,61987
15663,1924,63022
15664,1924,2783
15665,1924,69075
15666,1924,44716
15667,1924,64248
15668,1924,61107
15669,1924,45117
15670,1924,71913
15671,1924,69928
15672,1924,63000
15673,1924,72367
15674,1924,32906
15675,1924,18268
15676,1924,65976
15677,1924,69975
15678,1924,64989
15679,1924,42771
15680,1924,61620
15681,1924,61888
15682,1924,2920
15683,1924,61669
15684,1924,12527
15685,1924,65433
15686,1924,67514
15687,1924,64192
15688,1924,64629
15689,1924,63547
15690,1924,68254
15691,1924,72258
15692,1924,61077
15693,1924,69956
15694,1924,8390
15695,1924,69589
15696,1924,10623
15697,1924,72945
15698,1924,6699
15699,1924,19564
15700,1924,61911
15701,1924,67378
15702,1924,67038
15703,1924,29949
15704,1924,59196
15705,1924,69551
15706,1924,65777
15707,1924,70777
15708,1924,3302
15709,1924,69587
15710,1924,62904
15711,1924,61262
15712,1924,68629
15713,1924,61114
15714,1924,70528
15715,1924,27193
15716,1924,8241
15717,1924,66300
15718,1924,62740
15719,1924,60795
15720,1924,22900
15721,1924,63044
15722,1924,42796
15723,1924,23185
15724,1924,68876
15725,1924,2392
15726,1924,63877
15727,1924,8014
15728,1924,65313
15729,1924,65048
15730,1924,67121
15731,1924,67079
15732,1924,2919
15733,1924,74346
15734,1924,63628
15735,1924,62328
15736,1924,20652
15737,1924,61298
15738,1924,63059
15739,1924,64282
15740,1924,72462
15741,1924,64917
15742,1924,10725
15743,1924,61321
15744,1924,67894
15745,1924,73503
15746,1924,67483
15747,1924,70017
15748,1924,61428
15749,1924,1476
15750,1924,62758
15751,1924,70783
15752,1924,10601
15753,1924,61221
15754,1924,61118
15755,1924,36230
15756,1924,23506
15757,1924,69137
15758,1924,18779
15759,1924,1457
15760,1924,63788
15761,1924,61094
15762,1924,25359
15763,1924,61671
15764,1924,13179
15765,1924,69196
15766,1924,72578
15767,1924,63625
15768,1924,65201
15769,1924,73250
15770,1924,71050
15771,1924,69588
15772,1924,10969
15773,1924,69877
15774,1924,45037
15775,1924,26935
15776,1924,59432
15777,1924,61297
15778,1924,72392
15779,1924,72612
15780,1924,38160
15781,1924,57348
15782,1924,67269
15783,1924,71094
15784,1924,72746
15785,1924,49436
15786,1924,66225
15787,1924,66971
15788,1924,49214
15789,1932,50603
15790,1932,55169
15791,1932,72003
15792,1932,29705
15793,1932,40033
15794,1932,49527
15795,1932,64907
15796,1932,46155
15797,1932,11980
15798,1932,68570
15799,1932,66244
15800,1932,72854
15801,1932,53268
15802,1932,65818
15803,1932,46643
15804,1932,72861
15805,1827,35334
15806,1827,51060
15807,1827,4272
15808,1827,21210
15809,1827,56426
15810,1827,60957
15811,1827,67107
15812,1827,49332
15813,1827,10831
15814,1827,69283
15815,1827,12528
15816,1827,53557
15817,1827,24583
15818,1827,60112
15819,1827,5656
15820,1827,18329
15821,1827,10005
15822,1827,2149
15823,1827,13824
15824,1827,16418
15825,1827,31868
15826,1827,22550
15827,1827,11933
15828,1827,1668
15829,1827,25828
15830,1827,9549
15831,1907,38989
15832,1907,26420
15833,1907,64373
15834,1907,67832
15835,1907,28011
15836,1907,5731
15837,1907,10740
15838,1907,1613
15839,1907,35834
15840,1907,11614
15841,1907,31451
15842,1907,5837
15843,1907,6927
15844,1907,11279
15845,1907,36410
15846,1907,53882
15847,1907,39786
15848,1907,32988
15849,1907,59139
15850,1907,65276
15851,1907,40398
15852,1907,4612
15853,1907,69649
15854,1907,71557
15855,1907,67841
15856,1907,5051
15857,1907,27260
15858,1907,71774
15859,1907,43080
15860,1907,12317
15861,1907,6265
15862,1907,71709
15863,1907,26193
15864,1907,69346
15865,1907,42822
15866,1907,68136
15867,1907,9857
15868,1907,52180
15869,1907,50357
15870,1907,52715
15871,1907,53520
15872,1907,27635
15873,1907,13913
15874,1907,17598
15875,1907,54552
15876,1907,37985
15877,1907,33975
15878,1907,69138
15879,1907,14362
15880,1907,26698
15881,1907,24877
15882,1907,29658
15883,1907,67533
15884,1907,27987
15885,1907,64900
15886,1907,61557
15887,1907,6092
15888,1907,42431
15889,1907,30352
15890,1907,57314
15891,1907,69068
15892,1907,43938
15893,1907,35247
15894,1907,30022
15895,1907,43320
15896,1907,51701
15897,1907,14837
15898,1907,4713
15899,1907,434
15900,1907,68052
15901,1907,41244
15902,1907,66510
15903,1907,11128
15904,1907,50152
15905,1907,56960
15906,1907,8447
15907,1907,71353
15908,1907,16488
15909,1907,6267
15910,1907,40424
15911,1907,69920
15912,1907,18480
15913,1907,57536
15914,1907,24342
15915,1907,44148
15916,1907,4735
15917,1907,6465
15918,1907,21634
15919,1907,69570
15920,1907,36962
15921,1907,20769
15922,1907,16746
15923,1907,62676
15924,1907,57244
15925,1907,18060
15926,1907,14526
15927,1907,53240
15928,1907,45311
15929,1907,16715
15930,1907,59741
15931,1907,73748
15932,1907,28504
15933,1907,27587
15934,1907,6896
15935,1907,11683
15936,1907,25546
15937,1907,2326
15938,1907,12345
15939,1907,11451
15940,1907,21494
15941,1907,57169
15942,1907,45305
15943,1907,5661
15944,1907,27424
15945,1907,42462
15946,1907,57063
15947,1907,39526
15948,1907,974
15949,1907,51118
15950,1907,55643
15951,1907,36876
15952,1907,23923
15953,1907,66084
15954,1907,23061
15955,1907,2504
15956,1907,48984
15957,1907,46403
15958,1907,53516
15959,1907,2274
15960,1907,34110
15961,1907,50567
15962,1907,21127
15963,1907,62949
15964,1907,60288
15965,1907,17176
15966,1907,68464
15967,1907,67751
15968,1907,54499
15969,1907,16604
15970,1907,55710
15971,1907,58340
15972,1907,25122
15973,1907,51521
15974,1907,34028
15975,1907,36951
15976,1907,71516
15977,1907,45690
15978,1907,36146
15979,1907,27485
15980,1907,71999
15981,1907,68070
15982,1907,70895
15983,1907,67732
15984,1907,18174
15985,1907,52662
15986,1907,42682
15987,1907,59152
15988,1907,54190
15989,1907,47308
15990,1907,38228
15991,1907,54575
15992,1907,43810
15993,1907,10755
15994,1907,6263
15995,1907,52447
15996,1907,49630
15997,1907,15015
15998,1907,47779
15999,1907,71297
16000,1907,39348
16001,1907,26208
16002,1907,61407
16003,1907,14297
16004,1907,486
16005,1907,8087
16006,1907,56397
16007,1907,31257
16008,1907,41824
16009,1907,29795
16010,1907,24693
16011,1907,68546
16012,1907,63568
16013,1907,10394
16014,1907,50125
16015,1907,26728
16016,1907,17416
16017,1907,2987
16018,1907,35745
16019,1907,65363
16020,1907,41216
16021,1907,33930
16022,1907,70967
16023,1907,1387
16024,1907,51914
16025,1907,855
16026,1907,39698
16027,1907,19130
16028,1907,54647
16029,1907,45528
16030,1907,36932
16031,1907,43906
16032,1907,1014
16033,1907,33109
16034,1907,44517
16035,1907,33874
16036,1907,6266
16037,1907,63731
16038,1907,32678
16039,1907,53126
16040,1907,4755
16041,1907,24012
16042,1907,13467
16043,1907,21077
16044,1907,34543
16045,1907,43526
16046,1907,43731
16047,1907,62469
16048,1907,39279
16049,1907,34522
16050,1907,21363
16051,1907,207
16052,1907,3198
16053,1907,66975
16054,1907,49492
16055,1907,69304
16056,1907,51302
16057,1907,47408
16058,1907,60235
16059,1907,339
16060,1907,19735
16061,1907,68119
16062,1907,2817
16063,1907,3427
16064,1907,16630
16065,1907,34219
16066,1907,46542
16067,1907,36421
16068,1907,72208
16069,1907,43872
16070,1907,50524
16071,1907,47878
16072,1907,72360
16073,1907,28008
16074,1907,7856
16075,1907,43574
16076,1907,1908
16077,1907,12100
16078,1907,29284
16079,1907,19477
16080,1907,14852
16081,1907,46821
16082,1907,73096
16083,1907,1375
16084,1907,18757
16085,1907,32954
16086,1907,36636
16087,1907,28067
16088,1907,10855
16089,1907,44147
16090,1907,41691
16091,1907,37484
16092,1907,50931
16093,1907,27741
16094,1907,36478
16095,1907,506
16096,1907,1164
16097,1907,10008
16098,1907,52454
16099,1907,28854
16100,1907,10124
16101,1907,48621
16102,1907,20800
16103,1907,24622
16104,1907,35145
16105,1907,33387
16106,1907,47627
16107,1907,60241
16108,1907,33702
16109,1907,15496
16110,1907,50192
16111,1907,11634
16112,1907,52854
16113,1907,6141
16114,1907,12336
16115,1907,28513
16116,1907,753
16117,1907,56095
16118,1907,63538
16119,1907,13407
16120,1907,41373
16121,1907,43140
16122,1907,15775
16123,1907,61277
16124,1907,57695
16125,1907,60456
16126,1907,1685
16127,1907,17144
16128,1907,48418
16129,1907,33087
16130,1907,18911
16131,1907,65655
16132,1907,36893
16133,1907,30318
16134,1907,4699
16135,1907,21365
16136,1907,65766
16137,1907,43792
16138,1907,13182
16139,1907,19649
16140,1907,14763
16141,1907,14238
16142,1907,17784
16143,1907,25496
16144,1907,19069
16145,1907,6262
16146,1907,957
16147,1907,72658
16148,1907,6689
16149,1907,21419
16150,1907,57372
16151,1907,54766
16152,1907,42366
16153,1907,56154
16154,1907,28713
16155,1907,56109
16156,1907,68875
16157,1907,41477
16158,1907,5271
16159,1907,5798
16160,1907,68389
16161,1907,710
16162,1907,26434
16163,1907,38680
16164,1907,6429
16165,1907,4767
16166,1907,49284
16167,1907,49822
16168,1907,8309
16169,1907,10521
16170,1907,23500
16171,1907,2025
16172,1907,10956
16173,1907,31159
16174,1907,1902
16175,1907,23219
16176,1907,51199
16177,1907,14818
16178,1907,8950
16179,1907,59928
16180,1907,50044
16181,1907,51448
16182,1907,73940
16183,1907,27771
16184,1907,865
16185,1907,37419
16186,1907,27265
16187,1907,61441
16188,1907,21888
16189,1907,20358
16190,1907,17100
16191,1907,24356
16192,1907,6264
16193,1907,60178
16194,1907,52456
16195,1907,42171
16196,1907,67742
16197,1907,5195
16198,1907,46042
16199,1907,35026
16200,1907,51971
16201,1907,13883
16202,1907,41694
16203,1907,32467
16204,1907,4734
16205,1907,5317
16206,1907,5116
16207,1907,8295
16208,1907,58434
16209,1907,31246
16210,1907,57312
16211,1907,8596
16212,1907,38251
16213,1907,67347
16214,1907,62793
16215,1907,57301
16216,1907,26346
16217,1907,9780
16218,1907,19658
16219,1907,66526
16220,1907,1907
16221,1907,48084
16222,1907,1430
16223,1907,38233
16224,1907,25662
16225,1907,8715
16226,1907,47478
16227,1907,68830
16228,1907,5848
16229,1907,19134
16230,1907,48117
16231,1907,39214
16232,1907,27198
16233,1907,14334
16234,1907,45601
16235,1907,33884
16236,1907,29568
16237,1907,41180
16238,1907,34220
16239,1907,39689
16240,1907,60418
16241,1907,32545
16242,1907,27183
16243,1907,60448
16244,1907,50231
16245,1907,14744
16246,1907,32524
16247,1907,48745
16248,1907,45930
16249,1907,48258
16250,1907,9490
16251,1907,33652
16252,1907,26658
16253,1907,35059
16254,1907,28861
16255,1907,21129
16256,1907,33482
16257,1907,20357
16258,1907,58831
16259,1907,16909
16260,1907,30012
16261,1907,38846
16262,1907,42092
16263,1907,42422
16264,1907,4509
16265,1907,38443
16266,1907,31858
16267,1907,31245
16268,1907,24153
16269,1907,55467
16270,1907,19191
16271,1907,40857
16272,1907,27951
16273,1907,21927
16274,1907,1044
16275,1907,45053
16276,1907,50106
16277,1907,51776
16278,1907,34229
16279,1907,43651
16280,1907,68181
16281,1907,64914
16282,1907,35282
16283,1907,25789
16284,1907,28326
16285,1907,30538
16286,1907,27903
16287,1907,9872
16288,1907,52920
16289,1907,30861
16290,1907,24373
16291,1907,37516
16292,1907,57336
16293,1907,49731
16294,1907,64854
16295,1907,8729
16296,1907,21869
16297,1907,53407
16298,1907,31608
16299,1907,27813
16300,1907,4518
16301,1907,24140
16302,1907,48153
16303,1907,64681
16304,1907,6261
16305,1907,12884
16306,1964,59574
16307,1964,69124
16308,1964,52839
16309,1964,55838
16310,1964,73578
16311,1964,51782
16312,1964,50566
16313,1964,73304
16314,1964,31570
16315,1964,30964
16316,1964,34949
16317,1964,66272
16318,1964,72420
16319,1964,69762
16320,1964,58561
16321,1964,33364
16322,1964,40112
16323,1964,33574
16324,1964,17350
16325,1964,34127
16326,1964,72472
16327,1964,33006
16328,1964,70701
16329,1964,68377
16330,1964,71397
16331,1897,9747
16332,1897,38446
16333,1897,36602
16334,1897,59774
16335,1897,46700
16336,1897,68688
16337,1897,72930
16338,1897,66520
16339,1897,59543
16340,1897,23270
16341,1897,34181
16342,1897,42276
16343,1897,19352
16344,1897,27749
16345,1897,45010
16346,1897,68101
16347,1897,71305
16348,1897,6926
16349,1897,36419
16350,1897,36439
16351,1897,25535
16352,1897,69300
16353,1897,66327
16354,1897,39519
16355,1897,11896
16356,1897,8644
16357,1897,39001
16358,1897,41822
16359,1897,2361
16360,1897,37049
16361,1897,49915
16362,1897,45824
16363,1897,39847
16364,1897,39851
16365,1897,22371
16366,1897,70911
16367,1897,7300
16368,1897,54452
16369,1897,34299
16370,1897,34807
16371,1897,7303
16372,1897,1544
16373,1897,29808
16374,1897,16528
16375,1897,9190
16376,1897,44765
16377,1897,68586
16378,1897,28329
16379,1897,431
16380,1897,24704
16381,1897,3237
16382,1897,23215
16383,1897,47832
16384,1897,23351
16385,1897,23985
16386,1897,3050
16387,1897,39500
16388,1897,6807
16389,1897,7118
16390,1897,37470
16391,1897,42386
16392,1897,43611
16393,1897,5795
16394,1897,8380
16395,1897,2080
16396,1897,21690
16397,1897,28458
16398,1897,68981
16399,1897,26442
16400,1897,72814
16401,1897,16134
16402,1897,18616
16403,1897,63298
16404,1897,50292
16405,1897,51788
16406,1897,67090
16407,1897,20406
16408,1897,25769
16409,1897,13840
16410,1897,8202
16411,1897,20082
16412,1897,45777
16413,1897,55609
16414,1897,35259
16415,1897,69446
16416,1897,9154
16417,1897,13946
16418,1897,62934
16419,1897,15109
16420,1897,38826
16421,1897,12476
16422,1897,44538
16423,1897,58786
16424,1897,20328
16425,1897,36214
16426,1897,8651
16427,1897,23449
16428,1897,38889
16429,1897,5987
16430,1897,54764
16431,1897,34476
16432,1897,13517
16433,1897,19881
16434,1897,27336
16435,1897,34876
16436,1897,7984
16437,1897,54741
16438,1897,42304
16439,1897,22806
16440,1897,62972
16441,1897,44590
16442,1897,37020
16443,1897,36764
16444,1897,33960
16445,1897,60792
16446,1897,23517
16447,1897,45300
16448,1897,56048
16449,1897,36659
16450,1897,37074
16451,1897,38718
16452,1897,34537
16453,1897,51923
16454,1897,43431
16455,1897,4930
16456,1897,63524
16457,1897,10043
16458,1897,43415
16459,1897,33165
16460,1897,39832
16461,1897,62738
16462,1897,52782
16463,1897,30445
16464,1897,31488
16465,1897,26514
16466,1897,28157
16467,1897,54100
16468,1897,40140
16469,1897,43255
16470,1897,16097
16471,1897,25084
16472,1897,49690
16473,1897,35313
16474,1897,42529
16475,1897,39340
16476,1897,36242
16477,1897,48824
16478,1897,15749
16479,1897,3169
16480,1897,39544
16481,1897,69253
16482,1897,33399
16483,1897,58636
16484,1897,47715
16485,1897,42153
16486,1897,14576
16487,1897,22293
16488,1897,6979
16489,1897,43062
16490,1897,54763
16491,1897,20164
16492,1897,28303
16493,1897,53579
16494,1897,21921
16495,1897,5230
16496,1897,13610
16497,1897,22883
16498,1897,41393
16499,1897,64608
16500,1897,8949
16501,1897,21417
16502,1897,29367
16503,1897,45235
16504,1897,42773
16505,1897,47004
16506,1897,20346
16507,1897,35550
16508,1897,49714
16509,1897,72434
16510,1897,31996
16511,1897,28174
16512,1897,13074
16513,1897,57936
16514,1897,5972
16515,1897,49614
16516,1897,19628
16517,1897,46848
16518,1897,52102
16519,1897,67881
16520,1897,53341
16521,1897,19593
16522,1897,32982
16523,1897,43835
16524,1897,49907
16525,1897,27112
16526,1897,10150
16527,1897,22203
16528,1897,16586
16529,1897,47970
16530,1897,46302
16531,1897,36274
16532,1897,59409
16533,1897,4962
16534,1897,7061
16535,1897,35675
16536,1897,4299
16537,1897,24610
16538,1897,37203
16539,1897,16517
16540,1897,27466
16541,1897,1431
16542,1897,56335
16543,1897,5891
16544,1897,6485
16545,1897,41158
16546,1897,8113
16547,1897,46124
16548,1897,74880
16549,1897,33040
16550,1897,46774
16551,1897,32251
16552,1897,39797
16553,1897,72678
16554,1897,13398
16555,1897,25221
16556,1897,55927
16557,1897,13900
16558,1897,17496
16559,1897,67585
16560,1897,14339
16561,1897,13460
16562,1897,24181
16563,1897,11608
16564,1897,11084
16565,1897,39549
16566,1897,21336
16567,1897,25682
16568,1897,403
16569,1897,62570
16570,1897,4024
16571,1897,19185
16572,1897,67357
16573,1897,51955
16574,1897,14253
16575,1897,44476
16576,1897,37337
16577,1897,41050
16578,1897,14745
16579,1897,3124
16580,1897,345
16581,1897,45040
16582,1897,27176
16583,1897,19715
16584,1897,28307
16585,1897,2234
16586,1897,17886
16587,1897,41003
16588,1897,62385
16589,1897,1219
16590,1897,33629
16591,1897,5812
16592,1897,5079
16593,1897,40408
16594,1897,14967
16595,1897,41806
16596,1897,9313
16597,1897,55681
16598,1897,11673
16599,1897,65511
16600,1897,26659
16601,1897,301
16602,1897,42098
16603,1897,36552
16604,1897,49324
16605,1897,335
16606,1897,60027
16607,1897,4715
16608,1897,9616
16609,1897,33922
16610,1897,681
16611,1897,28416
16612,1897,17373
16613,1897,17436
16614,1897,19226
16615,1897,68222
16616,1897,68123
16617,1897,27728
16618,1897,46581
16619,1897,639
16620,1897,27349
16621,1897,3051
16622,1897,69927
16623,1897,2012
16624,1897,41915
16625,1897,51908
16626,1897,3638
16627,1897,1632
16628,1897,1054
16629,1897,67280
16630,1897,42658
16631,1897,61583
16632,1897,65987
16633,1897,39590
16634,1897,49019
16635,1897,20365
16636,1897,46440
16637,1897,43152
16638,1897,49898
16639,1897,54994
16640,1897,10958
16641,1897,313
16642,1897,21931
16643,1897,5164
16644,1897,15526
16645,1897,55346
16646,1897,43944
16647,1897,40082
16648,1897,32280
16649,1897,32944
16650,1897,73201
16651,1897,32191
16652,1897,7021
16653,1897,28088
16654,1897,60219
16655,1897,41269
16656,1897,12621
16657,1897,49263
16658,1897,26490
16659,1897,44724
16660,1897,48515
16661,1897,31269
16662,1897,43971
16663,1897,62301
16664,1897,61983
16665,1897,35922
16666,1897,26840
16667,1897,26512
16668,1897,60110
16669,1897,47670
16670,1897,17330
16671,1897,3431
16672,1897,55270
16673,1897,23559
16674,1897,11574
16675,1897,55325
16676,1897,61320
16677,1897,35898
16678,1897,36
16679,1897,34887
16680,1897,61762
16681,1897,64761
16682,1897,38357
16683,1897,61220
16684,1897,68922
16685,1897,70636
16686,1897,5993
16687,1897,1756
16688,1897,39845
16689,1897,59829
16690,1897,34606
16691,1897,8407
16692,1897,11174
16693,1897,54926
16694,1897,21616
16695,1897,25222
16696,1897,23781
16697,1897,5705
16698,1897,48552
16699,1897,62675
16700,1897,8047
16701,1897,6062
16702,1897,73548
16703,1897,5758
16704,1897,27743
16705,1897,56574
16706,1897,41009
16707,1897,71308
16708,1897,39032
16709,1897,9965
16710,1897,21381
16711,1767,68337
16712,1767,37082
16713,1767,71011
16714,1767,68414
16715,1767,37321
16716,1767,8646
16717,1880,11521
16718,1880,69185
16719,1880,58795
16720,1880,22888
16721,1880,46530
16722,1880,5508
16723,1880,40423
16724,1880,5564
16725,1880,18703
16726,1880,19462
16727,1880,5480
16728,1880,46095
16729,1880,18833
16730,1880,5556
16731,1880,29929
16732,1880,69938
16733,1880,119
16734,1880,5519
16735,1880,5505
16736,1880,5532
16737,1880,53809
16738,1880,49170
16739,1880,5456
16740,1880,5463
16741,1880,18210
16742,1880,5565
16743,1880,28704
16744,1880,5783
16745,1880,49936
16746,1880,5561
16747,1880,58608
16748,1880,121
16749,1880,41369
16750,1880,12280
16751,1880,5582
16752,1880,39535
16753,1880,2563
16754,1880,51757
16755,1880,5572
16756,1880,21401
16757,1880,5517
16758,1880,1302
16759,1880,70380
16760,1880,5709
16761,1880,5452
16762,1880,31388
16763,1880,31128
16764,1880,5596
16765,1880,29143
16766,1880,36106
16767,1880,2010
16768,1880,21472
16769,1880,5447
16770,1880,62998
16771,1880,5788
16772,1880,5444
16773,1880,5473
16774,1880,2572
16775,1880,8576
16776,1880,8945
16777,1880,35697
16778,1880,24547
16779,1880,65393
16780,1880,20404
16781,1880,21756
16782,1880,6036
16783,1880,65633
16784,1880,58556
16785,1880,5581
16786,1880,21303
16787,1880,54924
16788,1880,5518
16789,1880,5560
16790,1880,42299
16791,1880,62531
16792,1880,5587
16793,1880,5595
16794,1880,39273
16795,1880,23380
16796,1880,67375
16797,1880,5523
16798,1880,5583
16799,1880,8581
16800,1880,5501
16801,1880,5474
16802,1880,21614
16803,1880,15809
16804,1880,56985
16805,1880,5550
16806,1880,55668
16807,1880,21486
16808,1880,5516
16809,1880,53019
16810,1880,5785
16811,1880,5453
16812,1880,38111
16813,1880,6117
16814,1880,21979
16815,1880,59171
16816,1880,5580
16817,1880,5538
16818,1880,64143
16819,1880,21233
16820,1880,9613
16821,1880,64540
16822,1880,5575
16823,1880,5786
16824,1880,36875
16825,1880,5445
16826,1880,5493
16827,1880,21473
16828,1880,5446
16829,1880,5466
16830,1880,6042
16831,1880,5578
16832,1880,5482
16833,1880,5507
16834,1880,75439
16835,1880,50551
16836,1880,29234
16837,1880,5462
16838,1880,11058
16839,1880,42352
16840,1880,38044
16841,1880,5570
16842,1880,59767
16843,1880,20031
16844,1880,20660
16845,1880,5528
16846,1880,40604
16847,1880,5506
16848,1880,51718
16849,1880,21476
16850,1880,5529
16851,1880,68963
16852,1880,42806
16853,1880,5451
16854,1880,5494
16855,1880,33314
16856,1880,29042
16857,1880,5533
16858,1880,5454
16859,1880,5479
16860,1880,74064
16861,1880,63859
16862,1880,5545
16863,1880,5476
16864,1880,53568
16865,1880,5573
16866,1880,2864
16867,1880,5510
16868,1880,6745
16869,1880,27237
16870,1880,6601
16871,1880,33813
16872,1880,35329
16873,1880,71880
16874,1880,37370
16875,1880,28097
16876,1880,5540
16877,1880,20528
16878,1880,5567
16879,1880,5553
16880,1880,23505
16881,1880,5555
16882,1880,5477
16883,1880,8049
16884,1880,5467
16885,1880,6824
16886,1880,23274
16887,1880,46166
16888,1880,21060
16889,1880,5592
16890,1880,5491
16891,1880,5546
16892,1880,58837
16893,1880,59271
16894,1880,5509
16895,1880,5499
16896,1880,43039
16897,1880,37046
16898,1880,5489
16899,1880,6113
16900,1880,6077
16901,1880,34045
16902,1880,72363
16903,1880,5460
16904,1880,5594
16905,1880,5551
16906,1880,4560
16907,1880,49442
16908,1880,5498
16909,1880,54404
16910,1880,5475
16911,1880,3028
16912,1880,5441
16913,1880,5597
16914,1880,5534
16915,1880,58494
16916,1880,5536
16917,1880,69261
16918,1880,15592
16919,1880,5784
16920,1880,38905
16921,1880,5525
16922,1880,18126
16923,1880,21706
16924,1880,29031
16925,1880,14578
16926,1880,31795
16927,1880,5492
16928,1880,5503
16929,1880,5440
16930,1880,5488
16931,1880,5495
16932,1880,21747
16933,1880,5470
16934,1880,5471
16935,1880,18377
16936,1880,178
16937,1880,5569
16938,1880,39284
16939,1880,41013
16940,1880,20651
16941,1880,5455
16942,1880,29821
16943,1880,5574
16944,1880,5571
16945,1880,719
16946,1880,55046
16947,1880,7437
16948,1880,21304
16949,1880,849
16950,1880,5537
16951,1880,5568
16952,1880,5512
16953,1880,4394
16954,1880,5559
16955,1880,13832
16956,1880,5598
16957,1880,5458
16958,1880,5520
16959,1880,5450
16960,1880,32681
16961,1880,5547
16962,1880,50874
16963,1880,5515
16964,1880,5589
16965,1880,2426
16966,1880,5577
16967,1880,11874
16968,1880,5478
16969,1880,42666
16970,1880,21451
16971,1880,24678
16972,1880,5449
16973,1880,5486
16974,1880,44588
16975,1880,45980
16976,1880,38367
16977,1880,5527
16978,1880,29001
16979,1880,7126
16980,1880,5535
16981,1880,39203
16982,1880,5588
16983,1880,12052
16984,1880,5483
16985,1880,23372
16986,1880,5487
16987,1880,5502
16988,1880,3325
16989,1880,7235
16990,1880,16121
16991,1880,6605
16992,1880,42749
16993,1880,6300
16994,1880,26526
16995,1880,5439
16996,1880,5468
16997,1880,5584
16998,1880,5522
16999,1880,16412
17000,1880,5513
17001,1880,5539
17002,1880,68926
17003,1880,50954
17004,1880,5469
17005,1880,5585
17006,1880,12628
17007,1880,5548
17008,1880,29337
17009,1880,34704
17010,1880,5443
17011,1880,68706
17012,1880,28054
17013,1880,5590
17014,1880,5530
17015,1880,17546
17016,1880,5576
17017,1880,5497
17018,1880,18343
17019,1880,2331
17020,1880,5526
17021,1880,52534
17022,1880,5442
17023,1880,9234
17024,1880,36489
17025,1880,58972
17026,1880,858
17027,1880,5542
17028,1880,5481
17029,1880,5782
17030,1880,5566
17031,1880,6952
17032,1880,19654
17033,1880,47272
17034,1880,36261
17035,1880,29726
17036,1880,30643
17037,1880,5464
17038,1880,53700
17039,1880,5586
17040,1880,5579
17041,1880,71382
17042,1880,6976
17043,1880,5591
17044,1880,28548
17045,1880,5554
17046,1880,5511
17047,1880,41409
17048,1880,5549
17049,1880,5544
17050,1880,5459
17051,1880,2145
17052,1880,30429
17053,1880,19288
17054,1880,5531
17055,1880,36336
17056,1880,1953
17057,1880,5600
17058,1880,5563
17059,1880,5524
17060,1880,73139
17061,1880,25648
17062,1880,24554
17063,1880,7052
17064,1880,2649
17065,1880,58175
17066,1880,5457
17067,1880,5504
17068,1880,51487
17069,1880,5521
17070,1880,27618
17071,1880,7099
17072,1880,5448
17073,1880,19541
17074,1880,51374
17075,1880,5558
17076,1880,70261
17077,1880,21710
17078,1880,5514
17079,1880,5787
17080,1880,5465
17081,1880,54557
17082,1880,5557
17083,1880,21308
17084,1880,5490
17085,1880,18862
17086,1880,5605
17087,1880,6058
17088,1880,35300
17089,1880,5485
17090,1880,5461
17091,1880,32337
17092,1880,20067
17093,1880,5543
17094,1880,5541
17095,1880,67101
17096,1880,17275
17097,1880,5593
17098,1880,37480
17099,1880,5562
17100,1880,9307
17101,1880,40210
17102,1880,40129
17103,1880,54273
17104,1880,5552
17105,1880,5496
17106,1880,5599
17107,1880,4179
17108,1880,5484
17109,1880,5435
17110,1880,5726
17111,1880,5472
17112,1833,7097
17113,1833,7754
17114,1833,7751
17115,1833,33917
17116,1833,23860
17117,1833,12291
17118,1833,11274
17119,1833,23284
17120,1833,18533
17121,1833,7752
17122,1833,12092
17123,1833,38724
17124,1833,7750
17125,1833,7281
17126,1833,22251
17127,1833,21790
17128,1833,44377
17129,1833,7756
17130,1833,74188
17131,1833,22796
17132,1833,7755
17133,1833,49112
17134,1833,25852
17135,1833,7753
17136,1833,29606
17137,1987,46894
17138,1987,65231
17139,1800,20749
17140,1800,2490
17141,1800,23952
17142,1800,6428
17143,1800,6799
17144,1800,6490
17145,1800,16548
17146,1800,13199
17147,1800,1932
17148,1800,15034
17149,1800,1371
17150,1800,12031
17151,1800,35534
17152,1800,6407
17153,1800,6772
17154,1800,14679
17155,1800,56712
17156,1800,52998
17157,1800,6781
17158,1800,57463
17159,1800,43566
17160,1800,9321
17161,1800,8503
17162,1800,5428
17163,1800,18298
17164,1800,8826
17165,1800,7768
17166,1800,54524
17167,1800,49990
17168,1800,13514
17169,1800,7600
17170,1800,73470
17171,1800,1828
17172,1800,38184
17173,1800,54514
17174,1800,6794
17175,1800,1051
17176,1800,10834
17177,1800,4798
17178,1800,6788
17179,1800,68894
17180,1800,36665
17181,1800,32406
17182,1800,37478
17183,1800,7002
17184,1800,12685
17185,1800,7149
17186,1800,4800
17187,1800,69816
17188,1800,51719
17189,1800,4796
17190,1800,15145
17191,1800,52521
17192,1800,72296
17193,1800,6795
17194,1800,11864
17195,1800,6784
17196,1800,70266
17197,1800,44193
17198,1800,7974
17199,1800,6661
17200,1800,7823
17201,1800,471
17202,1800,9439
17203,1800,54539
17204,1800,7993
17205,1800,13515
17206,1800,1377
17207,1800,8905
17208,1800,37381
17209,1800,1473
17210,1800,8208
17211,1800,4758
17212,1800,6798
17213,1800,12483
17214,1800,10938
17215,1800,10365
17216,1800,4697
17217,1800,16550
17218,1800,19973
17219,1800,66955
17220,1800,6782
17221,1800,8647
17222,1800,34916
17223,1800,10363
17224,1800,42948
17225,1800,6789
17226,1800,4797
17227,1800,11957
17228,1800,32846
17229,1800,6792
17230,1800,13586
17231,1800,72540
17232,1800,14222
17233,1800,15652
17234,1800,59788
17235,1800,10367
17236,1800,10219
17237,1800,19615
17238,1800,4964
17239,1800,20585
17240,1800,8209
17241,1800,10583
17242,1800,68841
17243,1800,7987
17244,1800,8571
17245,1800,4215
17246,1800,7994
17247,1800,82
17248,1800,20437
17249,1800,1424
17250,1800,10545
17251,1800,21575
17252,1800,9826
17253,1800,2275
17254,1800,8824
17255,1800,6783
17256,1800,31697
17257,1800,4695
17258,1800,22201
17259,1800,6450
17260,1800,58224
17261,1800,69534
17262,1800,16341
17263,1800,70669
17264,1800,8774
17265,1800,6796
17266,1800,5077
17267,1800,53012
17268,1800,9455
17269,1800,11409
17270,1800,6787
17271,1800,14129
17272,1800,35638
17273,1800,16367
17274,1800,4799
17275,1800,7822
17276,1800,3698
17277,1800,6773
17278,1800,6774
17279,1800,36074
17280,1800,6940
17281,1800,9921
17282,1800,12047
17283,1800,6793
17284,1800,56361
17285,1800,69282
17286,1800,6797
17287,1800,9092
17288,1800,13588
17289,1800,17071
17290,1800,6785
17291,1800,10434
17292,1800,35699
17293,1800,58019
17294,1800,1880
17295,1800,21628
17296,1800,1091
17297,1800,3120
17298,1800,7821
17299,1800,29229
17300,1800,11979
17301,1800,8054
17302,1800,9845
17303,1800,26159
17304,1800,46529
17305,1800,8912
17306,1800,32863
17307,1800,65910
17308,1800,36298
17309,1800,1850
17310,1800,5959
17311,1800,8720
17312,1800,59122
17313,1800,35155
17314,1800,4966
17315,1800,58172
17316,1800,21700
17317,1800,9095
17318,1800,20475
17319,1800,17351
17320,1800,1606
17321,1800,1667
17322,1800,6791
17323,1800,48579
17324,1800,57837
17325,1800,31551
17326,1800,4696
17327,1800,60397
17328,1800,8861
17329,1800,9414
17330,1800,2048
17331,1800,8825
17332,1800,31210
17333,1800,28074
17334,1800,8901
17335,1800,14952
17336,1800,60410
17337,1800,8531
17338,1800,18762
17339,1800,70104
17340,1800,36406
17341,1800,72121
17342,1800,10149
17343,1800,43245
17344,1800,14228
17345,1800,5950
17346,1800,5131
17347,1800,71981
17348,1800,6406
17349,1800,68768
17350,1800,69284
17351,1800,70300
17352,1800,1461
17353,1800,6778
17354,1800,13534
17355,1800,19671
17356,1800,11027
17357,1800,20777
17358,1800,11573
17359,1800,6779
17360,1800,40359
17361,1800,12054
17362,1784,56803
17363,1784,47379
17364,1784,68362
17365,1784,11488
17366,1784,1095
17367,1784,74804
17368,1784,11623
17369,1784,37000
17370,1943,63188
17371,1943,47696
17372,1943,26111
17373,1943,314
17374,1943,47022
17375,1943,69667
17376,1943,14375
17377,1943,49174
17378,1943,40038
17379,1943,32542
17380,1943,32462
17381,1943,50259
17382,1943,41718
17383,1943,61556
17384,1943,68358
17385,1943,65204
17386,1888,21719
17387,1888,4946
17388,1888,61486
17389,1888,41094
17390,1888,63332
17391,1888,54896
17392,1888,21934
17393,1888,6006
17394,1888,20232
17395,1888,41031
17396,1888,33196
17397,1888,34744
17398,1888,380
17399,1888,8737
17400,1888,50730
17401,1888,6917
17402,1888,13531
17403,1888,48535
17404,1888,7529
17405,1888,30744
17406,1888,27971
17407,1888,46464
17408,1888,41194
17409,1888,35480
17410,1888,5309
17411,1888,11913
17412,1888,34906
17413,1888,50418
17414,1888,45734
17415,1888,35168
17416,1888,16180
17417,1888,15320
17418,1888,56917
17419,1888,3126
17420,1888,2089
17421,1888,34799
17422,1888,7502
17423,1888,66445
17424,1888,1026
17425,1888,36723
17426,1888,54824
17427,1888,54193
17428,1888,57447
17429,1888,58806
17430,1888,988
17431,1888,8059
17432,1888,36741
17433,1888,34037
17434,1888,16497
17435,1888,36411
17436,1888,39012
17437,1888,50698
17438,1888,41231
17439,1888,35087
17440,1888,52194
17441,1888,2713
17442,1888,19205
17443,1888,36067
17444,1888,52684
17445,1888,4174
17446,1888,50298
17447,1888,14534
17448,1888,29268
17449,1888,1409
17450,1888,23114
17451,1888,56880
17452,1888,3053
17453,1888,5269
17454,1888,45756
17455,1888,10449
17456,1888,61378
17457,1888,35894
17458,1888,37300
17459,1888,1975
17460,1888,58284
17461,1888,50382
17462,1888,72319
17463,1888,18510
17464,1888,64275
17465,1888,19941
17466,1888,3056
17467,1888,211
17468,1888,15746
17469,1888,45666
17470,1888,57840
17471,1888,75545
17472,1888,36852
17473,1888,53044
17474,1888,45108
17475,1888,53225
17476,1888,68344
17477,1888,13648
17478,1888,57087
17479,1888,13650
17480,1888,39321
17481,1888,7057
17482,1888,5651
17483,1888,42964
17484,1888,32573
17485,1888,36890
17486,1888,50123
17487,1888,5338
17488,1888,1198
17489,1888,59812
17490,1888,59510
17491,1888,15256
17492,1888,59853
17493,1888,38556
17494,1888,38277
17495,1888,67592
17496,1888,13908
17497,1888,61626
17498,1888,6029
17499,1888,26847
17500,1888,69993
17501,1888,12841
17502,1888,48514
17503,1888,22800
17504,1888,14535
17505,1888,17263
17506,1888,57150
17507,1888,41634
17508,1888,18356
17509,1888,14511
17510,1888,63925
17511,1888,33099
17512,1888,35135
17513,1888,44879
17514,1888,40841
17515,1888,68738
17516,1888,7056
17517,1888,54488
17518,1888,51607
17519,1888,43099
17520,1888,40243
17521,1888,42205
17522,1888,10095
17523,1888,137
17524,1888,47282
17525,1888,464
17526,1888,56597
17527,1888,27430
17528,1888,69315
17529,1888,44685
17530,1888,44262
17531,1888,40394
17532,1888,68687
17533,1888,13436
17534,1888,462
17535,1888,53526
17536,1888,15798
17537,1888,26356
17538,1888,40957
17539,1888,2865
17540,1888,898
17541,1888,31895
17542,1888,36994
17543,1888,29756
17544,1888,8064
17545,1888,58028
17546,1888,56686
17547,1888,31019
17548,1888,70479
17549,1888,13646
17550,1888,8944
17551,1888,8081
17552,1888,13647
17553,1888,60607
17554,1888,23501
17555,1888,10051
17556,1888,56700
17557,1888,49382
17558,1888,24898
17559,1888,5227
17560,1888,46034
17561,1888,357
17562,1888,40572
17563,1888,14510
17564,1888,26725
17565,1888,41557
17566,1888,58710
17567,1888,3785
17568,1888,31924
17569,1888,22521
17570,1888,69368
17571,1888,59970
17572,1888,56896
17573,1888,6049
17574,1888,29287
17575,1888,16230
17576,1888,49366
17577,1888,17815
17578,1888,11882
17579,1888,20506
17580,1888,52169
17581,1888,51879
17582,1888,21296
17583,1888,6560
17584,1888,5156
17585,1888,21863
17586,1888,52944
17587,1888,75262
17588,1888,2712
17589,1888,10494
17590,1888,34646
17591,1888,17367
17592,1888,40395
17593,1888,28887
17594,1888,69493
17595,1888,34248
17596,1888,53838
17597,1888,1037
17598,1888,51021
17599,1888,13032
17600,1888,68063
17601,1888,38017
17602,1888,2061
17603,1888,29098
17604,1888,21306
17605,1888,16199
17606,1888,25656
17607,1888,40346
17608,1888,9162
17609,1888,33564
17610,1888,70565
17611,1888,864
17612,1768,54531
17613,1768,8106
17614,1768,54180
17615,1768,30802
17616,1768,17411
17617,1768,47111
17618,1768,67566
17619,1768,804
17620,1768,59501
17621,1872,48804
17622,1872,56090
17623,1872,8584
17624,1872,14051
17625,1872,39977
17626,1872,12024
17627,1872,21746
17628,1872,33223
17629,1872,2655
17630,1872,35599
17631,1872,33820
17632,1872,9183
17633,1872,8588
17634,1872,15920
17635,1872,14000
17636,1872,12354
17637,1872,8941
17638,1872,20312
17639,1872,59306
17640,1872,21744
17641,1872,1862
17642,1872,21730
17643,1872,292
17644,1872,64152
17645,1872,30494
17646,1872,8582
17647,1872,50866
17648,1872,7782
17649,1872,22061
17650,1872,35912
17651,1872,50032
17652,1872,35559
17653,1872,40151
17654,1872,2662
17655,1872,31230
17656,1872,4954
17657,1872,22022
17658,1872,68416
17659,1872,31256
17660,1872,71950
17661,1872,25151
17662,1872,25792
17663,1872,61178
17664,1872,49643
17665,1872,60258
17666,1872,21332
17667,1872,54046
17668,1872,29660
17669,1872,21389
17670,1872,3632
17671,1872,4019
17672,1872,56245
17673,1872,59107
17674,1872,11509
17675,1872,28957
17676,1872,47068
17677,1872,53583
17678,1872,64471
17679,1872,103
17680,1872,4538
17681,1872,52258
17682,1872,46044
17683,1872,35983
17684,1872,22060
17685,1872,15124
17686,1872,5202
17687,1872,15895
17688,1872,4974
17689,1872,10490
17690,1872,73844
17691,1872,35671
17692,1872,17582
17693,1872,48593
17694,1872,5141
17695,1872,8381
17696,1872,32289
17697,1872,40977
17698,1872,8586
17699,1872,51595
17700,1872,54620
17701,1872,21448
17702,1872,43373
17703,1872,15933
17704,1872,484
17705,1872,36152
17706,1872,14698
17707,1872,52034
17708,1872,10251
17709,1872,6627
17710,1872,13997
17711,1872,671
17712,1872,24124
17713,1872,55594
17714,1872,3134
17715,1872,21636
17716,1872,21450
17717,1872,42449
17718,1872,58835
17719,1872,43341
17720,1872,48395
17721,1872,4793
17722,1872,44123
17723,1872,29297
17724,1872,1819
17725,1872,50882
17726,1872,22574
17727,1872,37174
17728,1872,39298
17729,1872,19859
17730,1872,8994
17731,1872,2597
17732,1872,60138
17733,1872,7766
17734,1872,46507
17735,1872,46947
17736,1872,2693
17737,1872,21691
17738,1872,7165
17739,1872,60819
17740,1872,10007
17741,1872,15161
17742,1872,40525
17743,1872,39934
17744,1872,48417
17745,1872,33431
17746,1872,9963
17747,1872,26653
17748,1872,12364
17749,1872,25356
17750,1872,58762
17751,1872,13829
17752,1872,9475
17753,1872,20043
17754,1872,21206
17755,1872,6434
17756,1872,57067
17757,1872,21859
17758,1872,25071
17759,1872,38716
17760,1872,45604
17761,1872,4739
17762,1872,53874
17763,1872,46156
17764,1872,9471
17765,1872,52297
17766,1872,36040
17767,1872,65477
17768,1872,46209
17769,1872,3128
17770,1872,8585
17771,1872,45032
17772,1872,33347
17773,1872,39944
17774,1872,59216
17775,1872,11635
17776,1872,22775
17777,1872,23798
17778,1872,53562
17779,1872,21753
17780,1872,1906
17781,1872,8587
17782,1872,37172
17783,1872,8583
17784,1780,33344
17785,1780,47604
17786,1780,49637
17787,1807,1286
17788,1807,68187
17789,1807,20657
17790,1807,61923
17791,1807,573
17792,1807,40988
17793,1807,23665
17794,1807,21256
17795,1807,4644
17796,1807,5203
17797,1807,67318
17798,1807,63974
17799,1807,21823
17800,1807,15233
17801,1807,23281
17802,1807,10130
17803,1807,6018
17804,1807,5208
17805,1807,68536
17806,1807,20860
17807,1899,54270
17808,1899,70156
17809,1899,770
17810,1899,24485
17811,1899,44651
17812,1899,45622
17813,1899,5819
17814,1899,36838
17815,1899,11760
17816,1899,56015
17817,1899,41351
17818,1899,18045
17819,1899,29117
17820,1899,29485
17821,1899,6350
17822,1899,977
17823,1899,41831
17824,1899,43596
17825,1899,37921
17826,1899,68858
17827,1899,48728
17828,1899,23251
17829,1899,5102
17830,1899,64353
17831,1899,53524
17832,1899,43198
17833,1899,6120
17834,1899,38693
17835,1899,44165
17836,1899,2225
17837,1899,37688
17838,1899,8385
17839,1899,23254
17840,1899,29527
17841,1899,28648
17842,1899,16231
17843,1899,1633
17844,1899,23255
17845,1899,52599
17846,1899,12163
17847,1899,56779
17848,1899,32103
17849,1899,334
17850,1899,25884
17851,1899,55497
17852,1899,51798
17853,1899,17279
17854,1899,60560
17855,1899,59930
17856,1899,17733
17857,1899,52226
17858,1899,37304
17859,1899,41115
17860,1899,16995
17861,1899,23252
17862,1899,8045
17863,1899,43626
17864,1899,7870
17865,1899,14226
17866,1899,63249
17867,1899,57776
17868,1899,2011
17869,1899,64458
17870,1899,23250
17871,1899,68582
17872,1899,46699
17873,1899,42011
17874,1899,48404
17875,1899,26117
17876,1899,20243
17877,1899,3105
17878,1899,27784
17879,1899,42238
17880,1899,16255
17881,1899,65341
17882,1899,23248
17883,1899,24835
17884,1899,15972
17885,1899,1330
17886,1899,26045
17887,1899,17195
17888,1899,44649
17889,1899,20638
17890,1899,27534
17891,1899,64161
17892,1899,28377
17893,1899,321
17894,1899,5875
17895,1899,12377
17896,1899,64149
17897,1899,30387
17898,1899,160
17899,1899,61295
17900,1899,46729
17901,1899,71092
17902,1899,19602
17903,1899,31112
17904,1899,45733
17905,1899,43129
17906,1899,22871
17907,1899,26139
17908,1899,11277
17909,1899,13047
17910,1899,55390
17911,1899,44614
17912,1899,71631
17913,1899,29816
17914,1899,13000
17915,1899,52962
17916,1899,2137
17917,1899,30970
17918,1899,33740
17919,1899,66489
17920,1899,5120
17921,1899,23256
17922,1899,32319
17923,1899,37672
17924,1899,69227
17925,1899,5260
17926,1899,61475
17927,1899,7346
17928,1899,73910
17929,1899,42072
17930,1899,71517
17931,1899,17792
17932,1899,41515
17933,1899,14777
17934,1899,41514
17935,1899,23597
17936,1899,58051
17937,1899,31098
17938,1899,37810
17939,1899,57751
17940,1899,27908
17941,1899,63146
17942,1899,46374
17943,1899,64534
17944,1899,45024
17945,1899,70033
17946,1899,53898
17947,1899,24828
17948,1899,11041
17949,1899,17475
17950,1899,32233
17951,1899,8716
17952,1899,29581
17953,1899,5688
17954,1899,49533
17955,1899,51477
17956,1899,34306
17957,1899,11640
17958,1899,23661
17959,1899,42175
17960,1899,5777
17961,1899,8858
17962,1899,44010
17963,1899,39668
17964,1899,55887
17965,1899,6030
17966,1899,49386
17967,1899,9659
17968,1899,17735
17969,1899,688
17970,1899,5162
17971,1899,33193
17972,1899,27103
17973,1899,41777
17974,1899,18193
17975,1899,19025
17976,1899,38373
17977,1899,44624
17978,1899,5780
17979,1899,61834
17980,1899,4903
17981,1899,28262
17982,1899,21246
17983,1899,219
17984,1899,72545
17985,1899,44695
17986,1899,26507
17987,1899,16131
17988,1899,526
17989,1899,23253
17990,1899,38604
17991,1899,39695
17992,1899,42246
17993,1899,40998
17994,1899,41545
17995,1899,17556
17996,1899,54621
17997,1899,8323
17998,1899,45891
17999,1899,1194
18000,1899,12464
18001,1899,41734
18002,1899,43961
18003,1899,33000
18004,1899,22376
18005,1899,41688
18006,1899,42140
18007,1899,36606
18008,1899,21280
18009,1899,16047
18010,1899,16000
18011,1899,7997
18012,1899,14312
18013,1899,25490
18014,1899,775
18015,1899,46023
18016,1899,68630
18017,1899,37038
18018,1899,42667
18019,1899,374
18020,1899,35990
18021,1899,34706
18022,1899,10904
18023,1899,20295
18024,1899,13530
18025,1899,40832
18026,1899,33731
18027,1899,64156
18028,1899,18443
18029,1899,1213
18030,1899,3176
18031,1899,58526
18032,1899,35685
18033,1899,10554
18034,1899,33024
18035,1899,17359
18036,1899,53079
18037,1899,4541
18038,1899,18171
18039,1899,15713
18040,1899,2556
18041,1899,39532
18042,1899,17502
18043,1899,20987
18044,1899,26210
18045,1899,11102
18046,1899,21608
18047,1899,11160
18048,1899,165
18049,1899,25810
18050,1899,28190
18051,1899,14045
18052,1899,53793
18053,1899,9300
18054,1899,9370
18055,1899,15175
18056,1899,44535
18057,1899,24560
18058,1899,57352
18059,1899,65455
18060,1899,18758
18061,1899,58282
18062,1899,67485
18063,1899,22833
18064,1899,29875
18065,1899,3006
18066,1899,37613
18067,1899,64892
18068,1899,2227
18069,1899,71728
18070,1899,11019
18071,1899,15369
18072,1899,52781
18073,1899,33610
18074,1899,45720
18075,1899,17891
18076,1899,53358
18077,1899,34716
18078,1899,59956
18079,1899,33265
18080,1899,38530
18081,1899,22211
18082,1899,12400
18083,1899,42101
18084,1899,7433
18085,1899,1309
18086,1899,41607
18087,1899,52458
18088,1899,16338
18089,1899,20091
18090,1899,20929
18091,1899,8128
18092,1899,23249
18093,1899,70966
18094,1899,14527
18095,1899,38684
18096,1899,9870
18097,1899,10391
18098,1899,17824
18099,1899,48534
18100,1899,26677
18101,1899,22818
18102,1899,45133
18103,1899,34221
18104,1899,32383
18105,1899,5991
18106,1899,53561
18107,1899,41521
18108,1899,12569
18109,1899,1703
18110,1899,27880
18111,1899,68162
18112,1899,62335
18113,1899,22174
18114,1899,10986
18115,1899,31540
18116,1899,47517
18117,1899,707
18118,1899,50906
18119,1899,62561
18120,1899,24281
18121,1899,52298
18122,1899,2186
18123,1899,44012
18124,1899,60831
18125,1899,706
18126,1899,69759
18127,1899,54140
18128,1899,23490
18129,1899,16287
18130,1899,33195
18131,1899,11063
18132,1899,30871
18133,1899,60409
18134,1899,14885
18135,1899,4931
18136,1899,64770
18137,1899,40590
18138,1899,34630
18139,1899,57690
18140,1899,59212
18141,1899,56319
18142,1899,64400
18143,1899,48198
18144,1899,54350
18145,1899,23875
18146,1899,35512
18147,1899,64426
18148,1899,20983
18149,1899,16494
18150,1899,18051
18151,1899,401
18152,1899,51988
18153,1899,24822
18154,1899,44546
18155,1899,10670
18156,1899,22808
18157,1899,29730
18158,1899,23247
18159,1899,71642
18160,1899,9838
18161,1899,1139
18162,1899,833
18163,1899,38713
18164,1899,13784
18165,1899,70346
18166,1899,30167
18167,1899,31801
18168,1899,1876
18169,1899,43153
18170,1899,71261
18171,1899,41917
18172,1899,34499
18173,1899,41461
18174,1899,5313
18175,1899,40001
18176,1899,51520
18177,1899,20486
18178,1899,54947
18179,1899,43863
18180,1899,11062
18181,1899,24841
18182,1899,1384
18183,1899,5808
18184,1899,36974
18185,1899,38870
18186,1899,70193
18187,1899,49846
18188,1899,35966
18189,1899,56696
18190,1899,15958
18191,1899,11249
18192,1899,17585
18193,1899,44470
18194,1899,22727
18195,1899,37148
18196,1899,18954
18197,1899,50575
18198,1899,30674
18199,1899,8873
18200,1899,57072
18201,1899,29089
18202,1899,19487
18203,1899,40292
18204,1899,6365
18205,1899,2895
18206,1899,74376
18207,1899,11609
18208,1899,3251
18209,1899,10368
18210,1899,1517
18211,1899,13678
18212,1899,5809
18213,1899,54215
18214,1899,18394
18215,1899,46212
18216,1899,40784
18217,1899,5719
18218,1899,62346
18219,1899,8665
18220,1899,11666
18221,1899,40134
18222,1899,48509
18223,1899,3677
18224,1899,59531
18225,1899,38072
18226,1899,2317
18227,1899,26522
18228,1899,21314
18229,1854,33081
18230,1854,49927
18231,1854,31896
18232,1854,927
18233,1854,14245
18234,1854,17260
18235,1854,69784
18236,1854,34056
18237,1854,26441
18238,1854,67502
18239,1854,23765
18240,1854,26652
18241,1854,46505
18242,1854,23344
18243,1854,31816
18244,1854,7954
18245,1854,63257
18246,1854,32812
18247,1854,51800
18248,1854,679
18249,1854,3231
18250,1854,23129
18251,1854,23034
18252,1854,205
18253,1854,6672
18254,1854,56798
18255,1854,22030
18256,1854,66507
18257,1854,21236
18258,1854,16512
18259,1854,15191
18260,1854,2731
18261,1854,47532
18262,1854,10708
18263,1854,809
18264,1854,163
18265,1854,33420
18266,1854,10657
18267,1854,62223
18268,1854,25639
18269,1854,24194
18270,1854,42069
18271,1854,897
18272,1854,53670
18273,1854,10691
18274,1854,51385
18275,1854,54622
18276,1854,55075
18277,1854,37540
18278,1854,30737
18279,1854,40616
18280,1854,31869
18281,1854,20185
18282,1854,71
18283,1854,62716
18284,1854,23452
18285,1854,69640
18286,1854,1275
18287,1854,45554
18288,1854,49500
18289,1854,2521
18290,1854,62023
18291,1854,39114
18292,1854,15696
18293,1854,37268
18294,1854,58361
18295,1854,49841
18296,1854,61992
18297,1854,24165
18298,1854,47050
18299,1854,43811
18300,1891,21909
18301,1891,33528
18302,1891,2024
18303,1891,73092
18304,1891,34551
18305,1891,18816
18306,1891,2798
18307,1891,18058
18308,1891,30657
18309,1891,43139
18310,1891,16472
18311,1891,1557
18312,1891,38984
18313,1891,24606
18314,1891,20756
18315,1891,45545
18316,1891,18708
18317,1891,59424
18318,1891,7409
18319,1891,30108
18320,1891,21824
18321,1891,20390
18322,1891,36246
18323,1891,19980
18324,1891,55947
18325,1891,72989
18326,1891,15865
18327,1891,3125
18328,1891,23015
18329,1891,53598
18330,1891,32823
18331,1891,26409
18332,1891,19768
18333,1891,23013
18334,1891,24651
18335,1891,52014
18336,1891,49245
18337,1891,1500
18338,1891,8659
18339,1891,3106
18340,1891,18264
18341,1891,12136
18342,1891,32167
18343,1891,32261
18344,1891,27930
18345,1891,70837
18346,1891,15205
18347,1891,17487
18348,1891,6928
18349,1891,67608
18350,1891,65295
18351,1891,23808
18352,1891,19193
18353,1891,33957
18354,1891,28314
18355,1891,27284
18356,1891,18127
18357,1891,14149
18358,1891,23016
18359,1891,2721
18360,1891,8322
18361,1891,15803
18362,1891,18631
18363,1891,37107
18364,1891,21364
18365,1891,59018
18366,1891,6854
18367,1891,39494
18368,1891,20420
18369,1891,67757
18370,1891,25571
18371,1891,33663
18372,1891,60182
18373,1891,51197
18374,1891,41266
18375,1891,4989
18376,1891,8220
18377,1891,6370
18378,1891,19645
18379,1891,27168
18380,1891,19921
18381,1891,33662
18382,1891,33905
18383,1891,23804
18384,1891,35954
18385,1891,48566
18386,1891,43671
18387,1891,22422
18388,1891,16734
18389,1891,655
18390,1891,1709
18391,1891,5832
18392,1891,8902
18393,1891,39212
18394,1891,317
18395,1891,42686
18396,1891,73204
18397,1891,69556
18398,1891,67739
18399,1891,1273
18400,1891,48860
18401,1891,56504
18402,1891,979
18403,1891,31106
18404,1891,24311
18405,1891,1017
18406,1891,23807
18407,1891,37883
18408,1891,38829
18409,1891,11628
18410,1891,15836
18411,1891,61041
18412,1891,50372
18413,1891,30205
18414,1891,20063
18415,1891,20120
18416,1891,11303
18417,1891,55096
18418,1891,40490
18419,1891,41471
18420,1891,36313
18421,1891,28637
18422,1891,5956
18423,1891,52049
18424,1891,36662
18425,1891,23017
18426,1891,14589
18427,1891,54989
18428,1891,28477
18429,1891,63973
18430,1891,2022
18431,1891,51453
18432,1891,23809
18433,1891,40522
18434,1891,887
18435,1891,1417
18436,1891,67576
18437,1891,39968
18438,1891,57320
18439,1891,9373
18440,1891,11671
18441,1891,3049
18442,1891,44920
18443,1891,48228
18444,1891,47524
18445,1891,55833
18446,1891,23806
18447,1891,18283
18448,1891,58465
18449,1891,49109
18450,1891,16821
18451,1891,74231
18452,1891,8819
18453,1891,69067
18454,1891,51924
18455,1891,47825
18456,1891,33113
18457,1891,534
18458,1891,69971
18459,1891,18822
18460,1891,1303
18461,1891,59211
18462,1891,27866
18463,1891,57251
18464,1891,72089
18465,1891,23803
18466,1891,15854
18467,1891,39922
18468,1891,24449
18469,1891,28651
18470,1891,36989
18471,1891,31764
18472,1891,31394
18473,1891,29387
18474,1891,49431
18475,1891,39215
18476,1891,56287
18477,1891,21294
18478,1891,2809
18479,1891,27781
18480,1891,17168
18481,1891,13561
18482,1891,45925
18483,1891,53580
18484,1891,11468
18485,1891,71850
18486,1891,38554
18487,1891,2723
18488,1891,9195
18489,1891,11074
18490,1891,53924
18491,1891,43112
18492,1891,873
18493,1891,10710
18494,1891,46834
18495,1891,14867
18496,1891,6313
18497,1891,8122
18498,1891,31510
18499,1891,26596
18500,1891,58650
18501,1891,23805
18502,1891,6360
18503,1891,10340
18504,1891,47955
18505,1891,36017
18506,1891,54773
18507,1891,47150
18508,1891,53095
18509,1891,41073
18510,1891,46348
18511,1891,8394
18512,1891,60422
18513,1891,58707
18514,1891,60919
18515,1891,10974
18516,1891,66249
18517,1891,37366
18518,1891,23014
18519,1891,51973
18520,1891,12638
18521,1891,69656
18522,1891,15350
18523,1891,53486
18524,1891,45752
18525,1891,18617
18526,1891,9559
18527,1891,24516
18528,1891,41189
18529,1891,40708
18530,1891,35901
18531,1891,20643
18532,1891,34959
18533,1891,20293
18534,1891,52155
18535,1891,43601
18536,1891,46173
18537,1891,15258
18538,1891,6743
18539,1891,55457
18540,1891,51634
18541,1891,51728
18542,1960,38021
18543,1960,56315
18544,1960,68397
18545,1960,59258
18546,1960,20788
18547,1960,71609
18548,1960,38884
18549,1960,42737
18550,1960,22629
18551,1960,31084
18552,1960,69299
18553,1960,53448
18554,1960,26076
18555,1960,71883
18556,1960,18492
18557,1960,59369
18558,1960,33508
18559,1960,59839
18560,1960,73375
18561,1960,54566
18562,1960,28346
18563,1960,20483
18564,1960,67783
18565,1960,39783
18566,1960,30306
18567,1960,68466
18568,1960,24104
18569,1960,67324
18570,1960,65809
18571,1960,23764
18572,1960,27211
18573,1960,57308
18574,1960,50022
18575,1962,72569
18576,1962,20224
18577,1962,59092
18578,1962,31683
18579,1962,59340
18580,1962,25550
18581,1962,27106
18582,1962,73551
18583,1962,21279
18584,1962,31619
18585,1962,20726
18586,1962,20840
18587,1962,66477
18588,1962,41981
18589,1962,22484
18590,1962,51651
18591,1962,38366
18592,1962,65518
18593,1962,55434
18594,1962,66685
18595,1962,69865
18596,1962,39826
18597,1962,51125
18598,1962,56709
18599,1962,61360
18600,1962,32390
18601,1962,57817
18602,1962,55525
18603,1962,23335
18604,1962,30998
18605,1962,21873
18606,1962,55692
18607,1962,59824
18608,1962,66623
18609,1962,35204
18610,1962,15158
18611,1756,71081
18612,1756,3358
18613,1756,63322
18614,1756,71993
18615,1756,637
18616,1860,68217
18617,1860,16906
18618,1860,5206
18619,1860,62598
18620,1860,34192
18621,1860,6632
18622,1860,65244
18623,1860,49291
18624,1860,6688
18625,1860,48079
18626,1860,40439
18627,1860,24438
18628,1860,33521
18629,1860,14681
18630,1860,7876
18631,1860,914
18632,1860,2181
18633,1860,20065
18634,1860,71220
18635,1860,583
18636,1860,11270
18637,1860,34830
18638,1860,65294
18639,1860,25277
18640,1860,6634
18641,1860,40385
18642,1860,49665
18643,1860,27767
18644,1860,46586
18645,1860,12439
18646,1860,74335
18647,1860,62219
18648,1860,45851
18649,1860,17284
18650,1860,51557
18651,1860,10929
18652,1860,7877
18653,1860,32228
18654,1860,43145
18655,1860,66812
18656,1860,8638
18657,1860,21431
18658,1860,7893
18659,1860,24972
18660,1860,1438
18661,1860,2860
18662,1860,5024
18663,1860,7878
18664,1860,33852
18665,1860,26796
18666,1860,36055
18667,1860,6633
18668,1860,20579
18669,1860,23576
18670,1860,1959
18671,1860,21504
18672,1860,23127
18673,1860,21728
18674,1860,71558
18675,1860,51555
18676,1860,1235
18677,1860,6914
18678,1860,71097
18679,1860,42360
18680,1860,15269
18681,1860,50006
18682,1860,40825
18683,1860,60180
18684,1860,2648
18685,1860,36713
18686,1860,10848
18687,1860,10761
18688,1860,17191
18689,1860,26156
18690,1860,8954
18691,1860,29463
18692,1860,39827
18693,1860,41234
18694,1860,2182
18695,1860,23318
18696,1860,70704
18697,1860,35662
18698,1860,1407
18699,1860,28064
18700,1860,52007
18701,1860,69257
18702,1860,21736
18703,1860,66075
18704,1860,21128
18705,1860,62271
18706,1860,25666
18707,1860,35911
18708,1860,33696
18709,1860,35047
18710,1860,56354
18711,1860,43947
18712,1860,56599
18713,1860,33517
18714,1860,45301
18715,1860,34535
18716,1860,4296
18717,1860,40114
18718,1860,40498
18719,1860,13987
18720,1860,50153
18721,1860,41811
18722,1762,24643
18723,1762,34871
18724,1762,57679
18725,1762,57678
18726,1762,72554
18727,1762,30327
18728,1762,34821
18729,1762,29324
18730,1762,26050
18731,1762,29116
18732,1762,5427
18733,1762,25008
18734,1762,69336
18735,1762,30584
18736,1762,24199
18737,1762,29189
18738,1762,37218
18739,1762,29684
18740,1762,36441
18741,1762,37867
18742,1762,36491
18743,1762,37764
18744,1762,28105
18745,1919,13330
18746,1919,2683
18747,1919,419
18748,1919,13763
18749,1919,3038
18750,1919,50425
18751,1919,71624
18752,1919,68152
18753,1919,34935
18754,1919,3043
18755,1919,33321
18756,1919,35513
18757,1919,60395
18758,1919,61437
18759,1919,67279
18760,1919,10575
18761,1919,37262
18762,1919,54402
18763,1919,48767
18764,1919,55359
18765,1919,15591
18766,1919,63775
18767,1919,1368
18768,1919,38983
18769,1919,63546
18770,1919,28814
18771,1919,27445
18772,1919,51559
18773,1919,222
18774,1919,41793
18775,1919,13820
18776,1919,12349
18777,1919,22284
18778,1919,53604
18779,1919,11475
18780,1919,30351
18781,1919,11881
18782,1919,14757
18783,1919,29221
18784,1919,18667
18785,1919,25038
18786,1919,9923
18787,1919,11477
18788,1919,25984
18789,1919,67256
18790,1919,50004
18791,1919,55468
18792,1919,54830
18793,1919,690
18794,1919,11311
18795,1919,43344
18796,1919,4947
18797,1919,7811
18798,1919,39294
18799,1919,15249
18800,1919,10042
18801,1919,439
18802,1919,65898
18803,1919,25969
18804,1919,42235
18805,1919,45421
18806,1919,69807
18807,1919,9366
18808,1919,36785
18809,1919,55400
18810,1919,75246
18811,1919,32777
18812,1919,37331
18813,1919,67418
18814,1919,54441
18815,1919,15438
18816,1919,4704
18817,1919,41310
18818,1919,40462
18819,1919,31369
18820,1919,68442
18821,1919,51940
18822,1919,18526
18823,1919,64385
18824,1919,38777
18825,1919,18801
18826,1919,40699
18827,1919,38965
18828,1919,50198
18829,1919,35164
18830,1919,42653
18831,1919,8459
18832,1919,40905
18833,1919,11961
18834,1919,67706
18835,1919,34627
18836,1919,47378
18837,1919,14171
18838,1919,16530
18839,1919,28780
18840,1919,16089
18841,1919,18649
18842,1919,22568
18843,1919,7353
18844,1919,49455
18845,1919,6009
18846,1919,47751
18847,1919,48990
18848,1919,3040
18849,1919,26053
18850,1919,19401
18851,1919,15978
18852,1919,26699
18853,1919,11481
18854,1919,20123
18855,1919,6413
18856,1919,67649
18857,1919,49456
18858,1919,17237
18859,1919,49350
18860,1919,14646
18861,1919,15011
18862,1919,7863
18863,1919,36733
18864,1919,42010
18865,1919,49815
18866,1919,11474
18867,1919,3036
18868,1919,63621
18869,1919,15776
18870,1919,23234
18871,1919,21960
18872,1919,1182
18873,1919,42383
18874,1919,56037
18875,1919,13553
18876,1919,10107
18877,1919,14717
18878,1919,21723
18879,1919,55173
18880,1919,10713
18881,1919,52591
18882,1919,26183
18883,1919,261
18884,1919,67990
18885,1919,39547
18886,1919,25803
18887,1919,20666
18888,1919,64741
18889,1919,6991
18890,1919,15539
18891,1919,5748
18892,1919,36292
18893,1919,543
18894,1919,51939
18895,1919,16521
18896,1919,44077
18897,1919,37204
18898,1919,62050
18899,1919,19204
18900,1919,20283
18901,1919,35361
18902,1919,54673
18903,1919,19423
18904,1919,46482
18905,1919,52410
18906,1919,35504
18907,1919,16178
18908,1919,46096
18909,1919,57749
18910,1919,28187
18911,1919,59800
18912,1919,29847
18913,1919,61758
18914,1919,29878
18915,1919,52561
18916,1919,48729
18917,1919,40484
18918,1919,3035
18919,1919,38516
18920,1919,72828
18921,1919,5343
18922,1919,29147
18923,1919,765
18924,1919,60761
18925,1919,19117
18926,1919,19336
18927,1919,39068
18928,1919,68034
18929,1919,61368
18930,1919,13188
18931,1919,52450
18932,1919,20901
18933,1919,4556
18934,1919,48500
18935,1919,57345
18936,1919,172
18937,1919,44397
18938,1919,29880
18939,1919,73155
18940,1919,45758
18941,1919,6290
18942,1919,39432
18943,1919,8458
18944,1919,3288
18945,1919,57524
18946,1919,19388
18947,1919,24945
18948,1919,8269
18949,1919,33990
18950,1919,21415
18951,1919,21250
18952,1919,33277
18953,1919,3066
18954,1919,15266
18955,1919,11440
18956,1919,26928
18957,1919,38783
18958,1919,8164
18959,1919,70157
18960,1919,66754
18961,1919,34797
18962,1919,30479
18963,1919,7201
18964,1919,69114
18965,1919,4996
18966,1919,14486
18967,1919,37463
18968,1919,72796
18969,1919,49816
18970,1919,11746
18971,1919,6880
18972,1919,39072
18973,1919,31935
18974,1919,13694
18975,1919,62956
18976,1919,23036
18977,1919,67893
18978,1919,37967
18979,1919,27513
18980,1919,22264
18981,1919,30573
18982,1919,19179
18983,1919,39349
18984,1919,67611
18985,1919,53032
18986,1919,30574
18987,1919,13827
18988,1919,72741
18989,1919,42105
18990,1919,16363
18991,1919,45926
18992,1919,7036
18993,1919,8771
18994,1919,67760
18995,1919,11479
18996,1919,16613
18997,1919,40220
18998,1919,50235
18999,1919,14374
19000,1919,60273
19001,1919,48485
19002,1919,22523
19003,1919,68135
19004,1919,49935
19005,1919,15299
19006,1919,69204
19007,1919,4249
19008,1919,54312
19009,1919,48952
19010,1919,20521
19011,1919,29183
19012,1919,29711
19013,1919,19207
19014,1919,19695
19015,1919,46252
19016,1919,14348
19017,1919,33359
19018,1919,46852
19019,1919,63068
19020,1919,20935
19021,1919,41478
19022,1919,45416
19023,1919,63420
19024,1919,37343
19025,1919,24589
19026,1919,24684
19027,1919,12520
19028,1919,13706
19029,1919,43376
19030,1919,69685
19031,1919,68854
19032,1919,52437
19033,1919,31914
19034,1919,27449
19035,1919,5803
19036,1919,12639
19037,1919,55374
19038,1919,57786
19039,1919,22650
19040,1919,6992
19041,1919,25885
19042,1919,27707
19043,1919,37917
19044,1919,48994
19045,1919,20152
19046,1919,36442
19047,1919,67936
19048,1919,47563
19049,1919,68296
19050,1919,30572
19051,1919,16597
19052,1919,37561
19053,1919,41610
19054,1919,29853
19055,1919,19089
19056,1919,66148
19057,1919,68627
19058,1919,38173
19059,1919,53372
19060,1919,62151
19061,1919,294
19062,1919,42764
19063,1919,22038
19064,1919,33728
19065,1919,49317
19066,1919,36580
19067,1919,14567
19068,1919,416
19069,1919,58953
19070,1919,33645
19071,1919,16519
19072,1919,45199
19073,1919,17149
19074,1919,38711
19075,1919,63642
19076,1919,4747
19077,1919,16589
19078,1919,39581
19079,1919,43257
19080,1919,6002
19081,1919,18469
19082,1919,17355
19083,1919,11472
19084,1919,38436
19085,1919,7405
19086,1919,51024
19087,1919,58469
19088,1919,40545
19089,1919,69319
19090,1919,15116
19091,1919,49451
19092,1919,16978
19093,1919,15420
19094,1919,41819
19095,1919,560
19096,1919,50673
19097,1919,11240
19098,1919,14890
19099,1919,55079
19100,1919,6291
19101,1919,64255
19102,1919,11476
19103,1919,5397
19104,1919,14384
19105,1919,25293
19106,1919,6597
19107,1919,10201
19108,1919,18774
19109,1919,33626
19110,1919,43377
19111,1919,56902
19112,1919,22765
19113,1919,68001
19114,1919,7843
19115,1919,62881
19116,1919,22734
19117,1919,59900
19118,1919,46436
19119,1919,52451
19120,1919,11478
19121,1919,6965
19122,1919,7171
19123,1919,38896
19124,1919,19910
19125,1919,31953
19126,1919,34801
19127,1919,49205
19128,1919,40765
19129,1919,14025
19130,1919,56594
19131,1919,1693
19132,1919,4781
19133,1919,7805
19134,1919,16282
19135,1919,63822
19136,1919,33559
19137,1919,110
19138,1919,32477
19139,1919,57688
19140,1919,41455
19141,1919,31732
19142,1919,20630
19143,1919,11471
19144,1919,31385
19145,1919,63224
19146,1919,39062
19147,1919,3037
19148,1919,50552
19149,1919,46380
19150,1919,46197
19151,1919,33166
19152,1919,53121
19153,1919,35618
19154,1919,12541
19155,1919,19849
19156,1919,29391
19157,1919,38071
19158,1919,41489
19159,1919,29659
19160,1919,61769
19161,1919,3076
19162,1919,11480
19163,1919,20628
19164,1919,3543
19165,1919,1245
19166,1919,58736
19167,1919,41061
19168,1919,36412
19169,1919,19222
19170,1919,20566
19171,1919,18613
19172,1919,25866
19173,1919,6467
19174,1919,48666
19175,1919,26051
19176,1919,4086
19177,1919,14478
19178,1919,18926
19179,1919,18056
19180,1919,55553
19181,1919,67992
19182,1919,49640
19183,1919,22726
19184,1919,9809
19185,1919,2003
19186,1919,7031
19187,1919,12586
19188,1919,61996
19189,1919,71416
19190,1919,19806
19191,1919,69601
19192,1919,25081
19193,1919,36094
19194,1919,5805
19195,1919,60820
19196,1919,30759
19197,1919,10057
19198,1919,68969
19199,1919,11765
19200,1919,9440
19201,1919,11473
19202,1919,44983
19203,1919,49645
19204,1919,54370
19205,1919,15796
19206,1919,11482
19207,1919,5791
19208,1919,2231
19209,1919,14943
19210,1919,61147
19211,1919,6289
19212,1919,31121
19213,1919,17567
19214,1919,19948
19215,1919,38816
19216,1919,14599
19217,1919,36881
19218,1919,11172
19219,1919,15758
19220,1919,37394
19221,1919,8200
19222,1919,3042
19223,1919,62028
19224,1919,71710
19225,1919,59726
19226,1919,67772
19227,1919,60196
19228,1919,40108
19229,1919,14352
19230,1919,26306
19231,1919,28389
19232,1919,14907
19233,1919,10147
19234,1919,42277
19235,1919,39585
19236,1919,12481
19237,1919,537
19238,1919,34410
19239,1919,53155
19240,1919,43274
19241,1919,13665
19242,1919,3034
19243,1919,20387
19244,1919,22372
19245,1919,3041
19246,1919,1008
19247,1919,56945
19248,1919,10373
19249,1919,40379
19250,1919,64657
19251,1919,12600
19252,1919,17621
19253,1919,45743
19254,1919,26162
19255,1919,9865
19256,1919,21890
19257,1919,64978
19258,1919,60535
19259,1919,41848
19260,1919,65926
19261,1919,8101
19262,1919,66101
19263,1919,45353
19264,1879,14994
19265,1879,15620
19266,1879,47489
19267,1879,23074
19268,1879,24609
19269,1879,23427
19270,1879,8936
19271,1879,24103
19272,1879,71502
19273,1879,24353
19274,1879,16804
19275,1879,17117
19276,1879,41713
19277,1879,41592
19278,1879,17175
19279,1879,5080
19280,1879,55308
19281,1879,64171
19282,1879,1167
19283,1879,8425
19284,1879,68613
19285,1879,14473
19286,1879,58693
19287,1879,15492
19288,1879,43552
19289,1879,10234
19290,1879,1588
19291,1879,14077
19292,1879,10630
19293,1879,21387
19294,1879,2796
19295,1879,18417
19296,1879,36949
19297,1879,1919
19298,1879,3187
19299,1879,24013
19300,1879,51213
19301,1879,48693
19302,1879,54692
19303,1879,2862
19304,1879,45654
19305,1879,43550
19306,1879,12109
19307,1879,16975
19308,1879,48249
19309,1879,7797
19310,1879,17201
19311,1879,21033
19312,1879,5686
19313,1879,56159
19314,1879,24662
19315,1879,7894
19316,1879,24631
19317,1879,23504
19318,1879,50143
19319,1879,54599
19320,1879,25711
19321,1879,13730
19322,1879,24083
19323,1879,1185
19324,1879,19177
19325,1879,52261
19326,1879,28979
19327,1879,46537
19328,1879,60943
19329,1879,45065
19330,1879,67918
19331,1879,30436
19332,1879,32069
19333,1879,58188
19334,1879,2425
19335,1879,49375
19336,1879,27177
19337,1879,8109
19338,1879,19991
19339,1879,29121
19340,1879,20460
19341,1879,17451
19342,1879,12387
19343,1879,18736
19344,1879,57331
19345,1879,1684
19346,1879,18818
19347,1879,60585
19348,1879,7999
19349,1879,21693
19350,1879,36183
19351,1879,21069
19352,1879,25032
19353,1879,48868
19354,1879,21462
19355,1879,34141
19356,1879,27223
19357,1879,535
19358,1879,10030
19359,1879,65621
19360,1879,63851
19361,1879,71112
19362,1879,59517
19363,1879,45049
19364,1879,19924
19365,1879,18596
19366,1879,67691
19367,1879,23260
19368,1879,3622
19369,1879,7344
19370,1879,40686
19371,1879,11643
19372,1879,37658
19373,1879,18645
19374,1879,19703
19375,1879,2370
19376,1879,54078
19377,1952,51696
19378,1952,74235
19379,1952,28554
19380,1952,59913
19381,1952,12218
19382,1952,71716
19383,1952,72787
19384,1952,70310
19385,1952,69115
19386,1952,29662
19387,1952,36935
19388,1952,72786
19389,1952,49991
19390,1777,16994
19391,1777,19595
19392,1777,1929
19393,1777,36204
19394,1777,24591
19395,1777,16485
19396,1777,29225
19397,1847,73391
19398,1847,27266
19399,1847,1028
19400,1847,969
19401,1847,2681
19402,1847,51096
19403,1847,51322
19404,1847,54720
19405,1847,57417
19406,1847,8580
19407,1847,2657
19408,1847,35222
19409,1847,67389
19410,1847,23471
19411,1847,70531
19412,1847,2609
19413,1847,50322
19414,1847,44860
19415,1847,43446
19416,1847,40300
19417,1847,54678
19418,1847,22098
19419,1847,35234
19420,1847,43444
19421,1847,599
19422,1847,771
19423,1847,20541
19424,1847,21579
19425,1847,60562
19426,1847,12558
19427,1847,14448
19428,1847,2710
19429,1847,1323
19430,1847,23619
19431,1847,1015
19432,1847,6471
19433,1847,65033
19434,1847,35755
19435,1847,58446
19436,1847,30531
19437,1847,1260
19438,1847,32539
19439,1847,12725
19440,1847,32818
19441,1847,72128
19442,1847,23751
19443,1847,767
19444,1847,1209
19445,1847,36648
19446,1847,21558
19447,1847,36505
19448,1847,768
19449,1847,11082
19450,1847,73048
19451,1847,35105
19452,1847,57966
19453,1847,4944
19454,1847,54414
19455,1847,55179
19456,1847,7487
19457,1847,42837
19458,1847,60018
19459,1847,43445
19460,1847,40955
19461,1847,7181
19462,1847,2759
19463,1847,5005
19464,1847,46391
19465,1847,42146
19466,1847,1258
19467,1815,38010
19468,1815,28934
19469,1815,5354
19470,1815,44567
19471,1815,44201
19472,1815,5353
19473,1815,33836
19474,1815,52991
19475,1815,25853
19476,1815,31517
19477,1815,158
19478,1815,20539
19479,1815,10939
19480,1815,22345
19481,1815,11527
19482,1815,4335
19483,1815,4336
19484,1815,63018
19485,1815,12803
19486,1815,24718
19487,1815,20452
19488,1815,35883
19489,1815,2060
19490,1815,58268
19491,1986,62052
19492,1986,62189
19493,1986,31778
19494,1986,65792
19495,1764,31338
19496,1764,14098
19497,1764,696
19498,1846,65293
19499,1846,27200
19500,1846,23115
19501,1846,58414
19502,1846,821
19503,1846,51183
19504,1846,1936
19505,1846,9235
19506,1846,36135
19507,1846,7688
19508,1846,7689
19509,1846,11535
19510,1846,61469
19511,1846,34989
19512,1846,57483
19513,1846,9223
19514,1846,36114
19515,1846,9751
19516,1846,9576
19517,1846,9754
19518,1846,9227
19519,1846,11333
19520,1846,9817
19521,1846,29215
19522,1846,982
19523,1846,16002
19524,1846,33023
19525,1846,56342
19526,1846,55306
19527,1846,39088
19528,1846,26500
19529,1846,9233
19530,1846,10448
19531,1846,22903
19532,1846,7685
19533,1846,12525
19534,1846,11771
19535,1846,31113
19536,1846,512
19537,1846,28656
19538,1846,9228
19539,1846,9222
19540,1846,36113
19541,1846,60786
19542,1846,9752
19543,1846,12433
19544,1846,7686
19545,1846,676
19546,1846,17860
19547,1846,38942
19548,1846,9753
19549,1846,9225
19550,1846,67892
19551,1846,9231
19552,1846,39087
19553,1846,29244
19554,1846,1063
19555,1846,41611
19556,1846,21576
19557,1846,25719
19558,1846,39917
19559,1846,940
19560,1846,9221
19561,1846,1019
19562,1846,58565
19563,1846,35167
19564,1846,12327
19565,1846,47444
19566,1846,9230
19567,1846,29722
19568,1846,40723
19569,1846,7687
19570,1846,32157
19571,1846,52119
19572,1846,28627
19573,1846,7691
19574,1846,37581
19575,1846,54936
19576,1846,650
19577,1846,22089
19578,1846,9229
19579,1846,57143
19580,1846,32571
19581,1846,9226
19582,1846,33765
19583,1846,9224
19584,1846,9232
19585,1821,10851
19586,1821,62018
19587,1821,1310
19588,1821,44330
19589,1821,18752
19590,1821,10119
19591,1821,40208
19592,1821,2040
19593,1821,60163
19594,1821,45505
19595,1821,21201
19596,1821,53908
19597,1821,38379
19598,1821,8940
19599,1972,24730
19600,1972,59289
19601,1972,48406
19602,1972,23931
19603,1868,7568
19604,1868,10360
19605,1868,73213
19606,1868,62518
19607,1868,9259
19608,1868,60142
19609,1868,30332
19610,1868,16767
19611,1868,33811
19612,1868,25201
19613,1868,41221
19614,1868,37328
19615,1868,28897
19616,1868,3204
19617,1868,3432
19618,1868,47934
19619,1868,18229
19620,1868,7042
19621,1868,49061
19622,1868,32561
19623,1868,3702
19624,1868,35395
19625,1868,35367
19626,1868,3202
19627,1868,29054
19628,1868,21726
19629,1868,6453
19630,1868,53267
19631,1868,28379
19632,1868,15317
19633,1868,514
19634,1868,4523
19635,1868,8733
19636,1868,62425
19637,1868,8815
19638,1868,23187
19639,1868,45380
19640,1868,19199
19641,1868,24968
19642,1868,23387
19643,1868,21227
19644,1868,22351
19645,1868,8856
19646,1868,2896
19647,1868,7567
19648,1868,9476
19649,1868,47862
19650,1868,39245
19651,1868,50104
19652,1868,56176
19653,1868,38127
19654,1868,10846
19655,1868,23683
19656,1868,7580
19657,1868,21632
19658,1868,25520
19659,1868,3332
19660,1868,39132
19661,1868,8872
19662,1868,54841
19663,1868,60832
19664,1868,8551
19665,1868,7581
19666,1868,8562
19667,1868,67758
19668,1868,43929
19669,1868,37147
19670,1868,18687
19671,1868,10375
19672,1868,30540
19673,1868,38730
19674,1868,48100
19675,1868,1225
19676,1868,12002
19677,1868,69870
19678,1868,63763
19679,1868,33077
19680,1868,35646
19681,1868,71972
19682,1868,63205
19683,1868,18881
19684,1868,4042
19685,1868,41591
19686,1868,47626
19687,1868,53285
19688,1868,225
19689,1868,22433
19690,1868,7569
19691,1868,18000
19692,1868,43480
19693,1868,4960
19694,1868,4234
19695,1868,1394
19696,1868,35995
19697,1868,26002
19698,1868,7293
19699,1868,8552
19700,1868,368
19701,1868,27949
19702,1868,5348
19703,1868,31553
19704,1868,293
19705,1868,1422
19706,1868,8553
19707,1868,2442
19708,1868,35746
19709,1868,36351
19710,1868,42616
19711,1868,56171
19712,1868,40263
19713,1868,3471
19714,1868,3803
19715,1868,41802
19716,1868,48280
19717,1868,155
19718,1868,3451
19719,1868,69091
19720,1868,25396
19721,1868,19549
19722,1874,46743
19723,1874,37704
19724,1874,31247
19725,1874,47386
19726,1874,56100
19727,1874,40226
19728,1874,23312
19729,1874,16283
19730,1874,14662
19731,1874,69500
19732,1874,10940
19733,1874,41961
19734,1874,23067
19735,1874,43576
19736,1874,24868
19737,1874,47300
19738,1874,71729
19739,1874,17282
19740,1874,8711
19741,1874,35438
19742,1874,46398
19743,1874,31889
19744,1874,69539
19745,1874,58525
19746,1874,55222
19747,1874,31045
19748,1874,34378
19749,1874,11436
19750,1874,17283
19751,1874,53724
19752,1874,7284
19753,1874,24895
19754,1874,22603
19755,1874,43614
19756,1874,57226
19757,1874,18369
19758,1874,19702
19759,1874,4355
19760,1874,21465
19761,1874,53821
19762,1874,66296
19763,1874,73559
19764,1874,107
19765,1874,69454
19766,1874,46281
19767,1874,50550
19768,1874,19165
19769,1874,25900
19770,1874,29413
19771,1874,18675
19772,1874,56980
19773,1874,64788
19774,1874,17437
19775,1874,37817
19776,1874,44278
19777,1874,24715
19778,1874,72524
19779,1874,40234
19780,1874,36265
19781,1874,58582
19782,1874,63650
19783,1874,56305
19784,1874,47719
19785,1874,4952
19786,1874,57513
19787,1874,764
19788,1874,21391
19789,1874,9926
19790,1874,38207
19791,1874,39645
19792,1874,18297
19793,1874,36269
19794,1874,54149
19795,1874,7891
19796,1874,29729
19797,1874,3720
19798,1874,49682
19799,1874,83
19800,1874,7063
19801,1874,21754
19802,1874,49786
19803,1874,53899
19804,1874,38485
19805,1874,14908
19806,1874,68812
19807,1874,11026
19808,1874,50762
19809,1874,6028
19810,1874,54882
19811,1874,21692
19812,1874,52203
19813,1874,27
19814,1874,53901
19815,1874,53893
19816,1874,5642
19817,1874,43659
19818,1874,27058
19819,1874,42190
19820,1874,52424
19821,1874,31096
19822,1874,14873
19823,1874,2726
19824,1874,1360
19825,1874,40010
19826,1874,13912
19827,1874,41573
19828,1874,32696
19829,1874,23166
19830,1874,69785
19831,1771,11489
19832,1771,58572
19833,1771,20765
19834,1771,2160
19835,1771,5083
19836,1771,39248
19837,1771,30357
19838,1804,48686
19839,1804,10805
19840,1804,49911
19841,1804,44408
19842,1804,58027
19843,1804,8419
19844,1804,58020
19845,1804,21592
19846,1804,16565
19847,1804,41733
19848,1804,54329
19849,1980,51240
19850,1980,51799
19851,1980,58915
19852,1980,59470
19853,1865,28636
19854,1865,68717
19855,1865,31410
19856,1865,48927
19857,1865,58850
19858,1865,37864
19859,1865,34489
19860,1865,55226
19861,1865,7257
19862,1865,31212
19863,1865,12964
19864,1865,60883
19865,1865,14012
19866,1865,4969
19867,1865,41728
19868,1865,57259
19869,1865,24341
19870,1865,20352
19871,1865,31974
19872,1865,38463
19873,1865,36433
19874,1865,10326
19875,1865,25459
19876,1865,42904
19877,1865,49022
19878,1865,55648
19879,1865,7211
19880,1865,3253
19881,1865,12963
19882,1865,56875
19883,1865,50852
19884,1865,12116
19885,1865,8801
19886,1865,54765
19887,1865,17816
19888,1865,17024
19889,1865,1415
19890,1865,19690
19891,1865,18896
19892,1865,73772
19893,1865,18379
19894,1865,6489
19895,1865,18810
19896,1865,38537
19897,1865,19033
19898,1865,39097
19899,1865,55990
19900,1865,27711
19901,1865,60488
19902,1865,928
19903,1865,19397
19904,1865,52069
19905,1865,41727
19906,1865,72505
19907,1865,14687
19908,1865,65331
19909,1865,8470
19910,1865,41040
19911,1865,44284
19912,1865,49477
19913,1865,16390
19914,1865,27077
19915,1865,24736
19916,1865,39115
19917,1865,43982
19918,1865,33604
19919,1865,27321
19920,1865,42307
19921,1865,25886
19922,1865,41995
19923,1865,13003
19924,1865,64785
19925,1865,54332
19926,1865,10518
19927,1865,26640
19928,1865,19002
19929,1865,11
19930,1865,44783
19931,1865,66495
19932,1865,60602
19933,1865,1065
19934,1865,38479
19935,1865,43138
19936,1865,22913
19937,1865,24000
19938,1865,47211
19939,1865,16950
19940,1865,44104
19941,1865,12737
19942,1865,56013
19943,1865,15868
19944,1865,29824
19945,1865,2888
19946,1865,814
19947,1865,67144
19948,1865,4224
19949,1865,1594
19950,1865,32883
19951,1865,8351
19952,1865,41580
19953,1865,21738
19954,1865,48634
19955,1865,62610
19956,1865,22822
19957,1865,6628
19958,1865,33857
19959,1865,21217
19960,1865,38559
19961,1865,35717
19962,1865,59366
19963,1865,45659
19964,1865,43812
19965,1865,12068
19966,1865,41625
19967,1865,15378
19968,1865,15147
19969,1865,42605
19970,1865,63433
19971,1865,18573
19972,1865,14766
19973,1865,35490
19974,1865,25872
19975,1865,16672
19976,1865,18686
19977,1865,24680
19978,1865,35421
19979,1865,44659
19980,1865,24664
19981,1940,64432
19982,1940,30014
19983,1940,55792
19984,1940,74570
19985,1940,11496
19986,1940,38654
19987,1940,20587
19988,1940,49127
19989,1940,45613
19990,1940,2640
19991,1940,30292
19992,1940,6998
19993,1940,44805
19994,1940,49849
19995,1940,7113
19996,1940,41627
19997,1940,62321
19998,1940,60461
19999,1940,18681
20000,1871,33880
20001,1871,15263
20002,1871,41303
20003,1871,13015
20004,1871,6239
20005,1871,6211
20006,1871,6279
20007,1871,7381
20008,1871,6213
20009,1871,12313
20010,1871,38390
20011,1871,6237
20012,1871,6175
20013,1871,1293
20014,1871,6249
20015,1871,2354
20016,1871,6298
20017,1871,72122
20018,1871,6162
20019,1871,20019
20020,1871,6194
20021,1871,45435
20022,1871,37592
20023,1871,66433
20024,1871,6255
20025,1871,6288
20026,1871,10417
20027,1871,6104
20028,1871,18804
20029,1871,6192
20030,1871,58390
20031,1871,6259
20032,1871,20667
20033,1871,23266
20034,1871,14674
20035,1871,48987
20036,1871,6207
20037,1871,17797
20038,1871,52866
20039,1871,6248
20040,1871,32917
20041,1871,6258
20042,1871,12335
20043,1871,21740
20044,1871,6275
20045,1871,11922
20046,1871,659
20047,1871,6256
20048,1871,10669
20049,1871,41058
20050,1871,51358
20051,1871,6197
20052,1871,30463
20053,1871,6186
20054,1871,6176
20055,1871,6206
20056,1871,145
20057,1871,55098
20058,1871,6274
20059,1871,6223
20060,1871,61701
20061,1871,12348
20062,1871,51861
20063,1871,6177
20064,1871,71383
20065,1871,10729
20066,1871,47826
20067,1871,5977
20068,1871,15289
20069,1871,22320
20070,1871,60651
20071,1871,33219
20072,1871,6286
20073,1871,6242
20074,1871,6254
20075,1871,12
20076,1871,6287
20077,1871,34142
20078,1871,6208
20079,1871,6230
20080,1871,60815
20081,1871,47874
20082,1871,20485
20083,1871,6971
20084,1871,40689
20085,1871,6235
20086,1871,6198
20087,1871,39592
20088,1871,60765
20089,1871,6299
20090,1871,66026
20091,1871,57757
20092,1871,5352
20093,1871,18248
20094,1871,50129
20095,1871,30924
20096,1871,45473
20097,1871,6209
20098,1871,6221
20099,1871,38995
20100,1871,6232
20101,1871,49745
20102,1871,6270
20103,1871,28745
20104,1871,26041
20105,1871,71051
20106,1871,64496
20107,1871,6205
20108,1871,25579
20109,1871,6214
20110,1871,46869
20111,1871,6174
20112,1871,41025
20113,1871,6295
20114,1871,10861
20115,1871,6212
20116,1871,15099
20117,1871,27677
20118,1871,25975
20119,1871,23503
20120,1871,60319
20121,1871,3044
20122,1871,6257
20123,1871,50243
20124,1871,21055
20125,1871,8904
20126,1871,10644
20127,1871,21434
20128,1871,12224
20129,1871,26134
20130,1871,2300
20131,1871,6260
20132,1871,6276
20133,1871,65882
20134,1871,36399
20135,1871,6293
20136,1871,30147
20137,1871,6193
20138,1871,25404
20139,1871,41860
20140,1871,19263
20141,1871,6285
20142,1871,6297
20143,1871,10692
20144,1871,39745
20145,1871,28199
20146,1871,6222
20147,1871,6294
20148,1871,6277
20149,1871,35501
20150,1871,53509
20151,1871,6210
20152,1871,6296
20153,1871,41498
20154,1871,56821
20155,1871,6250
20156,1871,6199
20157,1871,62537
20158,1871,6179
20159,1871,6245
20160,1871,28435
20161,1871,6247
20162,1871,5135
20163,1871,20755
20164,1871,47209
20165,1871,31273
20166,1871,6280
20167,1871,19308
20168,1871,6231
20169,1871,11750
20170,1871,4604
20171,1871,6278
20172,1871,56234
20173,1871,33357
20174,1871,6241
20175,1871,6236
20176,1871,9301
20177,1871,30143
20178,1871,63140
20179,1871,6218
20180,1871,6203
20181,1871,16052
20182,1871,56388
20183,1871,6251
20184,1871,39705
20185,1871,5029
20186,1871,11257
20187,1871,8080
20188,1871,48707
20189,1871,7895
20190,1871,8402
20191,1871,6252
20192,1871,67127
20193,1871,6246
20194,1871,5849
20195,1871,6271
20196,1871,52321
20197,1871,7141
20198,1871,57310
20199,1871,6196
20200,1871,6178
20201,1871,6238
20202,1871,18937
20203,1871,42358
20204,1871,6233
20205,1871,6244
20206,1871,3772
20207,1871,21240
20208,1871,6268
20209,1871,71245
20210,1871,6240
20211,1871,6243
20212,1871,4203
20213,1871,6204
20214,1871,6201
20215,1871,7470
20216,1871,6472
20217,1871,6219
20218,1871,26016
20219,1871,6234
20220,1871,6292
20221,1871,6253
20222,1871,6195
20223,1871,6202
20224,1871,64499
20225,1871,30146
20226,1871,1951
20227,1871,6269
20228,1871,41418
20229,1871,6272
20230,1871,54300
20231,1871,35696
20232,1871,11720
20233,1871,6273
20234,1871,6220
20235,1953,55476
20236,1953,68421
20237,1953,41714
20238,1953,67325
20239,1953,41562
20240,1953,52254
20241,1953,69245
20242,1953,32154
20243,1953,7423
20244,1953,30240
20245,1953,37199
20246,1953,35487
20247,1953,65482
20248,1953,10586
20249,1953,19660
20250,1953,20707
20251,1953,17866
20252,1953,70494
20253,1953,40964
20254,1953,25051
20255,1953,32832
20256,1953,41662
20257,1953,66856
20258,1953,64783
20259,1953,32032
20260,1953,55482
20261,1953,39572
20262,1953,32522
20263,1946,67293
20264,1946,73572
20265,1946,31011
20266,1946,64567
20267,1946,1250
20268,1946,57769
20269,1946,7452
20270,1946,58033
20271,1946,56555
20272,1946,832
20273,1946,66691
20274,1946,49493
20275,1946,67545
20276,1946,35255
20277,1946,60614
20278,1946,33178
20279,1946,73575
20280,1946,65035
20281,1946,67472
20282,1946,35043
20283,1946,56264
20284,1946,70244
20285,1946,41753
20286,1914,28356
20287,1914,6561
20288,1914,70815
20289,1914,24538
20290,1914,7862
20291,1914,59716
20292,1914,30736
20293,1914,17048
20294,1914,24070
20295,1914,69246
20296,1914,19501
20297,1914,69202
20298,1914,24932
20299,1914,66838
20300,1914,22677
20301,1914,5165
20302,1914,43490
20303,1914,40535
20304,1914,6521
20305,1914,7995
20306,1914,38582
20307,1914,16116
20308,1914,14732
20309,1914,3811
20310,1914,5054
20311,1914,32310
20312,1914,56661
20313,1914,7463
20314,1914,359
20315,1914,25772
20316,1914,34732
20317,1914,31688
20318,1914,69092
20319,1914,13396
20320,1914,36179
20321,1914,70715
20322,1914,26194
20323,1914,67520
20324,1914,70013
20325,1914,15932
20326,1914,21774
20327,1914,10845
20328,1914,30836
20329,1914,16636
20330,1914,71837
20331,1914,52528
20332,1914,15578
20333,1914,41460
20334,1914,54166
20335,1914,70264
20336,1914,6718
20337,1914,24603
20338,1914,5153
20339,1914,30718
20340,1914,33779
20341,1914,62821
20342,1914,33806
20343,1914,11998
20344,1914,55113
20345,1914,52863
20346,1914,51989
20347,1914,553
20348,1914,27650
20349,1914,9745
20350,1914,46144
20351,1914,68755
20352,1914,43423
20353,1914,5300
20354,1914,35355
20355,1914,43218
20356,1914,33823
20357,1914,66925
20358,1914,74852
20359,1914,53149
20360,1914,14946
20361,1914,17272
20362,1914,47954
20363,1914,29292
20364,1914,71152
20365,1914,11605
20366,1914,13844
20367,1914,37552
20368,1914,25939
20369,1914,22480
20370,1914,5163
20371,1914,15660
20372,1914,5110
20373,1914,12929
20374,1914,21895
20375,1914,26544
20376,1914,33763
20377,1914,56360
20378,1914,52089
20379,1914,394
20380,1914,17097
20381,1914,60677
20382,1914,33208
20383,1914,69480
20384,1914,20650
20385,1914,12177
20386,1914,70749
20387,1914,29443
20388,1914,3653
20389,1914,2913
20390,1914,48495
20391,1914,24406
20392,1914,44878
20393,1914,269
20394,1914,10457
20395,1914,46030
20396,1914,36566
20397,1914,39969
20398,1914,70835
20399,1914,20614
20400,1914,64174
20401,1914,6094
20402,1914,57197
20403,1914,46292
20404,1914,72552
20405,1914,70738
20406,1914,54401
20407,1914,38305
20408,1914,18096
20409,1914,41581
20410,1914,68492
20411,1914,25006
20412,1914,37425
20413,1914,123
20414,1914,29469
20415,1914,55786
20416,1914,26902
20417,1914,41176
20418,1914,66019
20419,1914,37259
20420,1914,4655
20421,1914,4984
20422,1914,52680
20423,1914,55057
20424,1914,58395
20425,1914,38992
20426,1914,44889
20427,1914,5057
20428,1914,9975
20429,1914,67103
20430,1914,1807
20431,1914,16256
20432,1914,17981
20433,1914,402
20434,1914,51664
20435,1914,14728
20436,1914,68849
20437,1914,32433
20438,1914,52473
20439,1914,53304
20440,1914,5121
20441,1914,55956
20442,1914,27055
20443,1914,58638
20444,1914,57773
20445,1914,47252
20446,1914,34105
20447,1914,14723
20448,1914,19294
20449,1914,50324
20450,1914,17301
20451,1914,38424
20452,1914,37161
20453,1914,32394
20454,1914,67314
20455,1914,58193
20456,1914,57106
20457,1914,7429
20458,1914,4020
20459,1914,15406
20460,1914,16873
20461,1914,35823
20462,1914,1078
20463,1914,37528
20464,1914,4077
20465,1914,19510
20466,1914,31504
20467,1914,45682
20468,1914,52176
20469,1914,20753
20470,1914,54626
20471,1914,6863
20472,1914,12307
20473,1914,55702
20474,1914,44466
20475,1914,14636
20476,1914,18799
20477,1914,18177
20478,1914,20086
20479,1914,19499
20480,1914,51921
20481,1914,38993
20482,1914,63281
20483,1914,50761
20484,1914,61272
20485,1914,12932
20486,1914,35033
20487,1914,34214
20488,1914,48281
20489,1914,8030
20490,1914,52310
20491,1914,21832
20492,1914,14699
20493,1914,61886
20494,1914,51016
20495,1914,30039
20496,1914,40939
20497,1914,63165
20498,1914,1716
20499,1914,44764
20500,1914,58709
20501,1914,50056
20502,1914,21687
20503,1914,36919
20504,1914,42127
20505,1914,66862
20506,1914,27505
20507,1914,361
20508,1914,66534
20509,1914,34729
20510,1914,47248
20511,1914,58274
20512,1914,37090
20513,1914,72648
20514,1914,40342
20515,1914,9993
20516,1914,44728
20517,1914,31595
20518,1914,19049
20519,1914,36295
20520,1914,37557
20521,1914,8713
20522,1914,13738
20523,1914,56046
20524,1914,67388
20525,1914,21079
20526,1914,69429
20527,1914,23125
20528,1914,72561
20529,1914,39178
20530,1914,30808
20531,1914,67648
20532,1914,65539
20533,1914,66901
20534,1914,15396
20535,1914,24570
20536,1914,50097
20537,1914,24702
20538,1914,35707
20539,1914,53151
20540,1914,24310
20541,1914,3097
20542,1914,27340
20543,1914,2914
20544,1914,5207
20545,1914,65042
20546,1914,66161
20547,1914,4637
20548,1914,748
20549,1914,31790
20550,1914,10432
20551,1914,48546
20552,1914,69052
20553,1914,21633
20554,1914,5631
20555,1914,5807
20556,1914,41093
20557,1914,6115
20558,1914,68737
20559,1914,40136
20560,1914,36134
20561,1914,33622
20562,1914,69514
20563,1914,37225
20564,1914,50498
20565,1914,22074
20566,1914,14782
20567,1914,2814
20568,1914,364
20569,1914,15414
20570,1914,28255
20571,1914,11715
20572,1914,3774
20573,1914,66303
20574,1914,57139
20575,1914,25801
20576,1914,37136
20577,1914,30579
20578,1914,37782
20579,1914,54816
20580,1914,37167
20581,1914,15810
20582,1914,16447
20583,1914,53446
20584,1914,24789
20585,1914,41311
20586,1914,18721
20587,1914,21624
20588,1914,48828
20589,1914,35776
20590,1914,38726
20591,1914,4379
20592,1914,64591
20593,1914,46795
20594,1914,41512
20595,1914,37591
20596,1914,11977
20597,1914,46587
20598,1914,26059
20599,1914,61984
20600,1914,908
20601,1914,1249
20602,1914,15093
20603,1914,11730
20604,1914,31081
20605,1914,49715
20606,1914,29393
20607,1914,46558
20608,1914,31234
20609,1914,33118
20610,1914,70844
20611,1914,29453
20612,1914,17316
20613,1914,21760
20614,1914,5630
20615,1914,5143
20616,1914,34407
20617,1914,21325
20618,1914,67774
20619,1914,14406
20620,1914,5151
20621,1914,10667
20622,1914,30377
20623,1914,31108
20624,1914,50088
20625,1914,11915
20626,1914,44985
20627,1914,56077
20628,1914,11167
20629,1914,24934
20630,1914,10668
20631,1914,11352
20632,1914,43896
20633,1914,66962
20634,1914,6721
20635,1914,17395
20636,1914,37299
20637,1914,35115
20638,1914,38046
20639,1914,36355
20640,1914,34463
20641,1914,50058
20642,1914,17938
20643,1914,5199
20644,1914,43666
20645,1914,73851
20646,1914,47139
20647,1914,38299
20648,1914,33086
20649,1914,46230
20650,1914,24808
20651,1914,37338
20652,1914,49875
20653,1914,15473
20654,1914,20324
20655,1914,70823
20656,1914,55575
20657,1914,40376
20658,1914,29635
20659,1914,9799
20660,1914,42252
20661,1914,30855
20662,1914,1027
20663,1914,11502
20664,1914,61719
20665,1914,41422
20666,1914,609
20667,1914,26693
20668,1914,31920
20669,1914,4639
20670,1914,1699
20671,1914,64333
20672,1914,8441
20673,1914,57522
20674,1914,46755
20675,1914,9665
20676,1914,39651
20677,1914,18421
20678,1914,55290
20679,1914,48108
20680,1914,71238
20681,1914,12532
20682,1914,2126
20683,1914,5621
20684,1914,4687
20685,1914,37249
20686,1914,6353
20687,1914,50586
20688,1914,18004
20689,1914,24033
20690,1914,545
20691,1914,1276
20692,1914,52455
20693,1914,14972
20694,1914,47216
20695,1914,11011
20696,1914,49657
20697,1914,38311
20698,1914,75322
20699,1914,12299
20700,1914,70557
20701,1914,15180
20702,1914,56323
20703,1914,9378
20704,1914,27465
20705,1914,40534
20706,1914,35095
20707,1914,13457
20708,1914,11579
20709,1914,1206
20710,1914,64547
20711,1914,63399
20712,1914,11876
20713,1914,36804
20714,1914,30509
20715,1914,47966
20716,1914,30145
20717,1914,6894
20718,1914,23660
20719,1914,46866
20720,1914,11197
20721,1914,43916
20722,1914,52507
20723,1914,50508
20724,1914,22938
20725,1914,50953
20726,1914,55577
20727,1914,9793
20728,1914,37656
20729,1914,41911
20730,1914,39925
20731,1914,56951
20732,1914,62744
20733,1914,68995
20734,1914,17677
20735,1914,57165
20736,1914,24507
20737,1914,34001
20738,1914,19665
20739,1914,28032
20740,1914,36538
20741,1914,5775
20742,1914,4716
20743,1914,35965
20744,1914,59112
20745,1914,37905
20746,1914,4961
20747,1914,62583
20748,1914,46067
20749,1914,62048
20750,1914,85
20751,1914,67203
20752,1914,45755
20753,1914,36610
20754,1914,31457
20755,1914,16655
20756,1914,70958
20757,1914,5980
20758,1914,16288
20759,1914,72438
20760,1914,1214
20761,1914,4611
20762,1914,41800
20763,1914,29155
20764,1914,43816
20765,1914,63660
20766,1914,46050
20767,1914,21276
20768,1914,1824
20769,1914,44182
20770,1914,759
20771,1914,71799
20772,1914,20588
20773,1914,13403
20774,1914,69268
20775,1914,18893
20776,1914,67356
20777,1914,2912
20778,1914,57028
20779,1914,16101
20780,1914,2502
20781,1914,24862
20782,1914,58652
20783,1914,2358
20784,1914,41328
20785,1914,46797
20786,1914,27870
20787,1914,37954
20788,1914,12743
20789,1914,45949
20790,1914,23886
20791,1914,34757
20792,1914,35928
20793,1914,59004
20794,1914,36758
20795,1914,34468
20796,1914,55877
20797,1914,652
20798,1914,60895
20799,1914,10120
20800,1914,6333
20801,1914,42645
20802,1914,16054
20803,1914,48115
20804,1914,49808
20805,1914,25805
20806,1914,24914
20807,1914,54417
20808,1914,52974
20809,1914,42640
20810,1914,18333
20811,1914,22105
20812,1914,26755
20813,1914,34923
20814,1914,63125
20815,1914,70550
20816,1914,7304
20817,1914,8406
20818,1914,43939
20819,1914,63865
20820,1914,1098
20821,1914,57168
20822,1914,35836
20823,1914,44291
20824,1914,40016
20825,1914,22965
20826,1914,45719
20827,1914,24705
20828,1914,11987
20829,1914,23241
20830,1914,66846
20831,1914,19696
20832,1914,956
20833,1914,35138
20834,1914,52828
20835,1914,27297
20836,1914,8728
20837,1914,44505
20838,1914,32198
20839,1914,263
20840,1959,56121
20841,1959,36473
20842,1959,69110
20843,1959,29272
20844,1959,59288
20845,1959,64814
20846,1959,24035
20847,1959,57258
20848,1959,65806
20849,1959,31024
20850,1959,31999
20851,1959,31280
20852,1959,30055
20853,1959,67688
20854,1959,32000
20855,1959,24091
20856,1959,41700
20857,1959,53833
20858,1959,17315
20859,1959,70944
20860,1959,34466
20861,1959,30001
20862,1959,29928
20863,1959,18602
20864,1959,33644
20865,1836,5647
20866,1836,1852
20867,1836,43540
20868,1836,6629
20869,1836,5648
20870,1836,24024
20871,1836,69376
20872,1836,13986
20873,1836,43543
20874,1836,40289
20875,1836,39054
20876,1836,71683
20877,1836,70796
20878,1836,29433
20879,1836,24470
20880,1836,10482
20881,1836,38784
20882,1836,5646
20883,1836,1873
20884,1836,72150
20885,1836,5650
20886,1836,32500
20887,1836,42971
20888,1836,5645
20889,1836,922
20890,1836,57304
20891,1836,21553
20892,1836,47628
20893,1836,7851
20894,1836,42322
20895,1836,13559
20896,1836,21580
20897,1836,21577
20898,1836,580
20899,1836,287
20900,1836,5649
20901,1836,66953
20902,1836,29291
20903,1836,15991
20904,1836,31003
20905,1836,21559
20906,1944,50230
20907,1944,14980
20908,1944,29774
20909,1944,18755
20910,1944,17611
20911,1944,62569
20912,1944,35904
20913,1944,62171
20914,1944,32331
20915,1944,32288
20916,1944,47767
20917,1944,18707
20918,1944,50635
20919,1944,51102
20920,1944,27585
20921,1956,32760
20922,1956,17346
20923,1956,40059
20924,1956,20988
20925,1956,70206
20926,1956,33529
20927,1956,68730
20928,1956,33204
20929,1956,67239
20930,1956,65810
20931,1956,41690
20932,1956,33411
20933,1956,72855
20934,1956,66577
20935,1956,20212
20936,1956,16921
20937,1956,39396
20938,1956,34429
20939,1956,50713
20940,1956,14257
20941,1956,19739
20942,1942,33160
20943,1942,52095
20944,1942,56895
20945,1942,67998
20946,1942,50217
20947,1942,72942
20948,1942,68005
20949,1942,68003
20950,1942,68007
20951,1942,68006
20952,1942,68004
20953,1942,22346
20954,1942,68000
20955,1942,20590
20956,1942,68008
20957,1942,68047
20958,1942,21335
20959,1942,25413
20960,1942,52516
20961,1942,34890
20962,1942,50661
20963,1942,51547
20964,1942,42250
20965,1921,18079
20966,1921,60237
20967,1921,57597
20968,1921,5396
20969,1921,36882
20970,1921,38918
20971,1921,37206
20972,1921,30537
20973,1921,60600
20974,1921,35667
20975,1921,54479
20976,1921,8462
20977,1921,22638
20978,1921,15586
20979,1921,21625
20980,1921,30989
20981,1921,874
20982,1921,15255
20983,1921,20104
20984,1921,41187
20985,1921,16644
20986,1921,5270
20987,1921,24067
20988,1921,58347
20989,1921,55010
20990,1921,10473
20991,1921,35518
20992,1921,24155
20993,1921,1311
20994,1921,44085
20995,1921,20837
20996,1921,16799
20997,1921,1478
20998,1921,17381
20999,1921,61622
21000,1921,36053
21001,1921,1577
21002,1921,8430
21003,1921,7983
21004,1921,12508
21005,1921,32078
21006,1921,61699
21007,1921,9835
21008,1921,39932
21009,1921,31748
21010,1921,69413
21011,1921,68238
21012,1921,29373
21013,1921,34703
21014,1921,44393
21015,1921,31064
21016,1921,15382
21017,1921,2070
21018,1921,59650
21019,1921,33554
21020,1921,68767
21021,1921,48568
21022,1921,8001
21023,1921,60324
21024,1921,73029
21025,1921,14734
21026,1921,53200
21027,1921,36012
21028,1921,49957
21029,1921,19713
21030,1921,44172
21031,1921,2058
21032,1921,27863
21033,1921,7520
21034,1921,14087
21035,1921,28393
21036,1921,42702
21037,1921,68853
21038,1921,1247
21039,1921,55443
21040,1921,15167
21041,1921,70972
21042,1921,57995
21043,1921,61637
21044,1921,20717
21045,1921,14076
21046,1921,5060
21047,1921,13178
21048,1921,31393
21049,1921,24317
21050,1921,4905
21051,1921,60790
21052,1921,50461
21053,1921,16546
21054,1921,18916
21055,1921,46849
21056,1921,7237
21057,1921,53467
21058,1921,33088
21059,1921,42395
21060,1921,59385
21061,1921,5393
21062,1921,5395
21063,1921,52905
21064,1921,18038
21065,1921,25888
21066,1921,43503
21067,1921,45451
21068,1921,28496
21069,1921,15859
21070,1921,38599
21071,1921,67234
21072,1921,45048
21073,1921,51588
21074,1921,71428
21075,1921,42740
21076,1921,72292
21077,1921,35091
21078,1921,15162
21079,1921,66133
21080,1921,38117
21081,1921,34852
21082,1921,37412
21083,1921,30453
21084,1921,33120
21085,1921,11757
21086,1921,58500
21087,1921,5965
21088,1921,18129
21089,1921,1999
21090,1921,33889
21091,1921,29024
21092,1921,37333
21093,1921,34978
21094,1921,25779
21095,1921,59090
21096,1921,35596
21097,1921,57175
21098,1921,42804
21099,1921,16889
21100,1921,31005
21101,1921,6044
21102,1921,11625
21103,1921,5745
21104,1921,51974
21105,1921,18961
21106,1921,29685
21107,1921,9297
21108,1921,945
21109,1921,42346
21110,1921,19851
21111,1921,13774
21112,1921,17134
21113,1921,51568
21114,1921,754
21115,1921,26837
21116,1921,41285
21117,1921,8532
21118,1921,23558
21119,1921,49590
21120,1921,11090
21121,1921,2900
21122,1921,10460
21123,1921,904
21124,1921,5762
21125,1921,69430
21126,1921,25457
21127,1921,19762
21128,1921,62680
21129,1921,44206
21130,1921,24695
21131,1921,43210
21132,1921,39453
21133,1921,10327
21134,1921,51913
21135,1921,34737
21136,1921,29220
21137,1921,36888
21138,1921,53075
21139,1921,68800
21140,1921,61792
21141,1921,18031
21142,1921,69146
21143,1921,69484
21144,1921,51307
21145,1921,20033
21146,1921,6682
21147,1921,28084
21148,1921,59902
21149,1921,36224
21150,1921,32704
21151,1921,13448
21152,1921,16847
21153,1921,24126
21154,1921,7380
21155,1921,31877
21156,1921,26018
21157,1921,28683
21158,1921,34440
21159,1921,27684
21160,1921,54445
21161,1921,24987
21162,1921,39254
21163,1921,50200
21164,1921,20138
21165,1921,36710
21166,1921,73613
21167,1921,50390
21168,1921,67093
21169,1921,6870
21170,1921,3032
21171,1921,48227
21172,1921,22475
21173,1921,46189
21174,1921,63011
21175,1921,32732
21176,1921,20097
21177,1921,11400
21178,1921,2020
21179,1921,10496
21180,1921,7464
21181,1921,35681
21182,1921,7971
21183,1921,1159
21184,1921,11581
21185,1921,26950
21186,1921,26854
21187,1921,33985
21188,1921,66818
21189,1921,67679
21190,1921,35833
21191,1921,33471
21192,1921,46376
21193,1921,60625
21194,1921,33733
21195,1921,39718
21196,1921,16148
21197,1921,2724
21198,1921,38848
21199,1921,17446
21200,1921,14085
21201,1921,51965
21202,1921,20921
21203,1921,6382
21204,1921,41319
21205,1921,4733
21206,1921,66029
21207,1921,16968
21208,1921,64398
21209,1921,7310
21210,1921,15794
21211,1921,55701
21212,1921,9858
21213,1921,852
21214,1921,38445
21215,1921,45135
21216,1921,30594
21217,1921,2032
21218,1921,47283
21219,1921,1326
21220,1921,11520
21221,1921,30648
21222,1921,16991
21223,1921,48563
21224,1921,30900
21225,1921,16674
21226,1921,52452
21227,1921,67610
21228,1921,19693
21229,1921,35601
21230,1921,6368
21231,1921,11216
21232,1921,26373
21233,1921,53775
21234,1921,11639
21235,1921,48813
21236,1921,73390
21237,1921,47910
21238,1921,16599
21239,1921,1723
21240,1921,8535
21241,1921,40719
21242,1921,32768
21243,1921,995
21244,1921,14957
21245,1921,28570
21246,1921,29621
21247,1921,5390
21248,1921,71402
21249,1921,23217
21250,1921,37913
21251,1921,35013
21252,1921,44149
21253,1921,5388
21254,1921,9829
21255,1921,57409
21256,1921,1963
21257,1921,62374
21258,1921,12257
21259,1921,37102
21260,1921,17719
21261,1921,66041
21262,1921,43541
21263,1921,29657
21264,1921,14119
21265,1921,44485
21266,1921,3004
21267,1921,54533
21268,1921,26881
21269,1921,23893
21270,1921,11165
21271,1921,15841
21272,1921,47630
21273,1921,30529
21274,1921,22358
21275,1921,53073
21276,1921,5389
21277,1921,47010
21278,1921,40403
21279,1921,8517
21280,1921,28301
21281,1921,21877
21282,1921,15779
21283,1921,34588
21284,1921,29278
21285,1921,35097
21286,1921,18902
21287,1921,47824
21288,1921,28586
21289,1921,27362
21290,1921,37105
21291,1921,17066
21292,1921,25569
21293,1921,51957
21294,1921,38060
21295,1921,264
21296,1921,43846
21297,1921,3756
21298,1921,1960
21299,1921,22245
21300,1921,55976
21301,1921,32964
21302,1921,13937
21303,1921,49336
21304,1921,3254
21305,1921,10221
21306,1921,4025
21307,1921,24767
21308,1921,40043
21309,1921,4694
21310,1921,10376
21311,1921,58226
21312,1921,980
21313,1921,59653
21314,1921,4515
21315,1921,46217
21316,1921,38310
21317,1921,27213
21318,1921,40947
21319,1921,62703
21320,1921,1891
21321,1921,1947
21322,1921,29617
21323,1921,26033
21324,1921,21203
21325,1921,37710
21326,1921,8386
21327,1921,20961
21328,1921,72705
21329,1921,58726
21330,1921,26537
21331,1921,7982
21332,1921,12101
21333,1921,33870
21334,1921,33417
21335,1921,19079
21336,1921,41404
21337,1921,8124
21338,1921,50712
21339,1921,5606
21340,1921,8143
21341,1921,36500
21342,1921,31480
21343,1921,9368
21344,1921,59321
21345,1921,71400
21346,1921,61384
21347,1921,69188
21348,1921,37881
21349,1921,9944
21350,1921,35070
21351,1921,38963
21352,1921,55963
21353,1921,59664
21354,1921,5638
21355,1921,17356
21356,1921,6836
21357,1921,336
21358,1921,53573
21359,1921,59538
21360,1921,2395
21361,1921,6865
21362,1921,15704
21363,1921,24681
21364,1921,18652
21365,1921,24011
21366,1921,57144
21367,1921,20395
21368,1921,6586
21369,1921,1664
21370,1921,12443
21371,1921,43594
21372,1921,5628
21373,1921,46399
21374,1921,57088
21375,1921,61865
21376,1921,6401
21377,1921,4670
21378,1921,8928
21379,1921,12629
21380,1921,15502
21381,1921,34459
21382,1921,47226
21383,1921,20888
21384,1921,1966
21385,1921,4702
21386,1921,67591
21387,1921,67855
21388,1921,29362
21389,1921,22329
21390,1921,5699
21391,1921,18495
21392,1921,4920
21393,1921,9661
21394,1921,15431
21395,1921,26165
21396,1921,17091
21397,1921,66178
21398,1921,3099
21399,1921,60854
21400,1921,14145
21401,1921,9410
21402,1921,61662
21403,1921,32092
21404,1921,16433
21405,1921,9967
21406,1921,1897
21407,1921,20411
21408,1921,34366
21409,1921,43598
21410,1921,15930
21411,1921,67384
21412,1921,52438
21413,1921,12495
21414,1921,41291
21415,1921,19200
21416,1921,2918
21417,1921,11752
21418,1921,56457
21419,1921,36085
21420,1921,2510
21421,1921,1317
21422,1921,35128
21423,1921,72456
21424,1921,40344
21425,1921,66321
21426,1921,51920
21427,1921,36679
21428,1921,21499
21429,1921,58512
21430,1921,39378
21431,1921,43650
21432,1921,26372
21433,1921,39392
21434,1921,52110
21435,1921,41716
21436,1921,41895
21437,1921,26029
21438,1921,38030
21439,1921,13963
21440,1921,6362
21441,1921,41687
21442,1921,14574
21443,1921,48133
21444,1918,15954
21445,1918,51948
21446,1918,9617
21447,1918,51106
21448,1918,34046
21449,1918,41236
21450,1918,37189
21451,1918,68458
21452,1918,43186
21453,1918,15881
21454,1918,17933
21455,1918,51556
21456,1918,7930
21457,1918,455
21458,1918,19114
21459,1918,17016
21460,1918,26320
21461,1918,25269
21462,1918,40949
21463,1918,36111
21464,1918,21613
21465,1918,5399
21466,1918,60686
21467,1918,33531
21468,1918,39022
21469,1918,30847
21470,1918,130
21471,1918,24804
21472,1918,15416
21473,1918,14234
21474,1918,1204
21475,1918,32722
21476,1918,71688
21477,1918,28058
21478,1918,51428
21479,1918,44847
21480,1918,27461
21481,1918,36803
21482,1918,489
21483,1918,30627
21484,1918,32006
21485,1918,23625
21486,1918,43287
21487,1918,61813
21488,1918,55082
21489,1918,8802
21490,1918,13496
21491,1918,66892
21492,1918,10968
21493,1918,14066
21494,1918,35996
21495,1918,70315
21496,1918,44030
21497,1918,11702
21498,1918,52949
21499,1918,33039
21500,1918,50247
21501,1918,36726
21502,1918,34855
21503,1918,1875
21504,1918,15931
21505,1918,17043
21506,1918,12594
21507,1918,9966
21508,1918,34235
21509,1918,68895
21510,1918,40497
21511,1918,5062
21512,1918,43831
21513,1918,960
21514,1918,42574
21515,1918,70659
21516,1918,19872
21517,1918,15148
21518,1918,19495
21519,1918,51410
21520,1918,57236
21521,1918,60068
21522,1918,39527
21523,1918,21882
21524,1918,67361
21525,1918,40318
21526,1918,19719
21527,1918,20374
21528,1918,33959
21529,1918,47957
21530,1918,67193
21531,1918,27786
21532,1918,3033
21533,1918,37510
21534,1918,69240
21535,1918,41889
21536,1918,5654
21537,1918,8890
21538,1918,39735
21539,1918,32050
21540,1918,23601
21541,1918,10837
21542,1918,22193
21543,1918,43843
21544,1918,60547
21545,1918,11211
21546,1918,41978
21547,1918,46382
21548,1918,9820
21549,1918,17034
21550,1918,36485
21551,1918,14587
21552,1918,21874
21553,1918,15524
21554,1918,42691
21555,1918,11395
21556,1918,44984
21557,1918,30287
21558,1918,3410
21559,1918,19661
21560,1918,54292
21561,1918,34333
21562,1918,16871
21563,1918,35179
21564,1918,20111
21565,1918,65889
21566,1918,65046
21567,1918,34943
21568,1918,39518
21569,1918,66877
21570,1918,6070
21571,1918,51653
21572,1918,16929
21573,1918,71078
21574,1918,42699
21575,1918,34426
21576,1918,33532
21577,1918,47474
21578,1918,52840
21579,1918,16168
21580,1918,12296
21581,1918,46905
21582,1918,36531
21583,1918,69633
21584,1918,22530
21585,1918,68950
21586,1918,38141
21587,1918,45994
21588,1918,25283
21589,1918,26951
21590,1918,33996
21591,1918,67078
21592,1918,56223
21593,1918,4910
21594,1918,4332
21595,1918,19706
21596,1918,63689
21597,1918,33906
21598,1918,45645
21599,1918,5962
21600,1918,54057
21601,1918,29644
21602,1918,2030
21603,1918,49001
21604,1918,6656
21605,1918,24364
21606,1918,51212
21607,1918,62909
21608,1918,5713
21609,1918,58886
21610,1918,46323
21611,1918,17647
21612,1918,13573
21613,1918,932
21614,1918,31136
21615,1918,50093
21616,1918,52590
21617,1918,8930
21618,1918,68398
21619,1918,61102
21620,1918,58914
21621,1918,46365
21622,1918,37792
21623,1918,34373
21624,1918,30838
21625,1918,46808
21626,1918,46104
21627,1918,23885
21628,1918,5034
21629,1918,21678
21630,1918,8469
21631,1918,23659
21632,1918,5727
21633,1918,27452
21634,1918,31278
21635,1918,35973
21636,1918,17427
21637,1918,23643
21638,1918,15659
21639,1918,13993
21640,1918,35063
21641,1918,36302
21642,1918,26560
21643,1918,15194
21644,1918,55611
21645,1918,446
21646,1918,44208
21647,1918,14870
21648,1918,17324
21649,1918,36282
21650,1918,37134
21651,1918,2688
21652,1918,63006
21653,1918,33597
21654,1918,35600
21655,1918,67697
21656,1918,28365
21657,1918,16976
21658,1918,44360
21659,1918,53829
21660,1918,6159
21661,1918,66938
21662,1918,5633
21663,1918,44225
21664,1918,67349
21665,1918,28235
21666,1918,51992
21667,1918,29500
21668,1918,37614
21669,1918,32525
21670,1918,30852
21671,1918,24933
21672,1918,55945
21673,1918,54309
21674,1918,9913
21675,1918,1638
21676,1918,48422
21677,1918,57047
21678,1918,7871
21679,1918,32116
21680,1918,41855
21681,1918,68542
21682,1918,24936
21683,1918,21015
21684,1918,29493
21685,1918,37860
21686,1918,40628
21687,1918,19810
21688,1918,9852
21689,1918,27338
21690,1918,13708
21691,1918,36832
21692,1918,39523
21693,1918,49096
21694,1918,22821
21695,1918,11325
21696,1918,242
21697,1918,10159
21698,1918,56948
21699,1918,15464
21700,1918,42799
21701,1918,19389
21702,1918,12673
21703,1918,37086
21704,1918,24393
21705,1918,19978
21706,1918,8331
21707,1918,41560
21708,1918,62939
21709,1918,10025
21710,1918,55279
21711,1918,5677
21712,1918,10080
21713,1918,11490
21714,1918,65941
21715,1918,10210
21716,1918,67661
21717,1918,53756
21718,1918,69989
21719,1918,51601
21720,1918,59536
21721,1918,9650
21722,1918,33760
21723,1918,15069
21724,1918,5616
21725,1918,15665
21726,1918,49328
21727,1918,56830
21728,1918,14638
21729,1918,3676
21730,1918,74469
21731,1918,49453
21732,1918,31124
21733,1918,9970
21734,1918,50859
21735,1918,37181
21736,1918,24829
21737,1918,48565
21738,1918,68257
21739,1918,59013
21740,1918,35616
21741,1918,32322
21742,1918,69651
21743,1918,71337
21744,1918,34474
21745,1918,41126
21746,1918,6814
21747,1918,10463
21748,1918,18553
21749,1918,10930
21750,1918,6860
21751,1918,1217
21752,1918,65913
21753,1918,40646
21754,1918,17259
21755,1918,40502
21756,1918,65047
21757,1918,39056
21758,1918,19965
21759,1918,45742
21760,1918,27642
21761,1918,37686
21762,1918,1270
21763,1918,13497
21764,1918,73149
21765,1918,59475
21766,1918,22720
21767,1918,41444
21768,1918,9813
21769,1918,6093
21770,1918,60846
21771,1918,66320
21772,1918,30349
21773,1918,33134
21774,1918,22357
21775,1918,49454
21776,1918,59519
21777,1918,18018
21778,1918,13739
21779,1918,53249
21780,1918,61711
21781,1918,12643
21782,1918,51340
21783,1918,69646
21784,1918,20631
21785,1918,62448
21786,1918,54023
21787,1918,67428
21788,1918,4046
21789,1918,43864
21790,1918,8103
21791,1918,17745
21792,1918,33674
21793,1918,50089
21794,1918,16691
21795,1918,51091
21796,1918,19850
21797,1918,32472
21798,1918,424
21799,1918,53033
21800,1918,16894
21801,1918,5398
21802,1918,12625
21803,1918,48391
21804,1918,32303
21805,1918,26852
21806,1918,10881
21807,1918,49515
21808,1918,45658
21809,1918,33179
21810,1918,35232
21811,1918,35722
21812,1918,72468
21813,1918,43742
21814,1918,61864
21815,1918,53327
21816,1918,10491
21817,1918,59573
21818,1918,10362
21819,1918,44534
21820,1918,9908
21821,1918,52946
21822,1918,58770
21823,1918,32090
21824,1918,23856
21825,1918,16946
21826,1918,16495
21827,1918,19173
21828,1918,30312
21829,1918,63234
21830,1918,62027
21831,1918,16700
21832,1918,73624
21833,1918,26042
21834,1918,24494
21835,1918,52506
21836,1918,36857
21837,1918,5989
21838,1918,11114
21839,1918,62472
21840,1918,72225
21841,1918,68639
21842,1918,20986
21843,1918,5735
21844,1918,21016
21845,1918,1590
21846,1918,33353
21847,1918,2447
21848,1918,48997
21849,1918,34108
21850,1918,68156
21851,1918,41186
21852,1918,7515
21853,1918,63085
21854,1918,55908
21855,1918,18662
21856,1918,31229
21857,1918,41867
21858,1918,1931
21859,1918,16895
21860,1918,53653
21861,1918,18676
21862,1918,31728
21863,1918,26835
21864,1918,19361
21865,1918,43073
21866,1918,51865
21867,1918,21025
21868,1918,2044
21869,1918,25477
21870,1918,32074
21871,1918,35132
21872,1918,312
21873,1918,16554
21874,1918,50071
21875,1918,36051
21876,1918,7845
21877,1918,48880
21878,1918,4400
21879,1918,37752
21880,1918,3232
21881,1918,8253
21882,1918,28510
21883,1918,30047
21884,1918,41508
21885,1918,19986
21886,1918,16155
21887,1918,67419
21888,1918,14345
21889,1918,60406
21890,1918,29258
21891,1918,69562
21892,1918,16963
21893,1918,32308
21894,1918,51907
21895,1918,48950
21896,1918,69882
21897,1918,23663
21898,1918,57199
21899,1918,8276
21900,1918,9836
21901,1918,551
21902,1918,35198
21903,1918,34671
21904,1918,30294
21905,1918,37017
21906,1918,28394
21907,1918,15302
21908,1918,68473
21909,1918,8440
21910,1918,59203
21911,1918,33338
21912,1918,16769
21913,1918,13355
21914,1918,30507
21915,1918,36849
21916,1918,51928
21917,1918,4684
21918,1918,53289
21919,1918,15230
21920,1918,26391
21921,1918,50171
21922,1918,37972
21923,1918,36514
21924,1918,26074
21925,1918,35515
21926,1918,73059
21927,1918,36428
21928,1918,40273
21929,1918,48891
21930,1918,51055
21931,1918,4091
21932,1918,54099
21933,1918,17511
21934,1920,9978
21935,1920,35378
21936,1920,3457
21937,1920,12596
21938,1920,38587
21939,1920,34839
21940,1920,10718
21941,1920,20195
21942,1920,16731
21943,1920,17481
21944,1920,17469
21945,1920,6912
21946,1920,25813
21947,1920,37753
21948,1920,18277
21949,1920,33552
21950,1920,28229
21951,1920,20196
21952,1920,62816
21953,1920,15306
21954,1920,60901
21955,1920,23727
21956,1920,48626
21957,1920,4213
21958,1920,8740
21959,1920,6882
21960,1920,58289
21961,1920,38052
21962,1920,41619
21963,1920,14573
21964,1920,5790
21965,1920,21644
21966,1920,54595
21967,1920,45740
21968,1920,18190
21969,1920,51
21970,1920,11093
21971,1920,38694
21972,1920,32053
21973,1920,17318
21974,1920,38645
21975,1920,30006
21976,1920,49547
21977,1920,36757
21978,1920,33594
21979,1920,32217
21980,1920,11161
21981,1920,34117
21982,1920,435
21983,1920,4216
21984,1920,50497
21985,1920,44154
21986,1920,36967
21987,1920,74442
21988,1920,29407
21989,1920,65384
21990,1920,13360
21991,1920,1612
21992,1920,2916
21993,1920,29881
21994,1920,71818
21995,1920,5006
21996,1920,50232
21997,1920,37258
21998,1920,3604
21999,1920,68984
22000,1920,44982
22001,1920,18933
22002,1920,15380
22003,1920,69691
22004,1920,57689
22005,1920,3796
22006,1920,17697
22007,1920,4707
22008,1920,20633
22009,1920,13801
22010,1920,30578
22011,1920,15495
22012,1920,61341
22013,1920,40914
22014,1920,26396
22015,1920,17299
22016,1920,22904
22017,1920,24450
22018,1920,5815
22019,1920,3479
22020,1920,35991
22021,1920,68964
22022,1920,41408
22023,1920,40852
22024,1920,66696
22025,1920,9808
22026,1920,50050
22027,1920,13764
22028,1920,44155
22029,1920,14637
22030,1920,40507
22031,1920,40650
22032,1920,47959
22033,1920,34081
22034,1920,38039
22035,1920,48928
22036,1920,19557
22037,1920,37376
22038,1920,70401
22039,1920,13880
22040,1920,13532
22041,1920,50446
22042,1920,45898
22043,1920,18559
22044,1920,66404
22045,1920,33741
22046,1920,47429
22047,1920,8442
22048,1920,22152
22049,1920,73603
22050,1920,20912
22051,1920,61925
22052,1920,63090
22053,1920,58498
22054,1920,14154
22055,1920,22699
22056,1920,69712
22057,1920,64001
22058,1920,53814
22059,1920,70140
22060,1920,11774
22061,1920,37238
22062,1920,40826
22063,1920,20213
22064,1920,67207
22065,1920,21996
22066,1920,20629
22067,1920,7208
22068,1920,40360
22069,1920,34511
22070,1920,3538
22071,1920,11335
22072,1920,14477
22073,1920,7764
22074,1920,33587
22075,1920,4980
22076,1920,55760
22077,1920,2917
22078,1920,1040
22079,1920,50188
22080,1920,68802
22081,1920,12436
22082,1920,54895
22083,1920,69271
22084,1920,30257
22085,1920,58198
22086,1920,5315
22087,1920,60057
22088,1920,44326
22089,1920,32826
22090,1920,11163
22091,1920,73352
22092,1920,541
22093,1920,19970
22094,1920,3263
22095,1920,41308
22096,1920,4557
22097,1920,62278
22098,1920,34654
22099,1920,30560
22100,1920,36032
22101,1920,72563
22102,1920,53751
22103,1920,21887
22104,1920,57190
22105,1920,33400
22106,1920,1271
22107,1920,37408
22108,1920,1329
22109,1920,18505
22110,1920,73082
22111,1920,20533
22112,1920,69486
22113,1920,12656
22114,1920,54022
22115,1920,24435
22116,1920,5241
22117,1920,34280
22118,1920,18644
22119,1920,9657
22120,1920,20546
22121,1920,43837
22122,1920,40501
22123,1920,28855
22124,1920,53508
22125,1920,35749
22126,1920,5776
22127,1920,22107
22128,1920,41529
22129,1920,37212
22130,1920,56101
22131,1920,13498
22132,1920,5717
22133,1920,10316
22134,1920,39218
22135,1920,10972
22136,1920,41764
22137,1920,37271
22138,1920,48907
22139,1920,11875
22140,1920,44215
22141,1920,51746
22142,1920,8660
22143,1920,51495
22144,1920,48525
22145,1920,3491
22146,1920,31192
22147,1920,41559
22148,1920,48230
22149,1920,21412
22150,1920,9862
22151,1920,19691
22152,1920,42162
22153,1920,47141
22154,1920,55286
22155,1920,8221
22156,1920,10076
22157,1920,46191
22158,1920,9834
22159,1920,73081
22160,1920,2915
22161,1920,31781
22162,1920,1741
22163,1920,29420
22164,1920,14325
22165,1920,67937
22166,1920,36730
22167,1920,73301
22168,1920,71494
22169,1920,45181
22170,1920,25306
22171,1920,28482
22172,1920,53997
22173,1920,31029
22174,1920,34812
22175,1920,36547
22176,1920,12478
22177,1920,36697
22178,1920,55221
22179,1920,12265
22180,1920,32601
22181,1920,58241
22182,1920,7521
22183,1920,64191
22184,1920,5702
22185,1920,8125
22186,1920,56579
22187,1920,55663
22188,1920,11960
22189,1920,32615
22190,1920,39042
22191,1920,5696
22192,1920,47347
22193,1920,1913
22194,1920,72765
22195,1920,16541
22196,1920,33684
22197,1920,53319
22198,1920,49459
22199,1920,34307
22200,1920,67333
22201,1920,28426
22202,1920,67581
22203,1920,27765
22204,1920,48392
22205,1920,10599
22206,1920,501
22207,1920,43284
22208,1920,32438
22209,1920,21656
22210,1920,46149
22211,1920,72320
22212,1920,39994
22213,1920,30865
22214,1920,52699
22215,1920,59936
22216,1920,15503
22217,1920,61618
22218,1920,4539
22219,1920,60996
22220,1920,6840
22221,1920,37007
22222,1920,72891
22223,1920,40104
22224,1920,2892
22225,1920,25892
22226,1920,34263
22227,1920,15429
22228,1920,1970
22229,1920,25523
22230,1920,15940
22231,1920,12239
22232,1920,60239
22233,1920,37964
22234,1920,40089
22235,1920,34673
22236,1920,21668
22237,1920,32042
22238,1920,5797
22239,1920,16823
22240,1920,35268
22241,1920,36908
22242,1920,5088
22243,1920,6366
22244,1920,12585
22245,1920,53261
22246,1920,10978
22247,1920,18378
22248,1920,445
22249,1920,1401
22250,1920,36999
22251,1920,35025
22252,1920,47900
22253,1920,53252
22254,1920,14735
22255,1920,39364
22256,1920,41912
22257,1920,17205
22258,1920,56178
22259,1920,43026
22260,1920,26001
22261,1920,16699
22262,1920,24797
22263,1920,16452
22264,1920,26557
22265,1920,20044
22266,1920,60780
22267,1920,44226
22268,1920,2391
22269,1920,11950
22270,1920,6135
22271,1920,25774
22272,1920,40853
22273,1920,33101
22274,1920,57375
22275,1920,35704
22276,1920,7931
22277,1920,21532
22278,1920,51743
22279,1920,50346
22280,1920,49823
22281,1920,23538
22282,1920,18879
22283,1920,4530
22284,1920,34567
22285,1920,5340
22286,1920,71045
22287,1920,1246
22288,1920,40361
22289,1920,64317
22290,1920,60120
22291,1920,22180
22292,1920,8104
22293,1920,73376
22294,1920,18943
22295,1920,56681
22296,1920,1561
22297,1920,36523
22298,1920,3264
22299,1920,40175
22300,1920,37186
22301,1920,38171
22302,1920,39422
22303,1920,32770
22304,1920,26260
22305,1920,57271
22306,1920,805
22307,1920,42204
22308,1920,70390
22309,1920,35072
22310,1920,64967
22311,1920,10409
22312,1920,45942
22313,1920,2161
22314,1920,27471
22315,1920,8736
22316,1920,61696
22317,1920,24920
22318,1920,15323
22319,1920,15446
22320,1920,67513
22321,1920,63558
22322,1920,63892
22323,1920,35254
22324,1920,65907
22325,1920,34903
22326,1920,72130
22327,1920,68785
22328,1920,25814
22329,1920,12360
22330,1920,74664
22331,1920,4331
22332,1920,69186
22333,1920,19946
22334,1920,61686
22335,1920,13368
22336,1920,5746
22337,1920,30082
22338,1920,49771
22339,1920,27272
22340,1920,65842
22341,1920,16579
22342,1920,28516
22343,1920,43644
22344,1920,5263
22345,1920,6014
22346,1920,45711
22347,1920,49278
22348,1920,11143
22349,1920,22895
22350,1920,50588
22351,1920,17732
22352,1920,60271
22353,1920,69739
22354,1920,61281
22355,1920,4745
22356,1920,1418
22357,1920,15718
22358,1920,43011
22359,1920,14760
22360,1920,54865
22361,1920,23450
22362,1920,46405
22363,1920,15189
22364,1920,50405
22365,1920,48219
22366,1920,59204
22367,1920,40186
22368,1920,22403
22369,1920,22651
22370,1920,30758
22371,1920,385
22372,1920,9864
22373,1920,31250
22374,1920,25388
22375,1920,33877
22376,1920,42233
22377,1920,15242
22378,1920,66887
22379,1920,29753
22380,1920,20336
22381,1920,48420
22382,1920,59806
22383,1920,2861
22384,1920,60109
22385,1920,1747
22386,1920,1956
22387,1920,26061
22388,1920,50274
22389,1920,54858
22390,1920,11104
22391,1920,13468
22392,1920,40087
22393,1920,16048
22394,1920,65112
22395,1920,591
22396,1920,21502
22397,1920,47089
22398,1920,51642
22399,1920,68716
22400,1920,37032
22401,1920,43299
22402,1920,13555
22403,1920,31415
22404,1920,67752
22405,1920,10429
22406,1920,39211
22407,1920,2767
22408,1920,49322
22409,1920,56001
22410,1920,50488
22411,1920,39950
22412,1920,69468
22413,1920,12026
22414,1920,29656
22415,1920,31127
22416,1920,4368
22417,1920,59854
22418,1920,3827
22419,1920,17448
22420,1920,24332
22421,1920,10374
22422,1920,13488
22423,1920,22306
22424,1920,34208
22425,1920,29604
22426,1920,35078
22427,1920,24259
22428,1920,62516
22429,1920,26672
22430,1920,29489
22431,1920,9867
22432,1920,68749
22433,1920,46884
22434,1920,58830
22435,1920,18219
22436,1920,65761
22437,1920,11000
22438,1920,17625
22439,1920,50131
22440,1920,16771
22441,1920,56059
22442,1920,72490
22443,1920,15210
22444,1920,14825
22445,1920,70345
22446,1920,66132
22447,1920,65825
22448,1920,69150
22449,1920,29865
22450,1920,1379
22451,1920,27882
22452,1920,7252
22453,1920,6073
22454,1920,50090
22455,1920,43635
22456,1920,5335
22457,1920,23343
22458,1920,50066
22459,1920,36233
22460,1920,8165
22461,1920,30618
22462,1920,51076
22463,1920,29501
22464,1920,33776
22465,1920,18470
22466,1920,39935
22467,1920,37177
22468,1920,5425
22469,1920,46474
22470,1920,42085
22471,1920,58785
22472,1920,5058
22473,1920,42772
22474,1920,54369
22475,1920,70698
22476,1920,4682
22477,1920,5308
22478,1920,31496
22479,1920,60413
22480,1920,44796
22481,1920,72916
22482,1920,33668
22483,1920,39255
22484,1920,24069
22485,1920,69823
22486,1920,42216
22487,1920,25867
22488,1920,31792
22489,1920,51717
22490,1920,34477
22491,1920,69281
22492,1920,6452
22493,1920,12329
22494,1920,6837
22495,1920,14196
22496,1920,20095
22497,1920,36281
22498,1920,16076
22499,1973,72190
22500,1973,60159
22501,1973,59447
22502,1973,24978
22503,1973,51842
22504,1973,29940
22505,1819,34762
22506,1819,5217
22507,1819,43751
22508,1819,33310
22509,1819,63117
22510,1819,20891
22511,1819,30364
22512,1819,31747
22513,1819,42359
22514,1819,27577
22515,1819,58114
22516,1819,48481
22517,1819,18979
22518,1819,56328
22519,1819,6087
22520,1819,62167
22521,1819,73187
22522,1819,49071
22523,1801,48983
22524,1801,1397
22525,1801,2982
22526,1801,36178
22527,1801,6790
22528,1801,13121
22529,1801,39804
22530,1801,8404
22531,1991,60682
22532,1839,31006
22533,1839,35958
22534,1839,12315
22535,1839,14929
22536,1839,896
22537,1839,8428
22538,1839,43417
22539,1839,12507
22540,1839,15128
22541,1839,55844
22542,1839,24416
22543,1839,15618
22544,1839,12428
22545,1839,944
22546,1839,43506
22547,1839,25206
22548,1839,10634
22549,1839,12954
22550,1839,740
22551,1839,44881
22552,1839,65171
22553,1839,19256
22554,1839,42719
22555,1839,14986
22556,1839,32811
22557,1839,24993
22558,1839,67017
22559,1839,35870
22560,1839,21565
22561,1839,3704
22562,1839,48046
22563,1839,66473
22564,1839,44562
22565,1839,57350
22566,1839,10633
22567,1839,25548
22568,1839,42833
22569,1839,49930
22570,1839,42832
22571,1839,21573
22572,1839,68457
22573,1839,61074
22574,1839,47169
22575,1839,23989
22576,1839,40428
22577,1839,41014
22578,1839,24210
22579,1792,9468
22580,1792,11449
22581,1792,64701
22582,1792,48056
22583,1792,15411
22584,1792,72452
22585,1870,74871
22586,1870,55926
22587,1870,38661
22588,1870,21491
22589,1870,34211
22590,1870,54793
22591,1870,3823
22592,1870,69582
22593,1870,20836
22594,1870,23051
22595,1870,61804
22596,1870,42657
22597,1870,38116
22598,1870,44798
22599,1870,54823
22600,1870,45859
22601,1870,45178
22602,1870,4506
22603,1870,564
22604,1870,1312
22605,1870,48925
22606,1870,35702
22607,1870,27457
22608,1870,24659
22609,1870,24885
22610,1870,27712
22611,1870,9399
22612,1870,10762
22613,1870,1586
22614,1870,7831
22615,1870,23190
22616,1870,52030
22617,1870,30555
22618,1870,22428
22619,1870,13806
22620,1870,807
22621,1870,15355
22622,1870,5179
22623,1870,2934
22624,1870,16729
22625,1870,38352
22626,1870,52973
22627,1870,37106
22628,1870,8589
22629,1870,40504
22630,1870,41210
22631,1870,1467
22632,1870,53348
22633,1870,24699
22634,1870,20984
22635,1870,1238
22636,1870,3177
22637,1870,62410
22638,1870,26009
22639,1870,63980
22640,1870,10456
22641,1870,44072
22642,1870,2171
22643,1870,14562
22644,1870,61455
22645,1870,12172
22646,1870,52906
22647,1870,36324
22648,1870,28381
22649,1870,45401
22650,1870,47186
22651,1870,7278
22652,1870,22013
22653,1870,2154
22654,1870,13811
22655,1870,6303
22656,1870,42593
22657,1870,20580
22658,1870,12430
22659,1870,581
22660,1870,40952
22661,1870,9103
22662,1870,54863
22663,1870,21383
22664,1870,36266
22665,1870,65291
22666,1870,18279
22667,1870,56232
22668,1870,1392
22669,1870,164
22670,1870,38097
22671,1870,6764
22672,1870,53645
22673,1870,1697
22674,1870,1435
22675,1870,38486
22676,1870,9896
22677,1870,34022
22678,1870,2930
22679,1870,56927
22680,1870,32923
22681,1870,27571
22682,1870,1948
22683,1870,9997
22684,1870,63958
22685,1870,21735
22686,1870,12328
22687,1870,37055
22688,1870,10141
22689,1870,39204
22690,1870,19164
22691,1870,27737
22692,1870,64470
22693,1870,810
22694,1870,25224
22695,1870,32047
22696,1870,66172
22697,1870,45919
22698,1870,34667
22699,1870,27981
22700,1870,2497
22701,1870,35687
22702,1870,58288
22703,1870,2400
22704,1870,34335
22705,1870,11145
22706,1870,3424
22707,1870,34865
22708,1870,14644
22709,1870,48511
22710,1870,24755
22711,1870,25967
22712,1870,34486
22713,1870,1757
22714,1870,49439
22715,1870,16942
22716,1870,14485
22717,1870,45402
22718,1870,872
22719,1870,8678
22720,1870,16087
22721,1941,68887
22722,1941,50400
22723,1941,50960
22724,1941,30772
22725,1941,32420
22726,1941,5070
22727,1941,32440
22728,1941,41715
22729,1941,50309
22730,1941,13307
22731,1941,18119
22732,1941,58665
22733,1941,62037
22734,1941,60671
22735,1941,50465
22736,1941,26855
22737,1938,71867
22738,1938,65850
22739,1938,24352
22740,1938,38130
22741,1938,63169
22742,1938,49762
22743,1938,34200
22744,1938,16793
22745,1938,63170
22746,1938,58974
22747,1938,33348
22748,1938,65731
22749,1938,58983
22750,1938,33772
22751,1938,17280
22752,1938,3317
22753,1938,56610
22754,1938,18817
22755,1938,40350
22756,1938,56085
22757,1938,33505
22758,1857,57318
22759,1857,36678
22760,1857,45172
22761,1857,1480
22762,1857,45385
22763,1857,26735
22764,1857,48631
22765,1857,11214
22766,1857,34668
22767,1857,11926
22768,1857,17961
22769,1857,43092
22770,1857,63376
22771,1857,26939
22772,1857,49290
22773,1857,53847
22774,1857,20233
22775,1857,55813
22776,1857,1969
22777,1857,53938
22778,1857,7124
22779,1857,10920
22780,1857,12622
22781,1857,32300
22782,1857,41077
22783,1857,30668
22784,1857,4811
22785,1857,19754
22786,1857,15040
22787,1857,7079
22788,1857,3409
22789,1857,33556
22790,1857,17780
22791,1857,25767
22792,1857,21819
22793,1857,24840
22794,1857,16751
22795,1857,1700
22796,1857,32224
22797,1857,4900
22798,1857,1406
22799,1857,50760
22800,1857,5108
22801,1857,26445
22802,1857,5868
22803,1857,16114
22804,1857,48724
22805,1857,45003
22806,1857,68631
22807,1857,36544
22808,1857,41355
22809,1857,4981
22810,1857,8207
22811,1857,43404
22812,1857,21816
22813,1857,4492
22814,1857,646
22815,1857,28125
22816,1857,54772
22817,1857,39910
22818,1857,19473
22819,1857,14762
22820,1857,21721
22821,1857,7481
22822,1857,1827
22823,1857,49544
22824,1857,73138
22825,1857,67284
22826,1857,42539
22827,1857,2699
22828,1857,4836
22829,1857,60503
22830,1857,53795
22831,1857,1990
22832,1857,12173
22833,1857,28547
22834,1857,44140
22835,1857,21745
22836,1857,60687
22837,1857,13471
22838,1857,4499
22839,1857,60066
22840,1857,56006
22841,1857,11137
22842,1857,27299
22843,1857,8123
22844,1857,40943
22845,1857,47748
22846,1857,31866
22847,1857,14182
22848,1857,35481
22849,1857,17135
22850,1857,71522
22851,1830,3760
22852,1830,17684
22853,1830,29631
22854,1830,7624
22855,1830,16570
22856,1830,1216
22857,1830,66749
22858,1830,11585
22859,1830,7634
22860,1830,43877
22861,1830,16549
22862,1830,7631
22863,1830,14841
22864,1830,7626
22865,1830,7835
22866,1830,14461
22867,1830,7732
22868,1830,44560
22869,1830,20004
22870,1830,12445
22871,1830,7632
22872,1830,7592
22873,1830,54974
22874,1830,12567
22875,1830,66078
22876,1830,7728
22877,1830,7635
22878,1830,7735
22879,1830,7630
22880,1830,56535
22881,1830,19771
22882,1830,7628
22883,1830,7734
22884,1830,7629
22885,1830,7639
22886,1830,7730
22887,1830,7733
22888,1830,7625
22889,1830,7638
22890,1830,55063
22891,1830,44520
22892,1830,7627
22893,1830,7633
22894,1830,10421
22895,1830,56534
22896,1830,7729
22897,1830,7731
22898,1830,22626
22899,1752,3356
22900,1820,53686
22901,1820,741
22902,1820,44851
22903,1820,61930
22904,1820,67824
22905,1820,69389
22906,1820,5334
22907,1820,70189
22908,1820,36515
22909,1820,43693
22910,1820,67755
22911,1820,65357
22912,1820,63792
22913,1820,35602
22914,1820,49620
22915,1820,22254
22916,1820,22553
22917,1913,8501
22918,1913,61678
22919,1913,24556
22920,1913,7430
22921,1913,14519
22922,1913,68459
22923,1913,72176
22924,1913,31618
22925,1913,4786
22926,1913,6842
22927,1913,55291
22928,1913,65561
22929,1913,14715
22930,1913,36992
22931,1913,53958
22932,1913,13894
22933,1913,24073
22934,1913,21854
22935,1913,19880
22936,1913,10684
22937,1913,26622
22938,1913,64
22939,1913,53406
22940,1913,41089
22941,1913,61478
22942,1913,70880
22943,1913,49609
22944,1913,42835
22945,1913,30826
22946,1913,11127
22947,1913,69869
22948,1913,23741
22949,1913,29629
22950,1913,29978
22951,1913,72074
22952,1913,37513
22953,1913,5357
22954,1913,30336
22955,1913,20194
22956,1913,24595
22957,1913,45299
22958,1913,5363
22959,1913,9879
22960,1913,5625
22961,1913,20131
22962,1913,18577
22963,1913,34415
22964,1913,42801
22965,1913,27616
22966,1913,32965
22967,1913,57704
22968,1913,27051
22969,1913,6325
22970,1913,10736
22971,1913,36220
22972,1913,9323
22973,1913,1450
22974,1913,29405
22975,1913,11749
22976,1913,17402
22977,1913,7164
22978,1913,10631
22979,1913,44150
22980,1913,48834
22981,1913,29422
22982,1913,69590
22983,1913,48588
22984,1913,42382
22985,1913,69131
22986,1913,60308
22987,1913,38917
22988,1913,58691
22989,1913,44576
22990,1913,1686
22991,1913,44334
22992,1913,58053
22993,1913,30709
22994,1913,49054
22995,1913,7379
22996,1913,29691
22997,1913,16573
22998,1913,9844
22999,1913,12642
23000,1913,67216
23001,1913,19468
23002,1913,53106
23003,1913,54542
23004,1913,56607
23005,1913,1846
23006,1913,4525
23007,1913,26365
23008,1913,6683
23009,1913,4671
23010,1913,24066
23011,1913,15874
23012,1913,18730
23013,1913,502
23014,1913,30683
23015,1913,71066
23016,1913,24676
23017,1913,22483
23018,1913,2347
23019,1913,48649
23020,1913,23638
23021,1913,42398
23022,1913,13043
23023,1913,29981
23024,1913,1701
23025,1913,22485
23026,1913,21213
23027,1913,5253
23028,1913,5794
23029,1913,18359
23030,1913,54544
23031,1913,40717
23032,1913,18307
23033,1913,13767
23034,1913,22803
23035,1913,27700
23036,1913,26254
23037,1913,38535
23038,1913,22432
23039,1913,30822
23040,1913,45712
23041,1913,12220
23042,1913,14605
23043,1913,2993
23044,1913,46963
23045,1913,12611
23046,1913,10988
23047,1913,37711
23048,1913,18273
23049,1913,12535
23050,1913,15154
23051,1913,11144
23052,1913,56414
23053,1913,47634
23054,1913,40105
23055,1913,45103
23056,1913,297
23057,1913,4387
23058,1913,65765
23059,1913,5359
23060,1913,34909
23061,1913,17771
23062,1913,45866
23063,1913,13756
23064,1913,19753
23065,1913,51926
23066,1913,31202
23067,1913,63207
23068,1913,28642
23069,1913,1157
23070,1913,55948
23071,1913,54058
23072,1913,14090
23073,1913,8878
23074,1913,12424
23075,1913,42811
23076,1913,60337
23077,1913,9507
23078,1913,58840
23079,1913,2014
23080,1913,41501
23081,1913,47399
23082,1913,27578
23083,1913,14392
23084,1913,25562
23085,1913,5003
23086,1913,905
23087,1913,48942
23088,1913,19043
23089,1913,33542
23090,1913,2283
23091,1913,31991
23092,1913,46169
23093,1913,67675
23094,1913,37062
23095,1913,14264
23096,1913,20423
23097,1913,65121
23098,1913,13833
23099,1913,40762
23100,1913,29399
23101,1913,68590
23102,1913,22807
23103,1913,73074
23104,1913,44987
23105,1913,57097
23106,1913,7800
23107,1913,217
23108,1913,65323
23109,1913,1566
23110,1913,1752
23111,1913,9635
23112,1913,38647
23113,1913,73510
23114,1913,35448
23115,1913,63947
23116,1913,60153
23117,1913,1825
23118,1913,9663
23119,1913,60017
23120,1913,126
23121,1913,65762
23122,1913,29088
23123,1913,29280
23124,1913,5722
23125,1913,35619
23126,1913,55340
23127,1913,22292
23128,1913,63896
23129,1913,8662
23130,1913,18486
23131,1913,46483
23132,1913,5361
23133,1913,2029
23134,1913,14456
23135,1913,57297
23136,1913,32197
23137,1913,54801
23138,1913,11584
23139,1913,5261
23140,1913,20455
23141,1913,35859
23142,1913,20215
23143,1913,39970
23144,1913,25728
23145,1913,35003
23146,1913,31319
23147,1913,32936
23148,1913,20127
23149,1913,10613
23150,1913,28017
23151,1913,42441
23152,1913,7017
23153,1913,6867
23154,1913,35572
23155,1913,13679
23156,1913,36502
23157,1913,35706
23158,1913,69650
23159,1913,15101
23160,1913,20139
23161,1913,31507
23162,1913,24565
23163,1913,2514
23164,1913,12680
23165,1913,40578
23166,1913,17658
23167,1913,6715
23168,1913,7936
23169,1913,26942
23170,1913,43703
23171,1913,7887
23172,1913,13983
23173,1913,2568
23174,1913,37612
23175,1913,58937
23176,1913,69130
23177,1913,3021
23178,1913,17470
23179,1913,51922
23180,1913,27233
23181,1913,33407
23182,1913,33798
23183,1913,286
23184,1913,50315
23185,1913,33519
23186,1913,25857
23187,1913,37479
23188,1913,31099
23189,1913,18233
23190,1913,34713
23191,1913,14174
23192,1913,50087
23193,1913,31557
23194,1913,4510
23195,1913,52729
23196,1913,5769
23197,1913,55110
23198,1913,16777
23199,1913,6021
23200,1913,38977
23201,1913,35109
23202,1913,27511
23203,1913,19094
23204,1913,54980
23205,1913,7776
23206,1913,3621
23207,1913,17064
23208,1913,10485
23209,1913,14451
23210,1913,4393
23211,1913,55781
23212,1913,15767
23213,1913,73472
23214,1913,27071
23215,1913,41859
23216,1913,40997
23217,1913,64660
23218,1913,30193
23219,1913,6473
23220,1913,66702
23221,1913,15003
23222,1913,14597
23223,1913,5844
23224,1913,71196
23225,1913,17103
23226,1913,30925
23227,1913,38349
23228,1913,69191
23229,1913,11935
23230,1913,70035
23231,1913,65614
23232,1913,67628
23233,1913,60627
23234,1913,1337
23235,1913,71708
23236,1913,72028
23237,1913,53891
23238,1913,47598
23239,1913,5002
23240,1913,60938
23241,1913,16158
23242,1913,35147
23243,1913,28441
23244,1913,51927
23245,1913,31942
23246,1913,60082
23247,1913,55172
23248,1913,39740
23249,1913,28461
23250,1913,28878
23251,1913,51578
23252,1913,42124
23253,1913,5793
23254,1913,65129
23255,1913,38542
23256,1913,66126
23257,1913,4348
23258,1913,35021
23259,1913,64476
23260,1913,28420
23261,1913,68174
23262,1913,73605
23263,1913,34196
23264,1913,54163
23265,1913,44916
23266,1913,7833
23267,1913,62288
23268,1913,14863
23269,1913,51219
23270,1913,32094
23271,1913,22911
23272,1913,51153
23273,1913,45714
23274,1913,13547
23275,1913,4043
23276,1913,9996
23277,1913,33103
23278,1913,59273
23279,1913,71667
23280,1913,65884
23281,1913,38753
23282,1913,36065
23283,1913,1348
23284,1913,38206
23285,1913,46555
23286,1913,5362
23287,1913,55523
23288,1913,58680
23289,1913,17040
23290,1913,34912
23291,1913,25907
23292,1913,3058
23293,1913,73430
23294,1913,55022
23295,1913,17903
23296,1913,9805
23297,1913,96
23298,1913,11079
23299,1913,17782
23300,1913,19147
23301,1913,26316
23302,1913,14854
23303,1913,28276
23304,1913,26880
23305,1913,7489
23306,1913,5360
23307,1913,5064
23308,1913,14506
23309,1913,38023
23310,1913,19135
23311,1913,52888
23312,1913,50253
23313,1913,5183
23314,1913,68493
23315,1913,46796
23316,1913,223
23317,1913,14004
23318,1913,39003
23319,1913,28251
23320,1913,5145
23321,1913,71500
23322,1913,31765
23323,1913,18539
23324,1913,43088
23325,1913,54749
23326,1913,5358
23327,1913,9989
23328,1913,15923
23329,1913,13273
23330,1913,47947
23331,1913,52365
23332,1913,63503
23333,1913,1059
23334,1913,30340
23335,1913,45814
23336,1913,9917
23337,1913,25916
23338,1913,16305
23339,1913,69392
23340,1913,51877
23341,1913,6100
23342,1913,38043
23343,1913,26633
23344,1913,22417
23345,1913,41242
23346,1913,49772
23347,1913,68390
23348,1913,73116
23349,1913,19036
23350,1913,46258
23351,1913,60606
23352,1913,28431
23353,1913,21776
23354,1913,1029
23355,1913,35424
23356,1913,60375
23357,1913,26643
23358,1913,37781
23359,1913,42542
23360,1913,5174
23361,1913,12557
23362,1913,39237
23363,1913,31602
23364,1913,15743
23365,1913,24340
23366,1913,13985
23367,1913,24858
23368,1913,24799
23369,1913,52841
23370,1913,6766
23371,1913,53988
23372,1913,24979
23373,1913,12542
23374,1913,51942
23375,1913,53021
23376,1913,47658
23377,1913,1186
23378,1913,28244
23379,1913,44025
23380,1913,15444
23381,1913,49854
23382,1913,5624
23383,1913,70959
23384,1913,44336
23385,1913,26131
23386,1913,38032
23387,1913,16309
23388,1913,42282
23389,1913,38860
23390,1913,26115
23391,1913,67018
23392,1913,64565
23393,1913,38167
23394,1913,81
23395,1913,58463
23396,1913,318
23397,1913,54125
23398,1913,26670
23399,1913,22692
23400,1913,41202
23401,1913,14189
23402,1913,51633
23403,1913,62036
23404,1913,60100
23405,1913,62495
23406,1913,50415
23407,1913,53611
23408,1913,63268
23409,1913,40168
23410,1913,44458
23411,1913,54261
23412,1913,49832
23413,1913,6686
23414,1913,68017
23415,1913,6932
23416,1913,36620
23417,1913,26486
23418,1913,19491
23419,1913,2192
23420,1913,32603
23421,1913,19943
23422,1913,30733
23423,1913,47228
23424,1913,28711
23425,1913,45396
23426,1913,16602
23427,1913,41394
23428,1913,19528
23429,1913,45441
23430,1913,15759
23431,1913,11936
23432,1913,18671
23433,1913,6016
23434,1913,55116
23435,1913,26565
23436,1913,10605
23437,1913,5233
23438,1913,22810
23439,1913,48865
23440,1913,14469
23441,1913,14540
23442,1913,39252
23443,1913,58664
23444,1913,60457
23445,1913,5356
23446,1913,31578
23447,1913,173
23448,1913,5310
23449,1913,31709
23450,1913,10398
23451,1913,19656
23452,1913,41582
23453,1913,56999
23454,1913,11052
23455,1913,9816
23456,1913,68941
23457,1913,24
23458,1913,18639
23459,1913,12187
23460,1913,26702
23461,1913,21110
23462,1913,6600
23463,1913,13722
23464,1913,47364
23465,1913,38540
23466,1913,37113
23467,1913,955
23468,1913,24907
23469,1913,13612
23470,1913,60727
23471,1913,10750
23472,1913,61673
23473,1913,36198
23474,1913,38675
23475,1913,36543
23476,1913,49256
23477,1913,52668
23478,1913,45156
23479,1913,40487
23480,1913,10815
23481,1913,65992
23482,1913,41466
23483,1913,21006
23484,1913,18100
23485,1913,73237
23486,1913,19041
23487,1913,53994
23488,1913,46590
23489,1913,60124
23490,1913,52328
23491,1913,19363
23492,1913,5364
23493,1913,41604
23494,1913,40884
23495,1913,13613
23496,1913,42403
23497,1929,35180
23498,1929,56466
23499,1929,26532
23500,1929,61937
23501,1929,66859
23502,1929,52515
23503,1929,67915
23504,1929,15737
23505,1929,7414
23506,1929,70271
23507,1929,71371
23508,1929,69798
23509,1929,16960
23510,1929,40664
23511,1929,43584
23512,1929,73011
23513,1929,70199
23514,1929,72816
23515,1929,70516
23516,1929,43514
23517,1929,69958
23518,1929,41015
23519,1929,5037
23520,1929,72883
23521,1929,7471
23522,1929,73648
23523,1929,5351
23524,1929,15528
23525,1929,35909
23526,1849,49281
23527,1849,22690
23528,1849,68446
23529,1849,70481
23530,1849,62871
23531,1849,48156
23532,1849,39104
23533,1849,15493
23534,1849,53609
23535,1849,2614
23536,1849,10898
23537,1849,54928
23538,1849,4638
23539,1849,39640
23540,1849,10794
23541,1849,63740
23542,1849,20477
23543,1849,41899
23544,1849,64992
23545,1849,41957
23546,1849,15563
23547,1849,71572
23548,1849,2647
23549,1849,58575
23550,1849,9294
23551,1849,70086
23552,1849,27732
23553,1849,16545
23554,1849,55428
23555,1849,10945
23556,1849,65003
23557,1849,51187
23558,1849,21630
23559,1849,45005
23560,1849,72129
23561,1849,66185
23562,1849,18196
23563,1849,55589
23564,1849,1933
23565,1849,168
23566,1849,13721
23567,1849,4232
23568,1849,40886
23569,1849,1468
23570,1869,40023
23571,1869,61730
23572,1869,40692
23573,1869,44422
23574,1869,67087
23575,1869,56231
23576,1869,20433
23577,1869,43735
23578,1869,23037
23579,1869,26541
23580,1869,40874
23581,1869,32867
23582,1869,993
23583,1869,6373
23584,1869,15336
23585,1869,22248
23586,1869,5692
23587,1869,2787
23588,1869,23048
23589,1869,60970
23590,1869,35768
23591,1869,55220
23592,1869,36971
23593,1869,5691
23594,1869,53071
23595,1869,18183
23596,1869,917
23597,1869,21727
23598,1869,54063
23599,1869,48951
23600,1869,22017
23601,1869,2515
23602,1869,35578
23603,1869,73134
23604,1869,67536
23605,1869,27752
23606,1869,21715
23607,1869,68833
23608,1869,25516
23609,1869,5690
23610,1869,6598
23611,1869,37224
23612,1869,21481
23613,1869,71098
23614,1869,651
23615,1869,43955
23616,1869,8424
23617,1869,20237
23618,1869,2599
23619,1869,10320
23620,1869,32693
23621,1869,44954
23622,1869,58253
23623,1869,58086
23624,1869,21452
23625,1869,36014
23626,1869,41546
23627,1869,20813
23628,1869,5693
23629,1869,10744
23630,1869,54265
23631,1869,61398
23632,1869,50313
23633,1869,48469
23634,1869,31067
23635,1869,8572
23636,1869,51141
23637,1869,32559
23638,1869,12885
23639,1869,62370
23640,1869,17460
23641,1869,16383
23642,1869,43481
23643,1869,30325
23644,1869,25856
23645,1869,70330
23646,1869,12104
23647,1869,29863
23648,1869,50115
23649,1869,11602
23650,1869,27086
23651,1869,62526
23652,1869,27114
23653,1869,21711
23654,1869,55598
23655,1869,36603
23656,1869,55142
23657,1869,840
23658,1869,32082
23659,1869,5140
23660,1869,40111
23661,1869,33515
23662,1869,4591
23663,1869,12405
23664,1869,35375
23665,1869,68569
23666,1869,27083
23667,1869,5689
23668,1869,11085
23669,1869,24334
23670,1869,32908
23671,1869,11937
23672,1869,54554
23673,1869,69828
23674,1869,2938
23675,1869,31998
23676,1869,4674
23677,1869,26978
23678,1869,17772
23679,1869,31620
23680,1781,58731
23681,1781,58902
23682,1781,56619
23683,1781,58516
23684,1781,5198
23685,1781,50137
23686,1781,36575
23687,1790,40703
23688,1790,62757
23689,1790,20337
23690,1790,22834
23691,1790,7371
23692,1790,34614
23693,1790,47233
23694,1790,923
23695,1790,57030
23696,1790,62407
23697,1790,44416
23698,1790,14617
23699,1790,9822
23700,1790,37514
23701,1790,71036
23702,1900,18062
23703,1900,5090
23704,1900,53567
23705,1900,45723
23706,1900,22116
23707,1900,38144
23708,1900,44194
23709,1900,30446
23710,1900,28659
23711,1900,47873
23712,1900,1278
23713,1900,62184
23714,1900,8879
23715,1900,41130
23716,1900,33774
23717,1900,43780
23718,1900,68723
23719,1900,12584
23720,1900,1076
23721,1900,36110
23722,1900,52686
23723,1900,6850
23724,1900,26024
23725,1900,71638
23726,1900,45992
23727,1900,31493
23728,1900,54331
23729,1900,11097
23730,1900,36535
23731,1900,61208
23732,1900,60278
23733,1900,3030
23734,1900,20418
23735,1900,64384
23736,1900,2233
23737,1900,14211
23738,1900,14843
23739,1900,56226
23740,1900,3289
23741,1900,31241
23742,1900,14653
23743,1900,31487
23744,1900,47962
23745,1900,7828
23746,1900,48510
23747,1900,71879
23748,1900,25879
23749,1900,37842
23750,1900,6158
23751,1900,42862
23752,1900,49870
23753,1900,58021
23754,1900,62979
23755,1900,38909
23756,1900,4923
23757,1900,1047
23758,1900,31317
23759,1900,32661
23760,1900,36788
23761,1900,47974
23762,1900,60517
23763,1900,527
23764,1900,53844
23765,1900,54982
23766,1900,71889
23767,1900,15929
23768,1900,21056
23769,1900,26492
23770,1900,52608
23771,1900,15137
23772,1900,2855
23773,1900,9330
23774,1900,44752
23775,1900,60893
23776,1900,23647
23777,1900,66446
23778,1900,52363
23779,1900,26916
23780,1900,9465
23781,1900,50992
23782,1900,42226
23783,1900,27514
23784,1900,58918
23785,1900,68596
23786,1900,25688
23787,1900,5700
23788,1900,63928
23789,1900,3640
23790,1900,62875
23791,1900,6671
23792,1900,14604
23793,1900,56637
23794,1900,35545
23795,1900,19527
23796,1900,32033
23797,1900,42279
23798,1900,20607
23799,1900,3069
23800,1900,11901
23801,1900,59873
23802,1900,53006
23803,1900,21103
23804,1900,4528
23805,1900,29333
23806,1900,11162
23807,1900,31361
23808,1900,472
23809,1900,65901
23810,1900,7334
23811,1900,32221
23812,1900,66869
23813,1900,68628
23814,1900,38898
23815,1900,14752
23816,1900,17429
23817,1900,42556
23818,1900,8071
23819,1900,56527
23820,1900,14730
23821,1900,14062
23822,1900,56979
23823,1900,14714
23824,1900,29693
23825,1900,1013
23826,1900,693
23827,1900,1661
23828,1900,21360
23829,1900,1449
23830,1900,57511
23831,1900,34619
23832,1900,10538
23833,1900,52825
23834,1900,37363
23835,1900,33004
23836,1900,52485
23837,1900,60041
23838,1900,56081
23839,1900,25023
23840,1900,51614
23841,1900,55329
23842,1900,6999
23843,1900,54
23844,1900,45045
23845,1900,15520
23846,1900,2986
23847,1900,36174
23848,1900,69277
23849,1900,49342
23850,1900,36185
23851,1900,27525
23852,1900,33512
23853,1900,3140
23854,1900,44296
23855,1900,67084
23856,1900,41391
23857,1900,28935
23858,1900,16959
23859,1900,57039
23860,1900,52501
23861,1900,2183
23862,1900,1163
23863,1900,69117
23864,1900,41432
23865,1900,7434
23866,1900,6667
23867,1900,62707
23868,1900,60240
23869,1900,42606
23870,1900,39728
23871,1900,56298
23872,1900,3418
23873,1900,20510
23874,1900,26052
23875,1900,1390
23876,1900,30464
23877,1900,57728
23878,1900,14655
23879,1900,69700
23880,1900,15744
23881,1900,71581
23882,1900,39991
23883,1900,50328
23884,1900,55151
23885,1900,17047
23886,1900,42230
23887,1900,42660
23888,1900,66661
23889,1900,24313
23890,1900,2799
23891,1900,55
23892,1900,26104
23893,1900,47032
23894,1900,47353
23895,1900,14299
23896,1900,51953
23897,1900,72983
23898,1900,14194
23899,1900,37786
23900,1900,39616
23901,1900,26108
23902,1900,39796
23903,1900,41487
23904,1900,6424
23905,1900,26331
23906,1900,8155
23907,1900,27997
23908,1900,28337
23909,1900,30333
23910,1900,57274
23911,1900,20641
23912,1900,28413
23913,1900,28609
23914,1900,48320
23915,1900,5350
23916,1900,53175
23917,1900,3481
23918,1900,46188
23919,1900,37272
23920,1900,15886
23921,1900,56698
23922,1900,15110
23923,1900,40045
23924,1900,39554
23925,1900,14407
23926,1900,47271
23927,1900,13723
23928,1900,41137
23929,1900,39162
23930,1900,18318
23931,1900,8070
23932,1900,15568
23933,1900,59197
23934,1900,23440
23935,1900,66610
23936,1900,32206
23937,1900,29482
23938,1900,11012
23939,1900,66766
23940,1900,19813
23941,1900,35127
23942,1900,66342
23943,1900,177
23944,1900,17166
23945,1900,319
23946,1900,13076
23947,1900,6919
23948,1900,53380
23949,1900,70467
23950,1900,6091
23951,1900,8068
23952,1900,7335
23953,1900,14706
23954,1900,54111
23955,1900,14976
23956,1900,46956
23957,1900,21929
23958,1900,6071
23959,1900,5723
23960,1900,56563
23961,1900,49282
23962,1900,46503
23963,1900,7070
23964,1900,5337
23965,1900,26572
23966,1900,34778
23967,1900,9850
23968,1900,25140
23969,1900,32226
23970,1900,26090
23971,1900,54572
23972,1900,37277
23973,1900,34846
23974,1900,71734
23975,1900,33171
23976,1900,37838
23977,1900,8397
23978,1900,49658
23979,1900,57582
23980,1900,52548
23981,1900,63911
23982,1900,21121
23983,1900,70426
23984,1900,15284
23985,1900,36915
23986,1900,56907
23987,1900,52846
23988,1900,15941
23989,1900,903
23990,1900,58483
23991,1900,31068
23992,1900,11309
23993,1900,43753
23994,1900,1358
23995,1900,56697
23996,1900,10812
23997,1900,13852
23998,1900,72908
23999,1900,54735
24000,1900,66671
24001,1900,10102
24002,1900,52540
24003,1900,8020
24004,1900,42112
24005,1900,64896
24006,1900,25333
24007,1900,19568
24008,1900,47721
24009,1900,14848
24010,1900,69749
24011,1900,55313
24012,1900,37253
24013,1900,12334
24014,1900,19989
24015,1900,39787
24016,1900,3114
24017,1900,46732
24018,1900,38176
24019,1900,45099
24020,1900,41005
24021,1900,15575
24022,1900,4710
24023,1900,37767
24024,1900,66991
24025,1900,50991
24026,1900,23821
24027,1900,50745
24028,1900,1313
24029,1900,4097
24030,1900,6317
24031,1900,18761
24032,1900,9412
24033,1900,38500
24034,1900,69180
24035,1900,9928
24036,1900,46839
24037,1900,6025
24038,1900,18349
24039,1900,12037
24040,1900,54580
24041,1900,267
24042,1900,21677
24043,1900,71730
24044,1900,67606
24045,1900,43936
24046,1900,46642
24047,1900,11694
24048,1900,15607
24049,1900,35402
24050,1900,19235
24051,1900,16096
24052,1900,12416
24053,1900,50690
24054,1900,48265
24055,1900,56707
24056,1900,62154
24057,1900,21302
24058,1900,37213
24059,1900,63327
24060,1900,39631
24061,1900,48869
24062,1900,6173
24063,1900,56227
24064,1900,139
24065,1900,4995
24066,1900,19402
24067,1900,30791
24068,1900,16414
24069,1900,8016
24070,1900,42831
24071,1900,705
24072,1900,47258
24073,1900,46510
24074,1900,24071
24075,1900,1983
24076,1900,42390
24077,1900,27024
24078,1900,9087
24079,1900,788
24080,1900,33816
24081,1900,19085
24082,1900,15234
24083,1900,27909
24084,1900,54132
24085,1900,25519
24086,1900,57210
24087,1900,55399
24088,1900,29840
24089,1900,517
24090,1900,16462
24091,1900,39644
24092,1900,14645
24093,1900,25919
24094,1900,45264
24095,1900,40481
24096,1900,50676
24097,1900,6340
24098,1900,2807
24099,1900,942
24100,1900,30689
24101,1900,44014
24102,1900,12654
24103,1900,37858
24104,1900,35191
24105,1900,24709
24106,1900,11930
24107,1900,4939
24108,1900,5757
24109,1900,8069
24110,1900,51981
24111,1900,16801
24112,1900,44922
24113,1900,774
24114,1900,36853
24115,1900,37793
24116,1900,28585
24117,1900,74370
24118,1900,34023
24119,1900,58068
24120,1900,9925
24121,1900,68009
24122,1900,7369
24123,1900,14633
24124,1900,43616
24125,1900,38137
24126,1900,13235
24127,1900,7883
24128,1900,25510
24129,1900,67410
24130,1900,34925
24131,1900,33846
24132,1900,34002
24133,1900,55492
24134,1900,46205
24135,1900,3776
24136,1900,21080
24137,1900,43706
24138,1900,12103
24139,1900,43662
24140,1900,60
24141,1900,43442
24142,1900,42378
24143,1900,69875
24144,1900,72361
24145,1900,40414
24146,1900,4461
24147,1900,769
24148,1900,63526
24149,1900,61151
24150,1900,18778
24151,1900,13441
24152,1900,40336
24153,1900,3791
24154,1900,42963
24155,1900,48505
24156,1900,18824
24157,1900,233
24158,1900,39656
24159,1900,35240
24160,1900,43580
24161,1900,5267
24162,1900,15763
24163,1900,17608
24164,1900,57249
24165,1900,47281
24166,1900,41667
24167,1900,54808
24168,1900,26187
24169,1900,50798
24170,1900,23800
24171,1900,25989
24172,1900,44038
24173,1900,49153
24174,1900,46857
24175,1900,13459
24176,1900,13474
24177,1900,10446
24178,1900,16505
24179,1900,35040
24180,1900,18991
24181,1900,23276
24182,1900,46737
24183,1900,35782
24184,1900,34740
24185,1900,30730
24186,1900,26064
24187,1900,39033
24188,1900,62094
24189,1900,808
24190,1900,54097
24191,1900,59864
24192,1900,18266
24193,1900,37685
24194,1900,32414
24195,1900,35203
24196,1900,20559
24197,1900,69383
24198,1900,7351
24199,1900,23474
24200,1900,40573
24201,1900,52216
24202,1900,37405
24203,1900,3595
24204,1900,13799
24205,1900,59035
24206,1900,54903
24207,1900,59549
24208,1900,40434
24209,1900,14426
24210,1900,10658
24211,1900,31265
24212,1900,67113
24213,1900,35523
24214,1900,25986
24215,1900,41829
24216,1900,41858
24217,1900,57059
24218,1900,36216
24219,1900,14764
24220,1900,7231
24221,1900,21098
24222,1900,15950
24223,1900,44751
24224,1900,43393
24225,1900,36975
24226,1900,37808
24227,1900,15793
24228,1900,58022
24229,1900,19257
24230,1900,41563
24231,1900,53841
24232,1900,43170
24233,1900,41783
24234,1900,4240
24235,1900,12423
24236,1900,8741
24237,1900,1338
24238,1900,17212
24239,1900,41184
24240,1900,17968
24241,1900,41071
24242,1900,22477
24243,1900,26494
24244,1900,67039
24245,1900,61393
24246,1900,5610
24247,1900,2842
24248,1900,14814
24249,1900,23667
24250,1900,7976
24251,1900,15694
24252,1900,35218
24253,1900,28990
24254,1900,44385
24255,1900,28269
24256,1900,42265
24257,1900,32918
24258,1900,53002
24259,1900,1336
24260,1900,12563
24261,1900,40869
24262,1900,70344
24263,1900,8914
24264,1900,1696
24265,1900,31494
24266,1900,49724
24267,1900,44312
24268,1900,38943
24269,1900,17063
24270,1900,71061
24271,1900,1231
24272,1900,55115
24273,1900,26774
24274,1900,19798
24275,1900,24357
24276,1900,23033
24277,1853,8874
24278,1853,6148
24279,1853,31734
24280,1853,42680
24281,1853,38408
24282,1853,15424
24283,1853,11231
24284,1853,2823
24285,1853,36928
24286,1853,62157
24287,1853,14640
24288,1853,3194
24289,1853,65280
24290,1853,39898
24291,1853,34862
24292,1853,49101
24293,1853,27240
24294,1853,4268
24295,1853,28330
24296,1853,11371
24297,1853,34796
24298,1853,18691
24299,1853,8548
24300,1853,54532
24301,1853,42420
24302,1853,7306
24303,1853,4275
24304,1853,57785
24305,1853,38351
24306,1853,3671
24307,1853,64271
24308,1853,21767
24309,1853,26639
24310,1853,44081
24311,1853,73866
24312,1853,2505
24313,1853,3196
24314,1853,36675
24315,1853,23155
24316,1853,61063
24317,1853,41175
24318,1853,11859
24319,1853,61807
24320,1853,52612
24321,1853,18690
24322,1853,8132
24323,1853,25119
24324,1853,11376
24325,1853,6147
24326,1853,33362
24327,1853,70075
24328,1853,27869
24329,1853,6171
24330,1853,3670
24331,1853,49039
24332,1853,3195
24333,1853,14475
24334,1853,64139
24335,1853,16958
24336,1853,21973
24337,1853,10401
24338,1853,40338
24339,1853,33224
24340,1853,47865
24341,1853,9182
24342,1853,23593
24343,1853,28776
24344,1853,51995
24345,1853,14668
24346,1853,3199
24347,1853,27197
24348,1853,25759
24349,1853,5124
24350,1853,8000
24351,1853,6308
24352,1853,6169
24353,1853,67476
24354,1853,36288
24355,1853,34680
24356,1853,23106
24357,1853,45628
24358,1853,33269
24359,1853,20168
24360,1853,60934
24361,1853,63128
24362,1853,42612
24363,1853,22032
24364,1853,3193
24365,1853,34727
24366,1853,5978
24367,1853,976
24368,1853,62128
24369,1853,16866
24370,1853,57627
24371,1853,3197
24372,1853,14731
24373,1853,39897
24374,1905,50460
24375,1905,65407
24376,1905,53711
24377,1905,16539
24378,1905,2098
24379,1905,13135
24380,1905,15240
24381,1905,12096
24382,1905,50864
24383,1905,51943
24384,1905,34277
24385,1905,28959
24386,1905,55719
24387,1905,57371
24388,1905,1746
24389,1905,16591
24390,1905,4615
24391,1905,30581
24392,1905,40404
24393,1905,55696
24394,1905,32813
24395,1905,55328
24396,1905,69370
24397,1905,12088
24398,1905,52560
24399,1905,17821
24400,1905,25132
24401,1905,5626
24402,1905,46761
24403,1905,14643
24404,1905,32916
24405,1905,69988
24406,1905,51211
24407,1905,67353
24408,1905,37332
24409,1905,40606
24410,1905,30249
24411,1905,15664
24412,1905,64325
24413,1905,17215
24414,1905,146
24415,1905,39558
24416,1905,7255
24417,1905,23415
24418,1905,25110
24419,1905,19341
24420,1905,27252
24421,1905,13293
24422,1905,9777
24423,1905,6877
24424,1905,14441
24425,1905,21904
24426,1905,54916
24427,1905,44632
24428,1905,19119
24429,1905,14572
24430,1905,18138
24431,1905,23410
24432,1905,10556
24433,1905,26455
24434,1905,8691
24435,1905,47723
24436,1905,8505
24437,1905,40613
24438,1905,17364
24439,1905,53684
24440,1905,49639
24441,1905,56536
24442,1905,56394
24443,1905,8439
24444,1905,738
24445,1905,63076
24446,1905,32107
24447,1905,5093
24448,1905,41447
24449,1905,73128
24450,1905,66274
24451,1905,8595
24452,1905,19863
24453,1905,66820
24454,1905,35178
24455,1905,69679
24456,1905,47546
24457,1905,64752
24458,1905,5676
24459,1905,34769
24460,1905,16962
24461,1905,44325
24462,1905,34258
24463,1905,43118
24464,1905,41530
24465,1905,33490
24466,1905,55891
24467,1905,1187
24468,1905,36393
24469,1905,14875
24470,1905,44477
24471,1905,55703
24472,1905,17392
24473,1905,24935
24474,1905,49396
24475,1905,34965
24476,1905,55654
24477,1905,72820
24478,1905,28107
24479,1905,11212
24480,1905,11360
24481,1905,63815
24482,1905,1987
24483,1905,23820
24484,1905,46693
24485,1905,55065
24486,1905,14618
24487,1905,26330
24488,1905,58287
24489,1905,23412
24490,1905,52301
24491,1905,45804
24492,1905,28274
24493,1905,19870
24494,1905,37245
24495,1905,40865
24496,1905,39081
24497,1905,19765
24498,1905,23857
24499,1905,35423
24500,1905,45413
24501,1905,30853
24502,1905,71431
24503,1905,56218
24504,1905,42076
24505,1905,67790
24506,1905,21914
24507,1905,34341
24508,1905,35099
24509,1905,54955
24510,1905,64934
24511,1905,36118
24512,1905,23418
24513,1905,67785
24514,1905,284
24515,1905,70366
24516,1905,35787
24517,1905,23416
24518,1905,8593
24519,1905,64537
24520,1905,14016
24521,1905,71184
24522,1905,68266
24523,1905,37362
24524,1905,17977
24525,1905,18764
24526,1905,69619
24527,1905,68906
24528,1905,7234
24529,1905,26321
24530,1905,50391
24531,1905,31668
24532,1905,62990
24533,1905,42582
24534,1905,25838
24535,1905,72901
24536,1905,346
24537,1905,37576
24538,1905,42579
24539,1905,910
24540,1905,38928
24541,1905,61549
24542,1905,3419
24543,1905,30326
24544,1905,26054
24545,1905,47813
24546,1905,40926
24547,1905,9488
24548,1905,42423
24549,1905,15211
24550,1905,54405
24551,1905,26071
24552,1905,15000
24553,1905,47644
24554,1905,8073
24555,1905,25563
24556,1905,40539
24557,1905,680
24558,1905,20609
24559,1905,13402
24560,1905,470
24561,1905,23417
24562,1905,17390
24563,1905,5755
24564,1905,53895
24565,1905,64118
24566,1905,54716
24567,1905,60297
24568,1905,41664
24569,1905,21333
24570,1905,473
24571,1905,1077
24572,1905,970
24573,1905,14079
24574,1905,13831
24575,1905,1241
24576,1905,604
24577,1905,68148
24578,1905,67150
24579,1905,140
24580,1905,483
24581,1905,16431
24582,1905,5228
24583,1905,47354
24584,1905,67765
24585,1905,19746
24586,1905,55257
24587,1905,41338
24588,1905,49041
24589,1905,24577
24590,1905,69707
24591,1905,17793
24592,1905,13967
24593,1905,54729
24594,1905,61935
24595,1905,36038
24596,1905,25582
24597,1905,22008
24598,1905,56615
24599,1905,50535
24600,1905,13167
24601,1905,16910
24602,1905,15247
24603,1905,24391
24604,1905,13814
24605,1905,30190
24606,1905,15333
24607,1905,4531
24608,1905,45648
24609,1905,23730
24610,1905,10086
24611,1905,31231
24612,1905,45363
24613,1905,14951
24614,1905,2642
24615,1905,61385
24616,1905,48430
24617,1905,23411
24618,1905,14661
24619,1905,18735
24620,1905,34284
24621,1905,23414
24622,1905,10101
24623,1905,6727
24624,1905,16601
24625,1905,30482
24626,1905,59603
24627,1905,13854
24628,1905,20157
24629,1905,4513
24630,1905,12441
24631,1905,39130
24632,1905,15617
24633,1905,55676
24634,1905,32421
24635,1905,4338
24636,1905,3057
24637,1905,28392
24638,1905,20280
24639,1905,42289
24640,1905,1742
24641,1905,16375
24642,1905,41825
24643,1905,38315
24644,1905,9832
24645,1905,58938
24646,1905,35098
24647,1905,17922
24648,1905,64402
24649,1905,42050
24650,1905,39626
24651,1905,12366
24652,1905,26307
24653,1905,44484
24654,1905,7168
24655,1905,41154
24656,1905,34805
24657,1905,12057
24658,1905,8594
24659,1905,28509
24660,1905,44637
24661,1905,27374
24662,1905,40354
24663,1905,55162
24664,1905,6846
24665,1905,36321
24666,1905,911
24667,1905,54274
24668,1905,65671
24669,1905,36782
24670,1905,11354
24671,1905,47241
24672,1905,64110
24673,1905,10745
24674,1905,55707
24675,1905,55950
24676,1905,31607
24677,1905,19672
24678,1905,39138
24679,1905,20370
24680,1905,66079
24681,1905,65520
24682,1905,33207
24683,1905,65717
24684,1905,17976
24685,1905,17844
24686,1905,35742
24687,1905,34930
24688,1905,62739
24689,1905,65915
24690,1905,25334
24691,1905,54932
24692,1905,23413
24693,1905,15537
24694,1905,30432
24695,1905,69371
24696,1905,30439
24697,1905,44210
24698,1905,1160
24699,1905,46068
24700,1905,1874
24701,1905,66051
24702,1905,14126
24703,1905,38269
24704,1905,55704
24705,1905,2004
24706,1905,39166
24707,1905,3790
24708,1905,57478
24709,1905,57669
24710,1905,14992
24711,1905,1994
24712,1905,22525
24713,1905,35790
24714,1905,53566
24715,1905,14173
24716,1905,10358
24717,1905,9784
24718,1905,54799
24719,1905,15661
24720,1905,28689
24721,1905,31118
24722,1905,55837
24723,1905,11304
24724,1905,43120
24725,1905,590
24726,1905,2948
24727,1905,43665
24728,1905,6575
24729,1905,25062
24730,1905,2284
24731,1905,41680
24732,1905,57122
24733,1905,61251
24734,1905,5742
24735,1905,51429
24736,1905,21570
24737,1905,20902
24738,1905,16184
24739,1905,8953
24740,1905,26240
24741,1905,50099
24742,1905,8395
24743,1905,39475
24744,1905,21981
24745,1905,41235
24746,1905,5032
24747,1905,33706
24748,1905,51644
24749,1905,11499
24750,1905,12244
24751,1905,44387
24752,1905,15053
24753,1905,19484
24754,1905,34134
24755,1905,33350
24756,1905,14658
24757,1905,27550
24758,1905,7832
24759,1905,73172
24760,1905,12935
24761,1905,19369
24762,1905,17391
24763,1905,6862
24764,1905,32311
24765,1905,15159
24766,1905,65634
24767,1905,1922
24768,1905,55852
24769,1785,24886
24770,1785,4320
24771,1785,10611
24772,1785,13485
24773,1808,38612
24774,1808,65622
24775,1808,29230
24776,1832,12959
24777,1832,44075
24778,1832,40785
24779,1832,65495
24780,1832,32012
24781,1832,46392
24782,1832,20003
24783,1832,34339
24784,1832,42825
24785,1832,2653
24786,1832,36612
24787,1832,8039
24788,1832,709
24789,1832,708
24790,1832,17122
24791,1832,14721
24792,1832,66333
24793,1832,6811
24794,1832,10345
24795,1832,20009
24796,1832,21557
24797,1832,16645
24798,1832,43496
24799,1832,49872
24800,1832,7842
24801,1832,51645
24802,1795,43529
24803,1795,40981
24804,1795,65981
24805,1795,14780
24806,1859,64804
24807,1859,6572
24808,1859,61947
24809,1859,4607
24810,1859,24337
24811,1859,62779
24812,1859,32840
24813,1859,2532
24814,1859,24474
24815,1859,27980
24816,1859,35400
24817,1859,47958
24818,1859,19301
24819,1859,15485
24820,1859,30016
24821,1859,69402
24822,1859,4412
24823,1859,21474
24824,1859,54502
24825,1859,17006
24826,1859,46695
24827,1859,58212
24828,1859,5897
24829,1859,14543
24830,1859,2548
24831,1859,34038
24832,1859,7291
24833,1859,16704
24834,1859,21889
24835,1859,1917
24836,1859,55100
24837,1859,58093
24838,1859,35307
24839,1859,64717
24840,1859,1228
24841,1859,2549
24842,1859,98
24843,1859,70210
24844,1859,42301
24845,1859,2524
24846,1859,48516
24847,1859,23049
24848,1859,43305
24849,1859,5669
24850,1859,584
24851,1859,47018
24852,1859,53241
24853,1859,61668
24854,1859,4406
24855,1859,3792
24856,1859,54172
24857,1859,21475
24858,1859,2531
24859,1859,19056
24860,1859,60729
24861,1859,21403
24862,1859,32510
24863,1859,5420
24864,1859,23409
24865,1859,507
24866,1859,6442
24867,1859,37669
24868,1859,20005
24869,1859,3143
24870,1859,59213
24871,1859,8066
24872,1859,26851
24873,1859,21758
24874,1859,2547
24875,1859,21707
24876,1859,14237
24877,1859,610
24878,1859,4606
24879,1859,15126
24880,1859,35933
24881,1859,60908
24882,1859,56640
24883,1859,33455
24884,1859,19121
24885,1859,7051
24886,1859,24923
24887,1859,14195
24888,1859,58583
24889,1859,62124
24890,1859,6855
24891,1859,58092
24892,1859,34901
24893,1859,55068
24894,1859,2009
24895,1859,47483
24896,1859,34616
24897,1859,50611
24898,1859,2533
24899,1805,8814
24900,1805,9093
24901,1805,66016
24902,1805,68649
24903,1805,22
24904,1805,43776
24905,1805,72157
24906,1805,10681
24907,1805,43774
24908,1805,37908
24909,1916,56485
24910,1916,13301
24911,1916,4915
24912,1916,35270
24913,1916,41451
24914,1916,43070
24915,1916,43909
24916,1916,60154
24917,1916,16257
24918,1916,36026
24919,1916,63910
24920,1916,65044
24921,1916,29913
24922,1916,52214
24923,1916,68055
24924,1916,34421
24925,1916,54931
24926,1916,25923
24927,1916,44633
24928,1916,49329
24929,1916,28665
24930,1916,26058
24931,1916,63618
24932,1916,69276
24933,1916,69142
24934,1916,6345
24935,1916,37870
24936,1916,19436
24937,1916,41901
24938,1916,38553
24939,1916,28579
24940,1916,55885
24941,1916,63155
24942,1916,17689
24943,1916,62644
24944,1916,21219
24945,1916,53334
24946,1916,72812
24947,1916,59176
24948,1916,10044
24949,1916,24793
24950,1916,58330
24951,1916,7311
24952,1916,48315
24953,1916,1724
24954,1916,45962
24955,1916,46952
24956,1916,14367
24957,1916,2518
24958,1916,25596
24959,1916,23030
24960,1916,31352
24961,1916,60404
24962,1916,20698
24963,1916,26146
24964,1916,41354
24965,1916,25152
24966,1916,50107
24967,1916,9489
24968,1916,33061
24969,1916,37906
24970,1916,33525
24971,1916,52131
24972,1916,37301
24973,1916,7280
24974,1916,73281
24975,1916,32388
24976,1916,9796
24977,1916,25749
24978,1916,47640
24979,1916,19614
24980,1916,50914
24981,1916,14891
24982,1916,1611
24983,1916,34425
24984,1916,51086
24985,1916,43021
24986,1916,13715
24987,1916,12813
24988,1916,11200
24989,1916,25581
24990,1916,43124
24991,1916,14823
24992,1916,52404
24993,1916,41652
24994,1916,1814
24995,1916,3495
24996,1916,617
24997,1916,1161
24998,1916,61779
24999,1916,10338
25000,1916,36023
25001,1916,52178
25002,1916,25829
25003,1916,36836
25004,1916,71988
25005,1916,50079
25006,1916,55610
25007,1916,11232
25008,1916,25040
25009,1916,41252
25010,1916,54507
25011,1916,48871
25012,1916,61560
25013,1916,42429
25014,1916,41131
25015,1916,149
25016,1916,51626
25017,1916,34931
25018,1916,72022
25019,1916,18019
25020,1916,47906
25021,1916,46178
25022,1916,38521
25023,1916,43548
25024,1916,33636
25025,1916,34135
25026,1916,5009
25027,1916,45155
25028,1916,5150
25029,1916,19131
25030,1916,63614
25031,1916,27152
25032,1916,40285
25033,1916,18527
25034,1916,42531
25035,1916,2066
25036,1916,37154
25037,1916,16289
25038,1916,22145
25039,1916,28288
25040,1916,33131
25041,1916,9874
25042,1916,32991
25043,1916,17510
25044,1916,23157
25045,1916,61875
25046,1916,19367
25047,1916,51731
25048,1916,68198
25049,1916,57631
25050,1916,10674
25051,1916,50479
25052,1916,18664
25053,1916,35956
25054,1916,2072
25055,1916,9401
25056,1916,22095
25057,1916,24489
25058,1916,18612
25059,1916,16369
25060,1916,59446
25061,1916,24350
25062,1916,11289
25063,1916,7807
25064,1916,29106
25065,1916,59822
25066,1916,17141
25067,1916,63229
25068,1916,15385
25069,1916,58179
25070,1916,12877
25071,1916,25951
25072,1916,26080
25073,1916,61210
25074,1916,27706
25075,1916,30023
25076,1916,35726
25077,1916,13821
25078,1916,315
25079,1916,41779
25080,1916,25037
25081,1916,30701
25082,1916,19871
25083,1916,10843
25084,1916,65249
25085,1916,55298
25086,1916,14606
25087,1916,18950
25088,1916,45799
25089,1916,53453
25090,1916,65157
25091,1916,4552
25092,1916,26635
25093,1916,328
25094,1916,12633
25095,1916,42287
25096,1916,12454
25097,1916,785
25098,1916,24349
25099,1916,53049
25100,1916,23163
25101,1916,27163
25102,1916,37294
25103,1916,24627
25104,1916,24991
25105,1916,18488
25106,1916,37633
25107,1916,17456
25108,1916,50394
25109,1916,40500
25110,1916,26147
25111,1916,20335
25112,1916,43399
25113,1916,27187
25114,1916,34670
25115,1916,33170
25116,1916,11965
25117,1916,34012
25118,1916,47585
25119,1916,8684
25120,1916,46052
25121,1916,54406
25122,1916,11969
25123,1916,9924
25124,1916,51280
25125,1916,58720
25126,1916,5347
25127,1916,57243
25128,1916,47949
25129,1916,27154
25130,1916,51598
25131,1916,33145
25132,1916,23778
25133,1916,26884
25134,1916,3487
25135,1916,8138
25136,1916,51670
25137,1916,45107
25138,1916,59606
25139,1916,26918
25140,1916,53682
25141,1916,7443
25142,1916,29972
25143,1916,6524
25144,1916,71442
25145,1916,36329
25146,1916,6559
25147,1916,716
25148,1916,22104
25149,1916,22531
25150,1916,40461
25151,1916,30562
25152,1916,10509
25153,1916,15570
25154,1916,67218
25155,1916,64566
25156,1916,45474
25157,1916,30093
25158,1916,48225
25159,1916,11328
25160,1916,35907
25161,1916,70888
25162,1916,59662
25163,1916,67105
25164,1916,40893
25165,1916,47144
25166,1916,33876
25167,1916,51993
25168,1916,28145
25169,1916,60037
25170,1916,13388
25171,1916,1183
25172,1916,45907
25173,1916,35074
25174,1916,12649
25175,1916,35484
25176,1916,40102
25177,1916,27557
25178,1916,36833
25179,1916,41561
25180,1916,14878
25181,1916,10675
25182,1916,1299
25183,1916,20222
25184,1916,11504
25185,1916,24348
25186,1916,24452
25187,1916,17476
25188,1916,40995
25189,1916,21883
25190,1916,25528
25191,1916,6522
25192,1916,5086
25193,1916,16055
25194,1916,37469
25195,1916,55470
25196,1916,19142
25197,1916,29914
25198,1916,39387
25199,1916,39339
25200,1916,43942
25201,1916,62530
25202,1916,29868
25203,1916,11008
25204,1916,53730
25205,1916,27821
25206,1916,18022
25207,1916,5738
25208,1916,65166
25209,1916,5094
25210,1916,57177
25211,1916,1035
25212,1916,36344
25213,1916,59663
25214,1916,55627
25215,1916,15521
25216,1916,68454
25217,1916,44224
25218,1916,4217
25219,1916,59232
25220,1916,35807
25221,1916,8529
25222,1916,2023
25223,1916,72779
25224,1916,47912
25225,1916,47930
25226,1916,29885
25227,1916,8865
25228,1916,29912
25229,1916,29256
25230,1916,62386
25231,1916,55048
25232,1916,69763
25233,1916,24132
25234,1916,46152
25235,1916,6502
25236,1916,440
25237,1916,11679
25238,1916,46950
25239,1916,47883
25240,1916,39301
25241,1916,14784
25242,1916,69644
25243,1916,72046
25244,1916,66625
25245,1916,9384
25246,1916,1158
25247,1916,70226
25248,1916,55208
25249,1916,31211
25250,1916,6754
25251,1916,6417
25252,1916,39443
25253,1916,6347
25254,1916,10977
25255,1916,29338
25256,1916,841
25257,1916,57341
25258,1916,47126
25259,1916,62865
25260,1916,295
25261,1916,50155
25262,1916,58216
25263,1916,54098
25264,1916,62961
25265,1916,62347
25266,1916,16945
25267,1916,31027
25268,1916,33466
25269,1916,15384
25270,1916,39596
25271,1916,62467
25272,1916,9664
25273,1916,73790
25274,1916,72849
25275,1916,71082
25276,1916,16981
25277,1916,70887
25278,1916,67696
25279,1916,26019
25280,1916,28425
25281,1916,63729
25282,1916,35866
25283,1916,12663
25284,1916,30488
25285,1916,9497
25286,1916,18606
25287,1916,46293
25288,1916,11919
25289,1916,863
25290,1916,33064
25291,1916,5303
25292,1916,54068
25293,1916,14376
25294,1916,67467
25295,1916,31329
25296,1916,61078
25297,1916,35591
25298,1916,36149
25299,1916,20817
25300,1916,13666
25301,1916,7837
25302,1916,5152
25303,1916,12330
25304,1916,12630
25305,1916,54216
25306,1916,92
25307,1916,51970
25308,1916,63225
25309,1916,7072
25310,1916,50175
25311,1916,44569
25312,1916,14416
25313,1916,18237
25314,1916,13501
25315,1916,32521
25316,1916,24131
25317,1916,30301
25318,1916,54124
25319,1916,30298
25320,1916,40060
25321,1916,17227
25322,1916,18048
25323,1916,53098
25324,1916,311
25325,1916,5617
25326,1916,47279
25327,1916,24133
25328,1916,42317
25329,1916,14571
25330,1916,71263
25331,1916,51655
25332,1916,57004
25333,1916,6734
25334,1916,42759
25335,1916,65869
25336,1916,38186
25337,1916,106
25338,1916,68241
25339,1916,42641
25340,1916,24351
25341,1916,32101
25342,1916,42797
25343,1916,16458
25344,1916,22255
25345,1916,11349
25346,1916,51354
25347,1916,36211
25348,1916,11691
25349,1916,10110
25350,1916,24562
25351,1916,15383
25352,1916,16879
25353,1916,48089
25354,1916,72
25355,1916,40345
25356,1916,50548
25357,1916,14487
25358,1916,14882
25359,1916,14135
25360,1916,28803
25361,1916,14060
25362,1916,15094
25363,1916,28171
25364,1916,14106
25365,1916,21845
25366,1916,11878
25367,1916,15983
25368,1916,958
25369,1916,46945
25370,1916,44367
25371,1916,41297
25372,1916,38856
25373,1916,17978
25374,1916,45454
25375,1916,5660
25376,1916,27126
25377,1916,66354
25378,1916,10082
25379,1916,56984
25380,1916,49208
25381,1916,44117
25382,1916,47128
25383,1916,63073
25384,1916,6066
25385,1916,26129
25386,1916,30812
25387,1916,58656
25388,1916,5068
25389,1916,56020
25390,1916,331
25391,1916,64268
25392,1916,54910
25393,1916,48431
25394,1916,2951
25395,1916,59343
25396,1916,45542
25397,1916,68185
25398,1916,34100
25399,1916,15079
25400,1916,11223
25401,1829,17579
25402,1829,8888
25403,1829,4243
25404,1829,6677
25405,1829,56441
25406,1829,67336
25407,1829,31910
25408,1829,48797
25409,1829,53764
25410,1829,13493
25411,1829,15510
25412,1829,41145
25413,1802,73283
25414,1802,30564
25415,1802,9048
25416,1802,72437
25417,1802,43453
25418,1802,67331
25419,1802,44427
25420,1802,64154
25421,1951,51461
25422,1951,56571
25423,1951,45885
25424,1951,9748
25425,1951,59358
25426,1951,51233
25427,1951,65439
25428,1951,34457
25429,1951,5641
25430,1951,50783
25431,1951,61818
25432,1951,59316
25433,1951,30842
25434,1951,32664
25435,1951,72638
25436,1951,53432
25437,1951,2500
25438,1951,23194
25439,1951,52255
25440,1773,48819
25441,1773,40044
25442,1773,409
25443,1773,50108
25444,1858,54053
25445,1858,1039
25446,1858,69764
25447,1858,58990
25448,1858,2472
25449,1858,21884
25450,1858,53395
25451,1858,2665
25452,1858,7044
25453,1858,29869
25454,1858,63311
25455,1858,59754
25456,1858,53141
25457,1858,21766
25458,1858,67681
25459,1858,58048
25460,1858,19667
25461,1858,41873
25462,1858,3166
25463,1858,35620
25464,1858,31717
25465,1858,25833
25466,1858,18634
25467,1858,32558
25468,1858,2658
25469,1858,5609
25470,1858,54623
25471,1858,67950
25472,1858,66703
25473,1858,69473
25474,1858,5734
25475,1858,2324
25476,1858,11064
25477,1858,15252
25478,1858,44900
25479,1858,2519
25480,1858,13151
25481,1858,23853
25482,1858,24437
25483,1858,27366
25484,1858,46242
25485,1858,43799
25486,1858,18153
25487,1858,8911
25488,1858,40596
25489,1858,19566
25490,1858,16070
25491,1858,2666
25492,1858,3158
25493,1858,5205
25494,1858,12083
25495,1858,751
25496,1858,46559
25497,1858,4744
25498,1858,2656
25499,1858,13955
25500,1858,23389
25501,1858,3252
25502,1858,5074
25503,1858,61422
25504,1858,41316
25505,1858,54076
25506,1858,36156
25507,1858,40660
25508,1858,49784
25509,1858,24488
25510,1895,46345
25511,1895,57166
25512,1895,5251
25513,1895,67432
25514,1895,17218
25515,1895,51308
25516,1895,24471
25517,1895,1562
25518,1895,4396
25519,1895,26275
25520,1895,56738
25521,1895,6517
25522,1895,44908
25523,1895,31324
25524,1895,54660
25525,1895,21295
25526,1895,29056
25527,1895,64575
25528,1895,12421
25529,1895,49751
25530,1895,46863
25531,1895,29472
25532,1895,67942
25533,1895,31857
25534,1895,7964
25535,1895,32922
25536,1895,35517
25537,1895,30693
25538,1895,25449
25539,1895,33025
25540,1895,25620
25541,1895,40994
25542,1895,20101
25543,1895,53771
25544,1895,17039
25545,1895,24244
25546,1895,10070
25547,1895,24096
25548,1895,28669
25549,1895,16291
25550,1895,47135
25551,1895,47564
25552,1895,2618
25553,1895,6005
25554,1895,65401
25555,1895,8492
25556,1895,7421
25557,1895,25549
25558,1895,36625
25559,1895,60322
25560,1895,22620
25561,1895,24866
25562,1895,40833
25563,1895,10910
25564,1895,428
25565,1895,45555
25566,1895,38105
25567,1895,41403
25568,1895,8663
25569,1895,68888
25570,1895,38872
25571,1895,49903
25572,1895,40850
25573,1895,69162
25574,1895,46813
25575,1895,9415
25576,1895,23010
25577,1895,20576
25578,1895,4932
25579,1895,18351
25580,1895,1751
25581,1895,490
25582,1895,37603
25583,1895,41456
25584,1895,885
25585,1895,55310
25586,1895,60259
25587,1895,333
25588,1895,26563
25589,1895,38719
25590,1895,8891
25591,1895,70635
25592,1895,53250
25593,1895,28331
25594,1895,23633
25595,1895,327
25596,1895,22128
25597,1895,19438
25598,1895,18384
25599,1895,10132
25600,1895,18242
25601,1895,8894
25602,1895,25995
25603,1895,16079
25604,1895,12181
25605,1895,21004
25606,1895,16557
25607,1895,40999
25608,1895,25268
25609,1895,1731
25610,1895,3628
25611,1895,22607
25612,1895,51161
25613,1895,68360
25614,1895,34257
25615,1895,2298
25616,1895,642
25617,1895,49519
25618,1895,4297
25619,1895,12391
25620,1895,28675
25621,1895,41011
25622,1895,39709
25623,1895,4340
25624,1895,39731
25625,1895,30656
25626,1895,10433
25627,1895,10709
25628,1895,58855
25629,1895,27901
25630,1895,37364
25631,1895,23009
25632,1895,37820
25633,1895,9199
25634,1895,57643
25635,1895,29893
25636,1895,16770
25637,1895,59918
25638,1895,47331
25639,1895,35187
25640,1895,43726
25641,1895,2155
25642,1895,1264
25643,1895,59116
25644,1895,37615
25645,1895,46010
25646,1895,46079
25647,1895,23881
25648,1895,64249
25649,1895,68011
25650,1895,21622
25651,1895,54218
25652,1895,37068
25653,1895,41682
25654,1895,68391
25655,1895,65496
25656,1895,66204
25657,1895,38236
25658,1895,5259
25659,1895,18957
25660,1895,16840
25661,1895,9367
25662,1895,9880
25663,1895,67075
25664,1895,234
25665,1895,44021
25666,1895,50471
25667,1895,36907
25668,1895,33980
25669,1895,44455
25670,1895,8641
25671,1895,16778
25672,1895,23632
25673,1895,9968
25674,1895,50666
25675,1895,57625
25676,1895,66780
25677,1895,11050
25678,1895,48875
25679,1895,11582
25680,1895,63182
25681,1895,63598
25682,1895,49077
25683,1895,14953
25684,1895,43352
25685,1895,23008
25686,1895,19172
25687,1895,13554
25688,1895,67645
25689,1895,39216
25690,1895,55802
25691,1895,71948
25692,1895,39781
25693,1895,21119
25694,1895,47246
25695,1895,14834
25696,1895,18685
25697,1895,32137
25698,1895,14107
25699,1895,13183
25700,1895,15772
25701,1895,15733
25702,1895,21640
25703,1895,26568
25704,1895,10857
25705,1895,28980
25706,1895,24284
25707,1895,9407
25708,1895,40141
25709,1895,22557
25710,1895,23630
25711,1895,32439
25712,1895,73190
25713,1895,55784
25714,1895,74672
25715,1895,55608
25716,1895,14405
25717,1895,4298
25718,1895,13969
25719,1895,64649
25720,1895,8017
25721,1895,38843
25722,1895,34271
25723,1895,49368
25724,1895,29304
25725,1895,48304
25726,1895,8082
25727,1895,39612
25728,1895,18462
25729,1895,1830
25730,1895,64094
25731,1895,36600
25732,1895,34016
25733,1895,10727
25734,1895,74709
25735,1895,14006
25736,1895,27553
25737,1895,18750
25738,1895,48577
25739,1895,1937
25740,1895,70049
25741,1895,25720
25742,1895,270
25743,1895,21223
25744,1895,72058
25745,1895,36771
25746,1895,29212
25747,1895,28503
25748,1895,30428
25749,1895,20345
25750,1895,19899
25751,1895,22036
25752,1895,23631
25753,1895,57699
25754,1895,291
25755,1895,2079
25756,1895,8681
25757,1895,40589
25758,1895,63834
25759,1895,41589
25760,1895,40570
25761,1895,45098
25762,1895,54884
25763,1895,1288
25764,1895,31122
25765,1895,43587
25766,1895,34502
25767,1895,18165
25768,1895,10437
25769,1895,69317
25770,1895,13940
25771,1895,23011
25772,1895,39109
25773,1895,43289
25774,1895,15357
25775,1895,35165
25776,1895,26687
25777,1895,46077
25778,1895,25570
25779,1895,58672
25780,1895,51778
25781,1895,51886
25782,1895,59757
25783,1895,43765
25784,1895,31687
25785,1895,40135
25786,1895,23629
25787,1895,40322
25788,1895,57891
25789,1895,69427
25790,1895,22474
25791,1895,21591
25792,1895,15516
25793,1895,70582
25794,1895,5177
25795,1895,62637
25796,1895,51732
25797,1895,17196
25798,1895,35
25799,1895,47559
25800,1895,72314
25801,1895,12190
25802,1895,17888
25803,1895,67383
25804,1895,30910
25805,1895,31473
25806,1895,70404
25807,1895,41870
25808,1895,32786
25809,1895,41791
25810,1895,66528
25811,1895,49018
25812,1995,59011
25813,1995,24152
25814,1778,30524
25815,1778,26040
25816,1778,18972
25817,1778,71758
25818,1778,6053
25819,1778,58079
25820,1778,69116
25821,1750,26204
25822,1750,3354
25823,1750,6828
25824,1750,44815
25825,1958,34455
25826,1958,32256
25827,1958,43235
25828,1958,39140
25829,1958,59404
25830,1958,56479
25831,1958,57100
25832,1958,33660
25833,1958,39907
25834,1958,35819
25835,1958,58798
25836,1958,35493
25837,1958,20147
25838,1958,41630
25839,1958,29962
25840,1958,69046
25841,1958,18139
25842,1958,19145
25843,1958,34954
25844,1958,18109
25845,1958,60245
25846,1915,39688
25847,1915,56337
25848,1915,31824
25849,1915,37036
25850,1915,7385
25851,1915,27793
25852,1915,46753
25853,1915,67656
25854,1915,56667
25855,1915,39457
25856,1915,45419
25857,1915,15710
25858,1915,20066
25859,1915,29540
25860,1915,35611
25861,1915,64904
25862,1915,34724
25863,1915,1868
25864,1915,12545
25865,1915,40713
25866,1915,45425
25867,1915,36770
25868,1915,5771
25869,1915,15174
25870,1915,56932
25871,1915,54426
25872,1915,41703
25873,1915,5707
25874,1915,26610
25875,1915,22461
25876,1915,20480
25877,1915,605
25878,1915,7411
25879,1915,32
25880,1915,16453
25881,1915,55240
25882,1915,52317
25883,1915,5672
25884,1915,61040
25885,1915,41987
25886,1915,18599
25887,1915,11689
25888,1915,57650
25889,1915,38470
25890,1915,29671
25891,1915,28495
25892,1915,35644
25893,1915,21005
25894,1915,17111
25895,1915,3484
25896,1915,33117
25897,1915,35860
25898,1915,40975
25899,1915,11858
25900,1915,15550
25901,1915,11014
25902,1915,34297
25903,1915,73899
25904,1915,56146
25905,1915,30508
25906,1915,21537
25907,1915,17014
25908,1915,15185
25909,1915,2017
25910,1915,59769
25911,1915,71975
25912,1915,35477
25913,1915,53622
25914,1915,22578
25915,1915,558
25916,1915,55503
25917,1915,43820
25918,1915,7296
25919,1915,11513
25920,1915,61177
25921,1915,36917
25922,1915,5620
25923,1915,24134
25924,1915,18838
25925,1915,16682
25926,1915,16639
25927,1915,30040
25928,1915,27731
25929,1915,29600
25930,1915,42208
25931,1915,5073
25932,1915,24605
25933,1915,22542
25934,1915,32335
25935,1915,26919
25936,1915,11675
25937,1915,54086
25938,1915,27735
25939,1915,15290
25940,1915,58977
25941,1915,10798
25942,1915,38343
25943,1915,1730
25944,1915,5099
25945,1915,15373
25946,1915,39893
25947,1915,67640
25948,1915,54746
25949,1915,11424
25950,1915,51551
25951,1915,2775
25952,1915,33137
25953,1915,3486
25954,1915,38062
25955,1915,1806
25956,1915,18515
25957,1915,14602
25958,1915,35466
25959,1915,20141
25960,1915,44152
25961,1915,43551
25962,1915,34962
25963,1915,69761
25964,1915,22196
25965,1915,52461
25966,1915,25823
25967,1915,30905
25968,1915,2309
25969,1915,15243
25970,1915,48277
25971,1915,2101
25972,1915,44034
25973,1915,353
25974,1915,6455
25975,1915,11221
25976,1915,23755
25977,1915,90
25978,1915,16051
25979,1915,19055
25980,1915,5712
25981,1915,27853
25982,1915,17584
25983,1915,30891
25984,1915,20730
25985,1915,65376
25986,1915,12013
25987,1915,2362
25988,1915,68665
25989,1915,32098
25990,1915,238
25991,1915,52358
25992,1915,1764
25993,1915,11641
25994,1915,19026
25995,1915,53651
25996,1915,12264
25997,1915,16614
25998,1915,15522
25999,1915,6351
26000,1915,20098
26001,1915,28454
26002,1915,28572
26003,1915,39886
26004,1915,36170
26005,1915,65043
26006,1915,11554
26007,1915,20461
26008,1915,33911
26009,1915,32432
26010,1915,35926
26011,1915,48906
26012,1915,61938
26013,1915,9456
26014,1915,18125
26015,1915,59120
26016,1915,35392
26017,1915,36968
26018,1915,6655
26019,1915,45946
26020,1915,33209
26021,1915,68479
26022,1915,60279
26023,1915,48411
26024,1915,5963
26025,1915,16078
26026,1915,15715
26027,1915,48823
26028,1915,70120
26029,1915,28889
26030,1915,39967
26031,1915,10064
26032,1915,10097
26033,1915,55261
26034,1915,1280
26035,1915,69801
26036,1915,18618
26037,1915,44625
26038,1915,34007
26039,1915,50860
26040,1915,30687
26041,1915,10534
26042,1915,44829
26043,1915,35688
26044,1915,17587
26045,1915,16334
26046,1915,64672
26047,1915,37446
26048,1915,64546
26049,1915,1053
26050,1915,21899
26051,1915,22925
26052,1915,458
26053,1915,18164
26054,1915,60396
26055,1915,29162
26056,1915,28948
26057,1915,25955
26058,1915,20611
26059,1915,11682
26060,1915,48350
26061,1915,44114
26062,1915,45442
26063,1915,10166
26064,1915,25961
26065,1915,384
26066,1915,10511
26067,1915,23181
26068,1915,43649
26069,1915,34669
26070,1915,54776
26071,1915,46327
26072,1915,8502
26073,1915,7348
26074,1915,55940
26075,1915,30697
26076,1915,61069
26077,1915,25341
26078,1915,40000
26079,1915,38288
26080,1915,28462
26081,1915,14201
26082,1915,15351
26083,1915,33251
26084,1915,5149
26085,1915,42567
26086,1915,36368
26087,1915,25781
26088,1915,354
26089,1915,12440
26090,1915,11086
26091,1915,22583
26092,1915,41520
26093,1915,10041
26094,1915,25623
26095,1915,68082
26096,1915,41830
26097,1915,30637
26098,1915,75189
26099,1915,43103
26100,1915,24394
26101,1915,8427
26102,1915,39548
26103,1915,35895
26104,1915,60150
26105,1915,64197
26106,1915,19310
26107,1915,18650
26108,1915,70074
26109,1915,14039
26110,1915,27257
26111,1915,38498
26112,1915,9149
26113,1915,25573
26114,1915,43977
26115,1915,4652
26116,1915,48612
26117,1915,29861
26118,1915,15855
26119,1915,58245
26120,1915,11394
26121,1915,28877
26122,1915,4672
26123,1915,26933
26124,1915,34177
26125,1915,69388
26126,1915,30258
26127,1915,37025
26128,1915,67673
26129,1915,53959
26130,1915,19174
26131,1915,36119
26132,1915,18630
26133,1915,36232
26134,1915,20515
26135,1915,46578
26136,1915,59678
26137,1915,606
26138,1915,43491
26139,1915,68907
26140,1915,18875
26141,1915,48215
26142,1915,12826
26143,1915,10889
26144,1915,37207
26145,1915,31332
26146,1915,24458
26147,1915,26144
26148,1915,46097
26149,1915,16424
26150,1915,5894
26151,1915,29886
26152,1915,13343
26153,1915,351
26154,1915,144
26155,1915,14044
26156,1915,35503
26157,1915,49611
26158,1915,61340
26159,1915,18335
26160,1915,43058
26161,1915,53157
26162,1915,46269
26163,1915,58792
26164,1915,9067
26165,1915,23111
26166,1915,14659
26167,1915,21501
26168,1915,36007
26169,1915,69433
26170,1915,7509
26171,1915,48487
26172,1915,596
26173,1915,46786
26174,1915,29991
26175,1915,37124
26176,1915,22144
26177,1915,14958
26178,1915,61195
26179,1915,54797
26180,1915,66583
26181,1915,22693
26182,1915,25529
26183,1915,6631
26184,1915,7499
26185,1915,48501
26186,1915,65195
26187,1915,16474
26188,1915,24758
26189,1915,14457
26190,1915,11066
26191,1915,41090
26192,1915,54260
26193,1915,32045
26194,1915,51442
26195,1915,58867
26196,1915,64227
26197,1915,57124
26198,1915,52886
26199,1915,42030
26200,1915,18529
26201,1915,46730
26202,1915,33234
26203,1915,1634
26204,1915,19208
26205,1915,32164
26206,1915,18413
26207,1915,15604
26208,1915,16653
26209,1915,40015
26210,1915,16317
26211,1915,18032
26212,1915,49012
26213,1915,40823
26214,1915,33481
26215,1915,72031
26216,1915,49796
26217,1915,64462
26218,1915,34034
26219,1915,48044
26220,1915,793
26221,1915,38934
26222,1915,18615
26223,1915,47971
26224,1915,62678
26225,1915,19834
26226,1915,68149
26227,1915,15482
26228,1915,49625
26229,1915,25215
26230,1915,1021
26231,1915,1890
26232,1915,59388
26233,1915,36869
26234,1915,39905
26235,1915,19253
26236,1915,31467
26237,1915,70946
26238,1915,70400
26239,1915,27447
26240,1915,45662
26241,1915,41036
26242,1915,6065
26243,1915,36010
26244,1915,33565
26245,1915,53667
26246,1915,56653
26247,1915,20627
26248,1915,37728
26249,1915,1740
26250,1915,453
26251,1915,38857
26252,1915,7448
26253,1915,5067
26254,1915,19196
26255,1915,37582
26256,1915,60346
26257,1915,9151
26258,1915,22995
26259,1915,27612
26260,1915,559
26261,1915,33206
26262,1915,48306
26263,1915,11660
26264,1915,36783
26265,1915,60452
26266,1915,2042
26267,1915,28192
26268,1915,33096
26269,1915,262
26270,1915,65912
26271,1915,44
26272,1915,33303
26273,1915,13542
26274,1915,2028
26275,1915,28193
26276,1915,15545
26277,1915,5957
26278,1915,55568
26279,1915,12269
26280,1915,59565
26281,1915,1162
26282,1915,16487
26283,1915,57913
26284,1915,25076
26285,1915,28459
26286,1915,68708
26287,1915,68038
26288,1915,60113
26289,1915,41729
26290,1915,10046
26291,1915,35941
26292,1915,44102
26293,1915,52571
26294,1915,46798
26295,1915,69710
26296,1915,62696
26297,1915,56873
26298,1915,43280
26299,1915,57507
26300,1915,33977
26301,1915,33797
26302,1915,40460
26303,1915,10967
26304,1915,62494
26305,1915,25301
26306,1915,6810
26307,1915,42221
26308,1915,39556
26309,1915,538
26310,1915,5229
26311,1915,56036
26312,1915,35356
26313,1915,41485
26314,1915,8105
26315,1915,32935
26316,1915,16868
26317,1915,50873
26318,1915,37214
26319,1915,62164
26320,1915,56445
26321,1915,67270
26322,1915,69289
26323,1915,3488
26324,1915,1138
26325,1915,7838
26326,1915,23605
26327,1915,26987
26328,1915,19957
26329,1915,40696
26330,1915,33264
26331,1974,59101
26332,1974,29132
26333,1974,18768
26334,1950,24166
26335,1950,51693
26336,1950,552
26337,1950,41261
26338,1950,30705
26339,1950,53198
26340,1950,68815
26341,1950,5883
26342,1950,71255
26343,1950,51854
26344,1950,67128
26345,1950,65007
26346,1950,58626
26347,1950,40125
26348,1950,58435
26349,1950,1654
26350,1950,68325
26351,1950,49525
26352,1950,67198
26353,1950,70689
26354,1950,58514
26355,1935,34589
26356,1935,488
26357,1935,42196
26358,1935,42243
26359,1935,51641
26360,1935,43970
26361,1935,66815
26362,1935,4664
26363,1935,21421
26364,1935,16290
26365,1935,12991
26366,1935,60698
26367,1935,52355
26368,1935,7765
26369,1935,42254
26370,1935,73233
26371,1935,35077
26372,1935,63417
26373,1935,42236
26374,1935,44249
26375,1935,71786
26376,1893,67560
26377,1893,16398
26378,1893,32649
26379,1893,68103
26380,1893,42231
26381,1893,33599
26382,1893,9393
26383,1893,9263
26384,1893,1097
26385,1893,7824
26386,1893,47119
26387,1893,31083
26388,1893,10495
26389,1893,34111
26390,1893,23540
26391,1893,37320
26392,1893,30547
26393,1893,4313
26394,1893,36979
26395,1893,15073
26396,1893,71776
26397,1893,4366
26398,1893,58137
26399,1893,41673
26400,1893,42647
26401,1893,54268
26402,1893,53345
26403,1893,44684
26404,1893,40697
26405,1893,10591
26406,1893,39567
26407,1893,22297
26408,1893,2717
26409,1893,3465
26410,1893,51010
26411,1893,37345
26412,1893,21037
26413,1893,69193
26414,1893,62712
26415,1893,52250
26416,1893,68276
26417,1893,854
26418,1893,38201
26419,1893,30335
26420,1893,54337
26421,1893,34480
26422,1893,6802
26423,1893,37873
26424,1893,20112
26425,1893,64380
26426,1893,5632
26427,1893,67788
26428,1893,6457
26429,1893,66584
26430,1893,51904
26431,1893,23172
26432,1893,48821
26433,1893,7825
26434,1893,30203
26435,1893,45362
26436,1893,6461
26437,1893,42354
26438,1893,68351
26439,1893,37081
26440,1893,40215
26441,1893,57071
26442,1893,37821
26443,1893,34857
26444,1893,25572
26445,1893,2715
26446,1893,11514
26447,1893,22994
26448,1893,608
26449,1893,2818
26450,1893,54376
26451,1893,42584
26452,1893,54049
26453,1893,16861
26454,1893,18423
26455,1893,71551
26456,1893,16933
26457,1893,15572
26458,1893,66388
26459,1893,25663
26460,1893,45827
26461,1893,64396
26462,1893,25493
26463,1893,697
26464,1893,18811
26465,1893,43126
26466,1893,21372
26467,1893,42816
26468,1893,329
26469,1893,59349
26470,1893,61522
26471,1893,47609
26472,1893,1551
26473,1893,7361
26474,1893,68468
26475,1893,1439
26476,1893,17343
26477,1893,21211
26478,1893,67771
26479,1893,41215
26480,1893,39546
26481,1893,9088
26482,1893,6848
26483,1893,26003
26484,1893,371
26485,1893,24599
26486,1893,15630
26487,1893,21357
26488,1893,66563
26489,1893,17155
26490,1893,58220
26491,1893,9984
26492,1893,9155
26493,1893,48334
26494,1893,24148
26495,1893,11413
26496,1893,14277
26497,1893,49458
26498,1893,25607
26499,1893,12270
26500,1893,10335
26501,1893,11298
26502,1893,834
26503,1893,29294
26504,1893,6849
26505,1893,5733
26506,1893,17960
26507,1893,18357
26508,1893,49629
26509,1893,41490
26510,1893,54133
26511,1893,5869
26512,1893,59681
26513,1893,48970
26514,1893,30136
26515,1893,8112
26516,1893,21366
26517,1893,5071
26518,1893,15204
26519,1893,24912
26520,1893,32877
26521,1893,3078
26522,1893,34120
26523,1893,27962
26524,1893,57782
26525,1893,31421
26526,1893,13483
26527,1893,6023
26528,1893,17376
26529,1893,44864
26530,1893,22191
26531,1893,1861
26532,1893,7229
26533,1893,2037
26534,1893,44486
26535,1893,12277
26536,1893,16898
26537,1893,14855
26538,1893,1939
26539,1893,38569
26540,1893,56300
26541,1893,53105
26542,1893,39464
26543,1893,18938
26544,1893,2344
26545,1893,54384
26546,1893,52703
26547,1893,54779
26548,1893,447
26549,1893,27727
26550,1893,2718
26551,1893,18091
26552,1893,39568
26553,1893,44555
26554,1893,48105
26555,1893,40142
26556,1893,2716
26557,1893,46437
26558,1893,48220
26559,1893,41142
26560,1893,47537
26561,1893,58898
26562,1893,36093
26563,1893,9593
26564,1893,22047
26565,1893,37421
26566,1893,28613
26567,1893,30197
26568,1893,47810
26569,1893,16703
26570,1893,45283
26571,1893,56810
26572,1893,43066
26573,1893,65998
26574,1893,13352
26575,1893,33608
26576,1893,59604
26577,1893,1458
26578,1893,42195
26579,1893,39998
26580,1893,44035
26581,1893,48356
26582,1893,1208
26583,1893,66518
26584,1893,37043
26585,1893,59454
26586,1893,24159
26587,1893,37647
26588,1893,20500
26589,1893,21637
26590,1893,2937
26591,1893,45913
26592,1893,34036
26593,1893,73945
26594,1893,14443
26595,1893,43157
26596,1893,8676
26597,1893,39989
26598,1893,19509
26599,1893,25455
26600,1893,61784
26601,1893,40321
26602,1893,8162
26603,1893,18859
26604,1893,7605
26605,1893,48545
26606,1893,53717
26607,1893,56596
26608,1893,21750
26609,1893,39821
26610,1893,43403
26611,1893,844
26612,1893,33924
26613,1893,55817
26614,1893,31796
26615,1893,35305
26616,1893,14881
26617,1893,51590
26618,1893,68813
26619,1893,18209
26620,1893,1308
26621,1893,19391
26622,1893,2429
26623,1893,62363
26624,1893,61313
26625,1893,9543
26626,1893,17926
26627,1893,56332
26628,1893,48795
26629,1893,59230
26630,1893,25661
26631,1893,36069
26632,1893,49954
26633,1893,10226
26634,1893,62890
26635,1893,21231
26636,1936,26234
26637,1936,71168
26638,1936,32759
26639,1936,71806
26640,1936,33382
26641,1936,59318
26642,1936,38490
26643,1936,68577
26644,1936,2057
26645,1936,10440
26646,1936,58629
26647,1936,56073
26648,1936,53647
26649,1936,11357
26650,1936,73181
26651,1936,33381
26652,1999,48791
26653,1954,29619
26654,1954,31840
26655,1954,52228
26656,1954,65605
26657,1954,28698
26658,1954,31501
26659,1954,31343
26660,1954,73527
26661,1954,42987
26662,1954,51531
26663,1954,18361
26664,1954,48991
26665,1954,31344
26666,1954,39164
26667,1954,37228
26668,1954,69911
26669,1954,41637
26670,1954,18189
26671,1954,39958
26672,1954,33825
26673,1954,63847
26674,1954,29614
26675,1751,7539
26676,1751,62856
26677,1751,6097
26678,1751,4084
26679,1751,15409
26680,1751,6095
26681,1751,45515
26682,1751,6096
26683,1751,6098
26684,1751,3355
26685,1763,52541
26686,1763,46378
26687,1831,4008
26688,1831,2075
26689,1831,8860
26690,1831,7609
26691,1831,53678
26692,1831,7611
26693,1831,26308
26694,1831,7612
26695,1831,33672
26696,1831,50640
26697,1831,66386
26698,1831,743
26699,1831,44205
26700,1831,64247
26701,1831,7610
26702,1831,7613
26703,1831,1904
26704,1831,31374
26705,1831,7614
26706,1831,20008
26707,1831,58074
26708,1831,71717
26709,1831,947
26710,1873,69192
26711,1873,4770
26712,1873,37527
26713,1873,34483
26714,1873,23262
26715,1873,4359
26716,1873,71987
26717,1873,50119
26718,1873,29564
26719,1873,3178
26720,1873,39772
26721,1873,224
26722,1873,38078
26723,1873,64469
26724,1873,10516
26725,1873,5822
26726,1873,14243
26727,1873,59144
26728,1873,36604
26729,1873,54373
26730,1873,21138
26731,1873,69297
26732,1873,2084
26733,1873,69249
26734,1873,16329
26735,1873,29797
26736,1873,50307
26737,1873,36235
26738,1873,755
26739,1873,39686
26740,1873,23140
26741,1873,12506
26742,1873,57309
26743,1873,61071
26744,1873,30148
26745,1873,68179
26746,1873,8048
26747,1873,2418
26748,1873,56427
26749,1873,5823
26750,1873,17801
26751,1873,30149
26752,1873,16358
26753,1873,23271
26754,1873,24526
26755,1873,20379
26756,1873,22406
26757,1873,18640
26758,1873,10378
26759,1873,23300
26760,1873,49295
26761,1873,11448
26762,1873,42215
26763,1873,5824
26764,1873,28973
26765,1873,19136
26766,1873,12195
26767,1873,2398
26768,1873,7556
26769,1873,21748
26770,1873,42741
26771,1873,38544
26772,1873,38079
26773,1873,6679
26774,1873,7032
26775,1873,32151
26776,1873,11632
26777,1873,72019
26778,1873,5821
26779,1873,54783
26780,1873,20463
26781,1873,33573
26782,1873,6090
26783,1873,45476
26784,1873,15596
26785,1873,27288
26786,1873,34187
26787,1873,39926
26788,1873,63805
26789,1873,44525
26790,1873,10926
26791,1873,44527
26792,1873,1061
26793,1873,25507
26794,1873,25915
26795,1873,41527
26796,1873,35225
26797,1873,24001
26798,1873,37563
26799,1873,15176
26800,1873,3142
26801,1873,63803
26802,1873,8523
26803,1873,56236
26804,1873,43340
26805,1873,18555
26806,1873,17278
26807,1873,25481
26808,1873,41606
26809,1873,26524
26810,1873,1623
26811,1873,15401
26812,1873,1621
26813,1873,67462
26814,1873,13835
26815,1873,40688
26816,1873,48872
26817,1873,4207
26818,1873,5820
26819,1873,24409
26820,1873,21695
26821,1873,64654
26822,1910,43976
26823,1910,6488
26824,1910,72288
26825,1910,8464
26826,1910,14332
26827,1910,20846
26828,1910,29361
26829,1910,58884
26830,1910,11911
26831,1910,36322
26832,1910,68685
26833,1910,1274
26834,1910,20904
26835,1910,611
26836,1910,14108
26837,1910,27661
26838,1910,907
26839,1910,50124
26840,1910,10991
26841,1910,6495
26842,1910,10832
26843,1910,16444
26844,1910,28065
26845,1910,55816
26846,1910,1817
26847,1910,13615
26848,1910,65117
26849,1910,52700
26850,1910,2851
26851,1910,18886
26852,1910,35394
26853,1910,44100
26854,1910,11351
26855,1910,25272
26856,1910,5341
26857,1910,10068
26858,1910,65800
26859,1910,41756
26860,1910,17068
26861,1910,7510
26862,1910,18548
26863,1910,1822
26864,1910,44475
26865,1910,19418
26866,1910,50977
26867,1910,39943
26868,1910,41701
26869,1910,61530
26870,1910,556
26871,1910,36423
26872,1910,1285
26873,1910,56549
26874,1910,31244
26875,1910,38452
26876,1910,41574
26877,1910,63456
26878,1910,60135
26879,1910,28443
26880,1910,41140
26881,1910,9470
26882,1910,40202
26883,1910,40201
26884,1910,12226
26885,1910,40411
26886,1910,70923
26887,1910,19113
26888,1910,23653
26889,1910,44718
26890,1910,72922
26891,1910,70119
26892,1910,63983
26893,1910,38321
26894,1910,15449
26895,1910,243
26896,1910,306
26897,1910,71044
26898,1910,45577
26899,1910,56187
26900,1910,30597
26901,1910,17841
26902,1910,25420
26903,1910,30225
26904,1910,14656
26905,1910,36740
26906,1910,26683
26907,1910,3828
26908,1910,5636
26909,1910,58800
26910,1910,38723
26911,1910,72969
26912,1910,71965
26913,1910,50374
26914,1910,27601
26915,1910,25971
26916,1910,67912
26917,1910,43472
26918,1910,5007
26919,1910,21968
26920,1910,3407
26921,1910,74593
26922,1910,72873
26923,1910,16629
26924,1910,65083
26925,1910,17725
26926,1910,32795
26927,1910,58192
26928,1910,24540
26929,1910,51525
26930,1910,73330
26931,1910,42257
26932,1910,52914
26933,1910,29266
26934,1910,46139
26935,1910,11503
26936,1910,40401
26937,1910,21995
26938,1910,14832
26939,1910,23392
26940,1910,11988
26941,1910,39092
26942,1910,36926
26943,1910,16242
26944,1910,17507
26945,1910,41415
26946,1910,31472
26947,1910,6918
26948,1910,41593
26949,1910,16559
26950,1910,51611
26951,1910,11238
26952,1910,42527
26953,1910,29274
26954,1910,40890
26955,1910,37088
26956,1910,6568
26957,1910,56432
26958,1910,40017
26959,1910,33759
26960,1910,46566
26961,1910,38735
26962,1910,10696
26963,1910,9405
26964,1910,43618
26965,1910,10707
26966,1910,25922
26967,1910,67997
26968,1910,14363
26969,1910,23607
26970,1910,41199
26971,1910,53122
26972,1910,18097
26973,1910,35509
26974,1910,25447
26975,1910,69145
26976,1910,46240
26977,1910,29557
26978,1910,16742
26979,1910,31508
26980,1910,61716
26981,1910,44329
26982,1910,35612
26983,1910,50976
26984,1910,67406
26985,1910,73334
26986,1910,62297
26987,1910,18795
26988,1910,41863
26989,1910,35038
26990,1910,13823
26991,1910,10083
26992,1910,49553
26993,1910,18874
26994,1910,38471
26995,1910,10592
26996,1910,15228
26997,1910,49345
26998,1910,1378
26999,1910,36490
27000,1910,5736
27001,1910,27966
27002,1910,53507
27003,1910,9172
27004,1910,46251
27005,1910,17776
27006,1910,48697
27007,1910,33261
27008,1910,14749
27009,1910,67095
27010,1910,28234
27011,1910,34254
27012,1910,61550
27013,1910,21970
27014,1910,1809
27015,1910,52908
27016,1910,63467
27017,1910,34661
27018,1910,10447
27019,1910,64224
27020,1910,26910
27021,1910,61269
27022,1910,23293
27023,1910,70357
27024,1910,53974
27025,1910,68051
27026,1910,67438
27027,1910,15577
27028,1910,6118
27029,1910,13670
27030,1910,15800
27031,1910,31497
27032,1910,5675
27033,1910,13434
27034,1910,4514
27035,1910,22716
27036,1910,7450
27037,1910,23650
27038,1910,19328
27039,1910,63347
27040,1910,42427
27041,1910,46087
27042,1910,10441
27043,1910,8727
27044,1910,12677
27045,1910,56269
27046,1910,1823
27047,1910,1882
27048,1910,73316
27049,1910,10291
27050,1910,25878
27051,1910,25998
27052,1910,2891
27053,1910,41657
27054,1910,73402
27055,1910,13369
27056,1910,14684
27057,1910,15894
27058,1910,41356
27059,1910,69269
27060,1910,19272
27061,1910,1595
27062,1910,34398
27063,1910,28886
27064,1910,17439
27065,1910,16194
27066,1910,64258
27067,1910,37423
27068,1910,59106
27069,1910,1050
27070,1910,65432
27071,1910,21828
27072,1910,22063
27073,1910,11091
27074,1910,66116
27075,1910,60974
27076,1910,34681
27077,1910,59844
27078,1910,10468
27079,1910,7192
27080,1910,48782
27081,1910,819
27082,1910,15196
27083,1910,21876
27084,1910,43897
27085,1910,4991
27086,1910,46017
27087,1910,25826
27088,1910,29642
27089,1910,24309
27090,1910,24578
27091,1910,4953
27092,1910,67842
27093,1910,70233
27094,1910,17302
27095,1910,20606
27096,1910,46722
27097,1910,18986
27098,1910,45896
27099,1910,11949
27100,1910,41631
27101,1910,14393
27102,1910,35338
27103,1910,68074
27104,1910,61840
27105,1910,28264
27106,1910,22056
27107,1910,21408
27108,1910,36305
27109,1910,1820
27110,1910,8136
27111,1910,54247
27112,1910,72446
27113,1910,6133
27114,1910,49003
27115,1910,32620
27116,1910,35031
27117,1910,35540
27118,1910,41345
27119,1910,820
27120,1910,54101
27121,1910,71529
27122,1910,16551
27123,1910,40479
27124,1910,7465
27125,1910,28472
27126,1910,22212
27127,1910,18065
27128,1910,71285
27129,1910,11593
27130,1910,47614
27131,1910,50331
27132,1910,33194
27133,1910,20190
27134,1910,15671
27135,1910,32897
27136,1910,42327
27137,1910,59206
27138,1910,3728
27139,1910,52302
27140,1910,42970
27141,1910,67433
27142,1910,67683
27143,1910,33043
27144,1910,66669
27145,1910,53260
27146,1910,14657
27147,1910,7354
27148,1910,44579
27149,1910,17887
27150,1910,18905
27151,1910,42136
27152,1910,27548
27153,1910,59952
27154,1910,61142
27155,1910,28966
27156,1910,41658
27157,1910,12020
27158,1910,24839
27159,1910,38087
27160,1910,27021
27161,1910,67787
27162,1910,2946
27163,1910,66278
27164,1910,24929
27165,1910,23662
27166,1910,16028
27167,1910,9193
27168,1910,43530
27169,1910,13889
27170,1910,52934
27171,1910,37609
27172,1910,2307
27173,1910,746
27174,1910,27629
27175,1910,3026
27176,1910,55074
27177,1910,14876
27178,1910,51391
27179,1910,41616
27180,1910,15278
27181,1910,21936
27182,1910,28999
27183,1910,51941
27184,1910,7308
27185,1910,48039
27186,1910,17504
27187,1910,40668
27188,1910,28204
27189,1910,35081
27190,1910,2349
27191,1910,21205
27192,1910,2722
27193,1910,33948
27194,1910,1717
27195,1910,7415
27196,1910,20523
27197,1910,11904
27198,1910,9656
27199,1910,46136
27200,1910,41510
27201,1910,54870
27202,1910,55454
27203,1910,65870
27204,1910,18448
27205,1910,12093
27206,1910,67596
27207,1910,18698
27208,1910,28177
27209,1910,1262
27210,1910,34910
27211,1910,21249
27212,1910,43615
27213,1910,58513
27214,1910,28070
27215,1910,33005
27216,1910,61726
27217,1910,5961
27218,1910,22225
27219,1910,71342
27220,1910,12314
27221,1910,13933
27222,1910,10918
27223,1910,6753
27224,1910,38796
27225,1910,52457
27226,1910,38029
27227,1910,29135
27228,1910,14844
27229,1910,10323
27230,1910,45957
27231,1910,34020
27232,1910,41304
27233,1910,32076
27234,1910,50338
27235,1910,6069
27236,1910,55750
27237,1910,67366
27238,1910,58964
27239,1910,27998
27240,1910,9847
27241,1910,56923
27242,1910,2162
27243,1910,63346
27244,1910,40368
27245,1910,14054
27246,1910,39145
27247,1910,12235
27248,1910,66668
27249,1910,42051
27250,1910,43972
27251,1910,17254
27252,1910,7956
27253,1910,52112
27254,1910,69937
27255,1910,27370
27256,1910,68806
27257,1910,72581
27258,1910,2141
27259,1910,33248
27260,1910,45240
27261,1910,66617
27262,1910,55526
27263,1910,35942
27264,1910,43406
27265,1910,21075
27266,1910,22350
27267,1910,25877
27268,1910,6487
27269,1910,36138
27270,1910,1821
27271,1910,39102
27272,1910,24314
27273,1910,20429
27274,1910,31784
27275,1910,60575
27276,1910,17089
27277,1910,25869
27278,1910,18116
27279,1910,36522
27280,1910,46934
27281,1910,13240
27282,1910,20279
27283,1910,1447
27284,1910,47647
27285,1910,73127
27286,1910,27805
27287,1910,60398
27288,1910,40836
27289,1910,21076
27290,1910,3591
27291,1910,67172
27292,1910,61959
27293,1910,24688
27294,1910,60405
27295,1910,62283
27296,1910,45685
27297,1910,39582
27298,1910,30241
27299,1910,2086
27300,1910,66522
27301,1910,45848
27302,1910,9888
27303,1910,26678
27304,1910,72341
27305,1910,58378
27306,1910,8129
27307,1910,8996
27308,1910,41397
27309,1910,40483
27310,1910,59039
27311,1770,2173
27312,1770,49602
27313,1782,15279
27314,1782,52862
27315,1782,8639
27316,1782,23753
27317,1782,6346
27318,1782,7146
27319,1782,5249
27320,1782,4666
27321,1976,51037
27322,1976,32448
27323,1976,72824
27324,1976,27393
27325,1875,8127
27326,1875,24400
27327,1875,69939
27328,1875,2903
27329,1875,30729
27330,1875,4261
27331,1875,50246
27332,1875,15214
27333,1875,57659
27334,1875,30636
27335,1875,33386
27336,1875,10093
27337,1875,67584
27338,1875,35835
27339,1875,1622
27340,1875,5252
27341,1875,59567
27342,1875,5838
27343,1875,68165
27344,1875,1652
27345,1875,8892
27346,1875,2901
27347,1875,27175
27348,1875,21982
27349,1875,23388
27350,1875,43
27351,1875,30431
27352,1875,40883
27353,1875,70378
27354,1875,2902
27355,1875,5853
27356,1875,69954
27357,1875,2616
27358,1875,27678
27359,1875,5852
27360,1875,35705
27361,1875,40387
27362,1875,69714
27363,1875,43489
27364,1875,29273
27365,1875,7127
27366,1875,2485
27367,1875,54003
27368,1875,52388
27369,1875,69963
27370,1875,5842
27371,1875,53062
27372,1875,5231
27373,1875,496
27374,1875,426
27375,1875,18154
27376,1875,63162
27377,1875,36148
27378,1875,33664
27379,1875,7110
27380,1875,2427
27381,1875,41955
27382,1875,45975
27383,1875,48603
27384,1875,4361
27385,1875,17126
27386,1875,54303
27387,1875,69420
27388,1875,58462
27389,1875,6704
27390,1875,42558
27391,1875,14874
27392,1875,5851
27393,1875,4955
27394,1875,41740
27395,1875,54090
27396,1875,11158
27397,1875,15627
27398,1875,25500
27399,1875,38998
27400,1875,54775
27401,1875,7839
27402,1875,35931
27403,1875,59674
27404,1875,1698
27405,1875,11563
27406,1875,49944
27407,1875,45972
27408,1875,176
27409,1875,5765
27410,1875,42
27411,1875,44492
27412,1875,56625
27413,1875,26094
27414,1875,59897
27415,1875,8116
27416,1875,2904
27417,1875,5850
27418,1875,21698
27419,1875,2617
27420,1875,44425
27421,1875,38022
27422,1875,5841
27423,1875,21479
27424,1875,25647
27425,1875,19247
27426,1875,12896
27427,1875,49827
27428,1875,22600
27429,1875,5118
27430,1875,23773
27431,1875,50767
27432,1875,12303
27433,1875,6102
27434,1875,1268
27435,1875,6436
27436,1875,14418
27437,1875,4347
27438,1875,7358
27439,1875,43728
27440,1875,49075
27441,1875,28680
27442,1875,59348
27443,1875,40938
27444,1875,49198
27445,1875,5840
27446,1817,6081
27447,1817,57317
27448,1817,52790
27449,1817,29091
27450,1817,73630
27451,1817,29879
27452,1817,23777
27453,1817,50118
27454,1817,29090
27455,1817,42033
27456,1817,8857
27457,1817,56656
27458,1817,5085
27459,1817,59226
27460,1997,51687
27461,1997,29159
27462,1997,63659
27463,1997,27089
27464,1997,63758
27465,1963,24921
27466,1963,30742
27467,1963,34326
27468,1963,50893
27469,1963,28874
27470,1963,34334
27471,1963,19651
27472,1963,29680
27473,1963,20856
27474,1963,26521
27475,1963,65550
27476,1963,70814
27477,1963,70047
27478,1963,53712
27479,1963,63577
27480,1963,20728
27481,1963,41905
27482,1963,72015
27483,1963,19471
27484,1963,63813
27485,1963,20962
27486,1963,58549
27487,1963,18884
27488,1963,51712
27489,1963,58939
27490,1963,24436
27491,1963,31448
27492,1963,63696
27493,1963,66417
27494,1963,67298
27495,1963,61806
27496,1963,68757
27497,1963,20727
27498,1963,66639
27499,1963,20796
27500,1867,36161
27501,1867,33789
27502,1867,4676
27503,1867,11764
27504,1867,52347
27505,1867,25018
27506,1867,2561
27507,1867,66063
27508,1867,36127
27509,1867,72621
27510,1867,6958
27511,1867,63423
27512,1867,8035
27513,1867,15963
27514,1867,35227
27515,1867,9786
27516,1867,5159
27517,1867,25904
27518,1867,50432
27519,1867,26779
27520,1867,49145
27521,1867,1523
27522,1867,21703
27523,1867,4226
27524,1867,59793
27525,1867,65967
27526,1867,69051
27527,1867,62837
27528,1867,18276
27529,1867,9648
27530,1867,18857
27531,1867,20524
27532,1867,71224
27533,1867,28630
27534,1867,44080
27535,1867,23170
27536,1867,3045
27537,1867,60561
27538,1867,8897
27539,1867,62993
27540,1867,10126
27541,1867,4351
27542,1867,6839
27543,1867,28285
27544,1867,26736
27545,1867,13759
27546,1867,22084
27547,1867,9362
27548,1867,71663
27549,1867,1335
27550,1867,69223
27551,1867,34793
27552,1867,41148
27553,1867,32089
27554,1867,14089
27555,1867,56829
27556,1867,31232
27557,1867,19779
27558,1867,27911
27559,1867,1423
27560,1867,19465
27561,1867,33451
27562,1867,59927
27563,1867,61176
27564,1867,16405
27565,1867,63929
27566,1867,1651
27567,1867,34666
27568,1867,10549
27569,1867,70170
27570,1867,43390
27571,1867,35213
27572,1867,31483
27573,1867,43715
27574,1867,55683
27575,1867,58431
27576,1867,4586
27577,1867,14373
27578,1867,45160
27579,1867,49176
27580,1867,43657
27581,1867,38270
27582,1867,2697
27583,1867,48641
27584,1867,2486
27585,1867,5773
27586,1867,33487
27587,1908,31416
27588,1908,43989
27589,1908,29545
27590,1908,210
27591,1908,1190
27592,1908,32115
27593,1908,66730
27594,1908,16183
27595,1908,45978
27596,1908,54259
27597,1908,37208
27598,1908,14697
27599,1908,36083
27600,1908,11493
27601,1908,5122
27602,1908,14445
27603,1908,29839
27604,1908,2868
27605,1908,1099
27606,1908,33293
27607,1908,39551
27608,1908,12290
27609,1908,15259
27610,1908,3384
27611,1908,20532
27612,1908,67891
27613,1908,2994
27614,1908,68159
27615,1908,71105
27616,1908,50995
27617,1908,23511
27618,1908,12388
27619,1908,48507
27620,1908,10359
27621,1908,25536
27622,1908,10806
27623,1908,22884
27624,1908,8396
27625,1908,10840
27626,1908,3382
27627,1908,38108
27628,1908,26364
27629,1908,31320
27630,1908,23512
27631,1908,55847
27632,1908,66632
27633,1908,1049
27634,1908,36998
27635,1908,17485
27636,1908,14358
27637,1908,5332
27638,1908,26644
27639,1908,20238
27640,1908,32702
27641,1908,16808
27642,1908,12324
27643,1908,33747
27644,1908,2346
27645,1908,9955
27646,1908,73167
27647,1908,52344
27648,1908,31359
27649,1908,22163
27650,1908,14748
27651,1908,10002
27652,1908,10844
27653,1908,64365
27654,1908,26527
27655,1908,43013
27656,1908,45971
27657,1908,4294
27658,1908,67704
27659,1908,48233
27660,1908,5829
27661,1908,17566
27662,1908,35683
27663,1908,3381
27664,1908,53995
27665,1908,15867
27666,1908,52047
27667,1908,36956
27668,1908,22825
27669,1908,7778
27670,1908,30827
27671,1908,6024
27672,1908,7813
27673,1908,49321
27674,1908,45521
27675,1908,22566
27676,1908,29608
27677,1908,481
27678,1908,46855
27679,1908,44066
27680,1908,58392
27681,1908,51964
27682,1908,42723
27683,1908,32776
27684,1908,64584
27685,1908,3388
27686,1908,68422
27687,1908,56074
27688,1908,49662
27689,1908,780
27690,1908,67900
27691,1908,32418
27692,1908,6624
27693,1908,59640
27694,1908,5066
27695,1908,69106
27696,1908,63719
27697,1908,44324
27698,1908,50261
27699,1908,55642
27700,1908,28432
27701,1908,15654
27702,1908,14029
27703,1908,3387
27704,1908,32910
27705,1908,21930
27706,1908,32318
27707,1908,8554
27708,1908,11719
27709,1908,5756
27710,1908,859
27711,1908,37761
27712,1908,5953
27713,1908,41707
27714,1908,45
27715,1908,73052
27716,1908,65993
27717,1908,36705
27718,1908,22749
27719,1908,60307
27720,1908,1385
27721,1908,63737
27722,1908,12915
27723,1908,26437
27724,1908,53532
27725,1908,420
27726,1908,18642
27727,1908,13504
27728,1908,47990
27729,1908,68709
27730,1908,1805
27731,1908,42176
27732,1908,23516
27733,1908,63556
27734,1908,13453
27735,1908,28982
27736,1908,19812
27737,1908,46059
27738,1908,28057
27739,1908,3281
27740,1908,72999
27741,1908,40034
27742,1908,9931
27743,1908,51425
27744,1908,21264
27745,1908,2771
27746,1908,10877
27747,1908,42920
27748,1908,46975
27749,1908,46926
27750,1908,4376
27751,1908,40571
27752,1908,35388
27753,1908,12085
27754,1908,39831
27755,1908,33987
27756,1908,52564
27757,1908,19666
27758,1908,8184
27759,1908,1056
27760,1908,23513
27761,1908,17620
27762,1908,10537
27763,1908,64970
27764,1908,34065
27765,1908,49488
27766,1908,61247
27767,1908,5604
27768,1908,68341
27769,1908,63880
27770,1908,2350
27771,1908,35302
27772,1908,16379
27773,1908,17785
27774,1908,61932
27775,1908,7176
27776,1908,9853
27777,1908,31659
27778,1908,41775
27779,1908,49316
27780,1908,15953
27781,1908,27271
27782,1908,28631
27783,1908,10146
27784,1908,72917
27785,1908,4516
27786,1908,58468
27787,1908,61606
27788,1908,27745
27789,1908,52724
27790,1908,39131
27791,1908,3379
27792,1908,51915
27793,1908,33286
27794,1908,50910
27795,1908,24587
27796,1908,44388
27797,1908,34570
27798,1908,24097
27799,1908,3377
27800,1908,16925
27801,1908,25618
27802,1908,50764
27803,1908,33464
27804,1908,28690
27805,1908,65533
27806,1908,20953
27807,1908,8134
27808,1908,15681
27809,1908,69364
27810,1908,41937
27811,1908,11962
27812,1908,28972
27813,1908,25847
27814,1908,61123
27815,1908,29260
27816,1908,49106
27817,1908,17856
27818,1908,38607
27819,1908,67215
27820,1908,38635
27821,1908,40835
27822,1908,28309
27823,1908,65799
27824,1908,43336
27825,1908,12480
27826,1908,38747
27827,1908,29023
27828,1908,41739
27829,1908,22158
27830,1908,31768
27831,1908,54501
27832,1908,39829
27833,1908,52058
27834,1908,37627
27835,1908,2343
27836,1908,1843
27837,1908,5247
27838,1908,17297
27839,1908,23531
27840,1908,7422
27841,1908,40904
27842,1908,25786
27843,1908,53961
27844,1908,30548
27845,1908,69603
27846,1908,25630
27847,1908,59503
27848,1908,3386
27849,1908,32915
27850,1908,15717
27851,1908,3389
27852,1908,71855
27853,1908,37424
27854,1908,52731
27855,1908,63089
27856,1908,55076
27857,1908,37871
27858,1908,60524
27859,1908,23515
27860,1908,38670
27861,1908,68744
27862,1908,9779
27863,1908,46185
27864,1908,3385
27865,1908,724
27866,1908,10541
27867,1908,38432
27868,1908,45717
27869,1908,43607
27870,1908,50318
27871,1908,3383
27872,1908,67204
27873,1908,8250
27874,1908,55397
27875,1908,15508
27876,1908,14209
27877,1908,44146
27878,1908,39019
27879,1908,14342
27880,1908,32299
27881,1908,71547
27882,1908,23514
27883,1908,63255
27884,1908,25809
27885,1908,45206
27886,1908,6673
27887,1908,14252
27888,1908,36401
27889,1908,50470
27890,1908,856
27891,1908,66592
27892,1908,12170
27893,1908,3007
27894,1908,5995
27895,1908,44000
27896,1908,28361
27897,1908,70159
27898,1908,49669
27899,1908,16719
27900,1908,5421
27901,1908,43492
27902,1908,68279
27903,1908,55246
27904,1908,68526
27905,1908,64514
27906,1908,42692
27907,1908,12029
27908,1908,32713
27909,1908,7804
27910,1908,10852
27911,1908,51365
27912,1908,49848
27913,1908,62163
27914,1908,28748
27915,1908,51198
27916,1908,23681
27917,1908,24855
27918,1908,35992
27919,1908,11572
27920,1908,29086
27921,1908,28505
27922,1908,29483
27923,1908,35194
27924,1908,30391
27925,1908,6410
27926,1908,47363
27927,1908,52312
27928,1908,20722
27929,1908,38268
27930,1908,22593
27931,1908,54715
27932,1908,16058
27933,1908,1803
27934,1908,9871
27935,1908,27699
27936,1908,20010
27937,1908,13017
27938,1908,60912
27939,1908,1444
27940,1908,21398
27941,1908,34017
27942,1908,32769
27943,1908,32152
27944,1908,289
27945,1908,36952
27946,1908,38237
27947,1908,9979
27948,1908,12326
27949,1908,18057
27950,1908,21852
27951,1908,40312
27952,1908,37158
27953,1908,34745
27954,1908,21529
27955,1908,72237
27956,1908,36487
27957,1908,68195
27958,1908,62529
27959,1908,27766
27960,1908,23510
27961,1908,16624
27962,1908,37179
27963,1908,18712
27964,1908,27432
27965,1908,73071
27966,1908,33903
27967,1908,4533
27968,1908,33050
27969,1908,13998
27970,1908,68219
27971,1908,10459
27972,1908,12321
27973,1908,67315
27974,1908,48644
27975,1908,41358
27976,1908,11999
27977,1908,55899
27978,1908,53763
27979,1908,72374
27980,1908,3380
27981,1908,12580
27982,1908,40989
27983,1908,34362
27984,1908,56550
27985,1908,19985
27986,1908,20543
27987,1908,67034
27988,1908,49270
27989,1908,59964
27990,1908,2641
27991,1908,19567
27992,1908,3378
27993,1798,47605
27994,1798,9622
27995,1798,4554
27996,1798,40297
27997,1798,37057
27998,1798,792
27999,1798,4239
28000,1798,5011
28001,1798,842
28002,1798,67847
28003,1798,55558
28004,1977,64217
28005,1878,52044
28006,1878,7525
28007,1878,22427
28008,1878,6161
28009,1878,43278
28010,1878,28641
28011,1878,122
28012,1878,32458
28013,1878,33154
28014,1878,43119
28015,1878,59887
28016,1878,17423
28017,1878,170
28018,1878,14836
28019,1878,4662
28020,1878,32493
28021,1878,7903
28022,1878,70735
28023,1878,73228
28024,1878,50145
28025,1878,8226
28026,1878,36567
28027,1878,45927
28028,1878,7906
28029,1878,67626
28030,1878,276
28031,1878,25432
28032,1878,6595
28033,1878,32382
28034,1878,8216
28035,1878,43151
28036,1878,16667
28037,1878,24146
28038,1878,21466
28039,1878,21449
28040,1878,37476
28041,1878,30132
28042,1878,55787
28043,1878,3795
28044,1878,31476
28045,1878,30208
28046,1878,16150
28047,1878,28363
28048,1878,46475
28049,1878,36755
28050,1878,33729
28051,1878,70191
28052,1878,51388
28053,1878,22746
28054,1878,28419
28055,1878,33500
28056,1878,1628
28057,1878,279
28058,1878,7904
28059,1878,73563
28060,1878,44289
28061,1878,8420
28062,1878,29424
28063,1878,19531
28064,1878,8218
28065,1878,29828
28066,1878,6420
28067,1878,1
28068,1878,29434
28069,1878,29156
28070,1878,54138
28071,1878,303
28072,1878,38389
28073,1878,33730
28074,1878,7908
28075,1878,17500
28076,1878,17424
28077,1878,43647
28078,1878,4555
28079,1878,32499
28080,1878,4663
28081,1878,33989
28082,1878,18036
28083,1878,20963
28084,1878,32333
28085,1878,17422
28086,1878,2534
28087,1878,19394
28088,1878,516
28089,1878,25418
28090,1878,6419
28091,1878,5887
28092,1878,6138
28093,1878,29430
28094,1878,156
28095,1878,7909
28096,1878,23635
28097,1878,29431
28098,1878,33712
28099,1878,16791
28100,1878,48190
28101,1878,7901
28102,1878,29441
28103,1878,48843
28104,1878,28898
28105,1878,33627
28106,1878,8214
28107,1878,32503
28108,1878,19003
28109,1878,7907
28110,1878,16478
28111,1878,15587
28112,1878,26726
28113,1878,29467
28114,1878,26752
28115,1878,23053
28116,1878,32937
28117,1878,28056
28118,1878,4742
28119,1878,12051
28120,1878,21447
28121,1878,29219
28122,1878,58919
28123,1878,19419
28124,1878,28409
28125,1878,43045
28126,1878,37467
28127,1878,18851
28128,1878,7905
28129,1878,179
28130,1878,28760
28131,1878,18608
28132,1878,45536
28133,1878,3182
28134,1878,6349
28135,1878,48325
28136,1878,11141
28137,1878,2165
28138,1878,56940
28139,1878,56763
28140,1878,21705
28141,1878,35921
28142,1878,5157
28143,1878,33220
28144,1878,9454
28145,1878,18124
28146,1878,33374
28147,1878,34677
28148,1878,1353
28149,1878,23165
28150,1878,7902
28151,1878,10818
28152,1878,59590
28153,1878,28306
28154,1878,933
28155,1878,49958
28156,1878,6
28157,1878,672
28158,1878,11031
28159,1878,36948
28160,1878,9098
28161,1878,19537
28162,1878,27300
28163,1878,8421
28164,1878,6348
28165,1878,382
28166,1878,33375
28167,1878,21742
28168,1878,45391
28169,1878,43168
28170,1878,2179
28171,1878,17421
28172,1878,29459
28173,1878,18609
28174,1878,37651
28175,1878,72355
28176,1840,4066
28177,1840,2148
28178,1840,41368
28179,1840,5344
28180,1840,60951
28181,1840,7426
28182,1840,9054
28183,1840,49850
28184,1840,42523
28185,1840,9846
28186,1840,49508
28187,1840,69290
28188,1840,69642
28189,1840,33434
28190,1840,13626
28191,1840,48721
28192,1840,8114
28193,1840,14072
28194,1840,29456
28195,1840,2055
28196,1840,5345
28197,1840,41309
28198,1840,23137
28199,1840,50907
28200,1840,40652
28201,1840,39176
28202,1840,5346
28203,1840,60077
28204,1840,21495
28205,1840,23139
28206,1840,47447
28207,1840,39615
28208,1840,71356
28209,1840,72451
28210,1840,43397
28211,1840,10077
28212,1840,22959
28213,1840,1900
28214,1840,48015
28215,1840,25678
28216,1840,44802
28217,1840,31579
28218,1840,11099
28219,1840,2768
28220,1840,39055
28221,1840,63839
28222,1840,588
28223,1840,68752
28224,1967,51361
28225,1967,59514
28226,1967,62833
28227,1967,66293
28228,1967,36082
28229,1945,71570
28230,1945,18839
28231,1945,55264
28232,1945,58743
28233,1945,28215
28234,1945,16502
28235,1912,15818
28236,1912,39108
28237,1912,9194
28238,1912,24742
28239,1912,40776
28240,1912,37962
28241,1912,9972
28242,1912,7523
28243,1912,56551
28244,1912,45245
28245,1912,56524
28246,1912,19874
28247,1912,39502
28248,1912,55821
28249,1912,67055
28250,1912,38897
28251,1912,65315
28252,1912,39706
28253,1912,38592
28254,1912,55235
28255,1912,6675
28256,1912,1563
28257,1912,27950
28258,1912,41878
28259,1912,59961
28260,1912,41926
28261,1912,11506
28262,1912,1976
28263,1912,64882
28264,1912,17104
28265,1912,46298
28266,1912,11655
28267,1912,20516
28268,1912,32260
28269,1912,65786
28270,1912,36377
28271,1912,41500
28272,1912,31876
28273,1912,55439
28274,1912,32196
28275,1912,65476
28276,1912,15280
28277,1912,70521
28278,1912,24615
28279,1912,33012
28280,1912,45148
28281,1912,4941
28282,1912,67088
28283,1912,11517
28284,1912,10662
28285,1912,29852
28286,1912,46689
28287,1912,36335
28288,1912,20878
28289,1912,10865
28290,1912,42983
28291,1912,60518
28292,1912,57136
28293,1912,9480
28294,1912,61045
28295,1912,52246
28296,1912,1605
28297,1912,10164
28298,1912,11508
28299,1912,32088
28300,1912,6168
28301,1912,44221
28302,1912,5264
28303,1912,14520
28304,1912,35205
28305,1912,32803
28306,1912,66511
28307,1912,29562
28308,1912,41001
28309,1912,21414
28310,1912,62
28311,1912,6635
28312,1912,53464
28313,1912,58527
28314,1912,15780
28315,1912,49043
28316,1912,5706
28317,1912,48142
28318,1912,6038
28319,1912,15063
28320,1912,40426
28321,1912,17910
28322,1912,69004
28323,1912,47831
28324,1912,1596
28325,1912,27934
28326,1912,46190
28327,1912,37056
28328,1912,10059
28329,1912,10911
28330,1912,29329
28331,1912,1840
28332,1912,10372
28333,1912,16249
28334,1912,45825
28335,1912,40241
28336,1912,37482
28337,1912,16622
28338,1912,9498
28339,1912,10862
28340,1912,44046
28341,1912,60514
28342,1912,38702
28343,1912,38135
28344,1912,20255
28345,1912,48614
28346,1912,3533
28347,1912,7834
28348,1912,37545
28349,1912,5737
28350,1912,283
28351,1912,37919
28352,1912,14017
28353,1912,50731
28354,1912,47536
28355,1912,45166
28356,1912,26629
28357,1912,4356
28358,1912,94
28359,1912,38170
28360,1912,1718
28361,1912,54526
28362,1912,42274
28363,1912,5827
28364,1912,12670
28365,1912,48200
28366,1912,39066
28367,1912,44029
28368,1912,38689
28369,1912,15992
28370,1912,31021
28371,1912,58900
28372,1912,42270
28373,1912,34937
28374,1912,4703
28375,1912,61624
28376,1912,9778
28377,1912,15277
28378,1912,71126
28379,1912,37811
28380,1912,69704
28381,1912,12309
28382,1912,32453
28383,1912,16722
28384,1912,10932
28385,1912,37118
28386,1912,14667
28387,1912,44396
28388,1912,58935
28389,1912,39258
28390,1912,38286
28391,1912,72848
28392,1912,45766
28393,1912,34957
28394,1912,32166
28395,1912,35034
28396,1912,157
28397,1912,46674
28398,1912,3024
28399,1912,69099
28400,1912,41122
28401,1912,1222
28402,1912,18666
28403,1912,41178
28404,1912,63597
28405,1912,60168
28406,1912,66970
28407,1912,28576
28408,1912,48571
28409,1912,27518
28410,1912,38593
28411,1912,18035
28412,1912,47533
28413,1912,15691
28414,1912,7477
28415,1912,26154
28416,1912,47455
28417,1912,47425
28418,1912,61534
28419,1912,35494
28420,1912,18158
28421,1912,41434
28422,1912,11676
28423,1912,60253
28424,1912,42655
28425,1912,14465
28426,1912,30290
28427,1912,6379
28428,1912,40894
28429,1912,60767
28430,1912,50671
28431,1912,1043
28432,1912,44269
28433,1912,47654
28434,1912,63495
28435,1912,37492
28436,1912,33997
28437,1912,10769
28438,1912,69000
28439,1912,30622
28440,1912,25849
28441,1912,37358
28442,1912,352
28443,1912,3825
28444,1912,15817
28445,1912,9971
28446,1912,39657
28447,1912,41402
28448,1912,6358
28449,1912,78
28450,1912,17190
28451,1912,63992
28452,1912,48341
28453,1912,13664
28454,1912,25968
28455,1912,45328
28456,1912,30731
28457,1912,45974
28458,1912,24580
28459,1912,48002
28460,1912,26048
28461,1912,39434
28462,1912,18588
28463,1912,40130
28464,1912,31183
28465,1912,70431
28466,1912,17765
28467,1912,71185
28468,1912,30007
28469,1912,38410
28470,1912,24389
28471,1912,64985
28472,1912,33237
28473,1912,53228
28474,1912,6565
28475,1912,12240
28476,1912,16221
28477,1912,34465
28478,1912,47452
28479,1912,65233
28480,1912,15971
28481,1912,32302
28482,1912,60990
28483,1912,6105
28484,1912,14632
28485,1912,39708
28486,1912,67654
28487,1912,36872
28488,1912,21849
28489,1912,46546
28490,1912,36450
28491,1912,65895
28492,1912,73157
28493,1912,45149
28494,1912,40822
28495,1912,34283
28496,1912,330
28497,1912,25338
28498,1912,38325
28499,1912,67308
28500,1912,68069
28501,1912,31927
28502,1912,33291
28503,1912,21394
28504,1912,29818
28505,1912,45398
28506,1912,46170
28507,1912,72766
28508,1912,19707
28509,1912,63173
28510,1912,42874
28511,1912,43667
28512,1912,1420
28513,1912,64560
28514,1912,49861
28515,1912,36337
28516,1912,37360
28517,1912,45518
28518,1912,41767
28519,1912,21059
28520,1912,22569
28521,1912,15893
28522,1912,23749
28523,1912,4907
28524,1912,11895
28525,1912,7368
28526,1912,42893
28527,1912,26135
28528,1912,6045
28529,1912,18104
28530,1912,54755
28531,1912,47961
28532,1912,18498
28533,1912,44883
28534,1912,11345
28535,1912,14533
28536,1912,53854
28537,1912,14317
28538,1912,51933
28539,1912,41068
28540,1912,68081
28541,1912,15467
28542,1912,40305
28543,1912,56613
28544,1912,20770
28545,1912,2156
28546,1912,9897
28547,1912,15714
28548,1912,32148
28549,1912,62940
28550,1912,12434
28551,1912,16835
28552,1912,29952
28553,1912,13836
28554,1912,47293
28555,1912,33570
28556,1912,55715
28557,1912,1354
28558,1912,48924
28559,1912,26528
28560,1912,6057
28561,1912,15826
28562,1912,71604
28563,1912,70294
28564,1912,63087
28565,1912,34281
28566,1912,68750
28567,1912,8222
28568,1912,19742
28569,1912,69021
28570,1912,68318
28571,1912,15852
28572,1912,44720
28573,1912,41758
28574,1912,29533
28575,1912,42950
28576,1912,16593
28577,1912,36192
28578,1912,15590
28579,1912,9886
28580,1912,17789
28581,1912,8185
28582,1912,54529
28583,1912,42760
28584,1912,7129
28585,1912,59738
28586,1912,6385
28587,1912,41590
28588,1912,10071
28589,1912,15866
28590,1912,69757
28591,1912,25468
28592,1912,55137
28593,1912,63968
28594,1912,55723
28595,1912,54008
28596,1912,12287
28597,1912,52842
28598,1912,889
28599,1912,1690
28600,1912,15529
28601,1912,66229
28602,1912,33971
28603,1912,35276
28604,1912,54789
28605,1912,10133
28606,1912,29932
28607,1912,51925
28608,1912,48849
28609,1912,61628
28610,1912,15964
28611,1912,19867
28612,1912,36551
28613,1912,26675
28614,1912,55178
28615,1912,21763
28616,1912,12995
28617,1912,68084
28618,1912,10067
28619,1912,67748
28620,1912,53159
28621,1912,36472
28622,1912,16677
28623,1912,6711
28624,1912,52087
28625,1912,15138
28626,1912,587
28627,1912,14242
28628,1912,938
28629,1912,13372
28630,1912,56338
28631,1912,31512
28632,1912,10735
28633,1912,68118
28634,1912,21111
28635,1912,32363
28636,1912,8398
28637,1912,15472
28638,1912,44581
28639,1912,54400
28640,1912,52799
28641,1912,9411
28642,1912,15221
28643,1912,8537
28644,1912,46397
28645,1912,6978
28646,1912,13958
28647,1912,37209
28648,1912,715
28649,1912,16612
28650,1912,33094
28651,1912,67528
28652,1912,20923
28653,1912,6955
28654,1912,10402
28655,1912,11116
28656,1912,51909
28657,1912,1733
28658,1912,4353
28659,1912,41468
28660,1912,5304
28661,1912,12429
28662,1912,555
28663,1912,72372
28664,1912,53349
28665,1912,309
28666,1912,19829
28667,1912,362
28668,1912,50706
28669,1912,22656
28670,1912,16244
28671,1912,7482
28672,1912,42144
28673,1912,41410
28674,1912,4714
28675,1912,151
28676,1912,1300
28677,1912,28820
28678,1912,3241
28679,1912,63288
28680,1912,358
28681,1912,12881
28682,1912,18163
28683,1912,44223
28684,1912,32429
28685,1912,51511
28686,1912,73115
28687,1912,406
28688,1912,9790
28689,1912,24496
28690,1912,23304
28691,1912,53820
28692,1912,30160
28693,1912,60001
28694,1912,7091
28695,1912,33677
28696,1912,55535
28697,1912,66125
28698,1912,61342
28699,1912,1759
28700,1912,35417
28701,1912,41431
28702,1912,5268
28703,1912,32332
28704,1947,66210
28705,1947,20857
28706,1947,53080
28707,1947,35968
28708,1947,70483
28709,1947,24246
28710,1947,67364
28711,1947,66435
28712,1947,35744
28713,1947,35118
28714,1947,63159
28715,1947,33373
28716,1947,61773
28717,1823,2049
28718,1823,63339
28719,1823,13213
28720,1823,39207
28721,1823,45678
28722,1823,20489
28723,1823,65022
28724,1823,45531
28725,1823,30749
28726,1823,40106
28727,1823,25815
28728,1823,42984
28729,1823,44573
28730,1823,10386
28731,1823,49315
28732,1823,63337
28733,1823,7853
28734,1823,63338
28735,1823,54480
28736,1823,42479
28737,1824,13518
28738,1824,12519
28739,1824,58071
28740,1824,12426
28741,1824,69847
28742,1824,71766
28743,1824,2516
28744,1824,56078
28745,1824,66684
28746,1824,70011
28747,1824,48414
28748,1824,2276
28749,1824,7449
28750,1824,42826
28751,1824,68406
28752,1824,6960
28753,1824,19879
28754,1824,32425
28755,1856,2797
28756,1856,21620
28757,1856,4099
28758,1856,15328
28759,1856,63912
28760,1856,11615
28761,1856,5022
28762,1856,5023
28763,1856,2756
28764,1856,39768
28765,1856,50352
28766,1856,56865
28767,1856,16902
28768,1856,54886
28769,1856,1935
28770,1856,39862
28771,1856,16227
28772,1856,55614
28773,1856,16918
28774,1856,8645
28775,1856,22131
28776,1856,65415
28777,1856,58834
28778,1856,677
28779,1856,45165
28780,1856,12183
28781,1856,67553
28782,1856,10560
28783,1856,53952
28784,1856,8061
28785,1856,1626
28786,1856,72142
28787,1856,71203
28788,1856,58230
28789,1856,47105
28790,1856,17973
28791,1856,13039
28792,1856,52195
28793,1856,33429
28794,1856,1625
28795,1856,7526
28796,1856,66068
28797,1856,12186
28798,1856,54752
28799,1856,11722
28800,1856,68646
28801,1856,36160
28802,1856,21237
28803,1856,37508
28804,1856,46317
28805,1856,15002
28806,1856,23492
28807,1856,13005
28808,1856,5802
28809,1856,13006
28810,1856,53360
28811,1856,28328
28812,1856,38584
28813,1856,2847
28814,1856,40076
28815,1856,13576
28816,1856,6357
28817,1856,47098
28818,1856,64160
28819,1856,41019
28820,1856,41392
28821,1856,61029
28822,1856,14964
28823,1856,57803
28824,1856,4027
28825,1856,11486
28826,1856,34184
28827,1856,20819
28828,1856,10816
28829,1856,21712
28830,1856,2694
28831,1856,20462
28832,1856,21241
28833,1856,6757
28834,1856,37219
28835,1856,27913
28836,1856,8579
28837,1856,32274
28838,1856,15519
28839,1856,21759
28840,1856,55012
28841,1856,17669
28842,1856,4642
28843,1856,3610
28844,1856,6012
28845,1856,3701
28846,1904,9548
28847,1904,30074
28848,1904,28161
28849,1904,13454
28850,1904,66819
28851,1904,28184
28852,1904,27630
28853,1904,53039
28854,1904,13754
28855,1904,21358
28856,1904,36638
28857,1904,34166
28858,1904,52581
28859,1904,16450
28860,1904,33762
28861,1904,68891
28862,1904,69774
28863,1904,59861
28864,1904,64504
28865,1904,22605
28866,1904,25190
28867,1904,1074
28868,1904,67731
28869,1904,13094
28870,1904,13315
28871,1904,24270
28872,1904,28366
28873,1904,27710
28874,1904,28037
28875,1904,29641
28876,1904,6578
28877,1904,56972
28878,1904,15899
28879,1904,1725
28880,1904,18216
28881,1904,33290
28882,1904,3240
28883,1904,73041
28884,1904,47229
28885,1904,52055
28886,1904,6801
28887,1904,67019
28888,1904,40828
28889,1904,2356
28890,1904,46974
28891,1904,13812
28892,1904,44671
28893,1904,43879
28894,1904,39280
28895,1904,63580
28896,1904,24258
28897,1904,12386
28898,1904,42823
28899,1904,21243
28900,1904,41102
28901,1904,24186
28902,1904,6662
28903,1904,48143
28904,1904,13932
28905,1904,25859
28906,1904,29647
28907,1904,67369
28908,1904,36913
28909,1904,29670
28910,1904,16448
28911,1904,3541
28912,1904,68666
28913,1904,55429
28914,1904,6431
28915,1904,18572
28916,1904,16998
28917,1904,34461
28918,1904,67153
28919,1904,5265
28920,1904,38685
28921,1904,34245
28922,1904,30230
28923,1904,15795
28924,1904,41041
28925,1904,8992
28926,1904,55332
28927,1904,12994
28928,1904,10392
28929,1904,6027
28930,1904,24807
28931,1904,35502
28932,1904,11696
28933,1904,33146
28934,1904,70834
28935,1904,44230
28936,1904,51916
28937,1904,55224
28938,1904,41209
28939,1904,58410
28940,1904,30263
28941,1904,3637
28942,1904,4279
28943,1904,24271
28944,1904,12492
28945,1904,41556
28946,1904,51950
28947,1904,55859
28948,1904,11418
28949,1904,21379
28950,1904,37042
28951,1904,8362
28952,1904,1215
28953,1904,18668
28954,1904,13724
28955,1904,50609
28956,1904,12615
28957,1904,69777
28958,1904,58279
28959,1904,30138
28960,1904,8486
28961,1904,20181
28962,1904,43381
28963,1904,58523
28964,1904,6329
28965,1904,1210
28966,1904,519
28967,1904,51883
28968,1904,44202
28969,1904,16572
28970,1904,74858
28971,1904,18314
28972,1904,24875
28973,1904,16608
28974,1904,56472
28975,1904,43983
28976,1904,8141
28977,1904,37718
28978,1904,54710
28979,1904,29067
28980,1904,63074
28981,1904,8549
28982,1904,61800
28983,1904,5759
28984,1904,19010
28985,1904,21783
28986,1904,3544
28987,1904,23386
28988,1904,24716
28989,1904,42284
28990,1904,54698
28991,1904,10038
28992,1904,14960
28993,1904,25718
28994,1904,5422
28995,1904,72932
28996,1904,16491
28997,1904,67799
28998,1904,8366
28999,1904,71324
29000,1904,72669
29001,1904,7298
29002,1904,24842
29003,1904,12045
29004,1904,60783
29005,1904,71009
29006,1904,1328
29007,1904,41792
29008,1904,36346
29009,1904,31350
29010,1904,38690
29011,1904,55447
29012,1904,31582
29013,1904,10268
29014,1904,20612
29015,1904,26800
29016,1904,55606
29017,1904,28225
29018,1904,18040
29019,1904,33623
29020,1904,21123
29021,1904,60184
29022,1904,45689
29023,1904,53812
29024,1904,38234
29025,1904,23783
29026,1904,24806
29027,1904,41078
29028,1904,6879
29029,1904,54459
29030,1904,11095
29031,1904,29860
29032,1904,2762
29033,1904,33845
29034,1904,10037
29035,1904,6418
29036,1904,47991
29037,1904,33601
29038,1904,24805
29039,1904,32881
29040,1904,34122
29041,1904,21820
29042,1904,10063
29043,1904,4584
29044,1904,18766
29045,1904,69460
29046,1904,65399
29047,1904,52324
29048,1904,62056
29049,1904,43042
29050,1904,35393
29051,1904,14682
29052,1904,41499
29053,1904,35727
29054,1904,18352
29055,1904,410
29056,1904,38061
29057,1904,29892
29058,1904,19459
29059,1904,57379
29060,1904,46274
29061,1904,44656
29062,1904,51889
29063,1904,45493
29064,1904,56310
29065,1904,11135
29066,1904,28674
29067,1904,41900
29068,1904,66006
29069,1904,42222
29070,1904,31806
29071,1904,5979
29072,1904,55549
29073,1904,18895
29074,1904,18438
29075,1904,6051
29076,1904,27371
29077,1904,51963
29078,1904,5400
29079,1904,28567
29080,1904,16930
29081,1904,3612
29082,1904,50269
29083,1904,69111
29084,1904,16525
29085,1904,65260
29086,1904,25127
29087,1904,64098
29088,1904,2777
29089,1904,14701
29090,1904,66494
29091,1904,59802
29092,1904,4519
29093,1904,16745
29094,1904,15797
29095,1904,465
29096,1904,39666
29097,1904,40912
29098,1904,63181
29099,1904,26192
29100,1904,28492
29101,1904,111
29102,1904,27682
29103,1904,45336
29104,1904,69533
29105,1904,58504
29106,1904,15025
29107,1904,40879
29108,1904,42886
29109,1904,41790
29110,1904,71481
29111,1904,2323
29112,1904,30224
29113,1904,29695
29114,1904,20058
29115,1904,24469
29116,1904,59617
29117,1904,3758
29118,1904,57931
29119,1904,22794
29120,1904,34416
29121,1904,65513
29122,1904,388
29123,1904,66997
29124,1904,69637
29125,1904,17156
29126,1904,65630
29127,1904,994
29128,1904,13996
29129,1904,56060
29130,1904,69038
29131,1904,40183
29132,1904,41890
29133,1904,28208
29134,1904,17890
29135,1904,54523
29136,1904,16583
29137,1904,4760
29138,1904,44853
29139,1904,5008
29140,1904,30417
29141,1904,478
29142,1904,61977
29143,1904,15861
29144,1904,25489
29145,1904,7132
29146,1904,64693
29147,1904,55114
29148,1904,40532
29149,1904,15616
29150,1904,13470
29151,1904,60175
29152,1904,5301
29153,1904,46801
29154,1904,51080
29155,1904,60553
29156,1904,55275
29157,1904,3809
29158,1904,304
29159,1904,20696
29160,1904,11368
29161,1904,10882
29162,1904,45728
29163,1904,27225
29164,1904,67789
29165,1968,37784
29166,1968,34233
29167,1968,29445
29168,1968,33967
29169,1968,23028
29170,1968,31221
29171,1968,51129
29172,1968,34604
29173,1968,51122
29174,1968,24370
29175,1968,44678
29176,1892,37649
29177,1892,7486
29178,1892,64801
29179,1892,60369
29180,1892,4337
29181,1892,38876
29182,1892,2633
29183,1892,37701
29184,1892,41750
29185,1892,6011
29186,1892,31360
29187,1892,52959
29188,1892,784
29189,1892,45025
29190,1892,31874
29191,1892,14975
29192,1892,47426
29193,1892,45623
29194,1892,32825
29195,1892,50658
29196,1892,34406
29197,1892,9588
29198,1892,39543
29199,1892,62643
29200,1892,1032
29201,1892,38611
29202,1892,17790
29203,1892,48444
29204,1892,23381
29205,1892,56429
29206,1892,12089
29207,1892,356
29208,1892,54900
29209,1892,31915
29210,1892,9176
29211,1892,9568
29212,1892,7498
29213,1892,7325
29214,1892,68130
29215,1892,58908
29216,1892,68936
29217,1892,45806
29218,1892,29724
29219,1892,53306
29220,1892,879
29221,1892,67404
29222,1892,38761
29223,1892,9590
29224,1892,7446
29225,1892,17806
29226,1892,65098
29227,1892,12977
29228,1892,14453
29229,1892,37029
29230,1892,30279
29231,1892,41599
29232,1892,14779
29233,1892,2628
29234,1892,64280
29235,1892,40552
29236,1892,24711
29237,1892,23059
29238,1892,33685
29239,1892,56544
29240,1892,11242
29241,1892,14202
29242,1892,47996
29243,1892,30829
29244,1892,23178
29245,1892,9572
29246,1892,62030
29247,1892,3179
29248,1892,7961
29249,1892,10826
29250,1892,23175
29251,1892,66160
29252,1892,68690
29253,1892,9598
29254,1892,34875
29255,1892,2784
29256,1892,52251
29257,1892,71958
29258,1892,73564
29259,1892,3609
29260,1892,15364
29261,1892,4250
29262,1892,46311
29263,1892,34765
29264,1892,28164
29265,1892,9565
29266,1892,45504
29267,1892,62878
29268,1892,12352
29269,1892,74550
29270,1892,536
29271,1892,11547
29272,1892,66735
29273,1892,9561
29274,1892,9586
29275,1892,39505
29276,1892,44682
29277,1892,9562
29278,1892,2327
29279,1892,35573
29280,1892,9567
29281,1892,33221
29282,1892,49484
29283,1892,63382
29284,1892,11917
29285,1892,51881
29286,1892,41620
29287,1892,24014
29288,1892,56650
29289,1892,37756
29290,1892,6481
29291,1892,14977
29292,1892,8076
29293,1892,34218
29294,1892,69594
29295,1892,18565
29296,1892,9386
29297,1892,69260
29298,1892,40922
29299,1892,46172
29300,1892,6301
29301,1892,9599
29302,1892,1848
29303,1892,26448
29304,1892,1024
29305,1892,7222
29306,1892,36963
29307,1892,68096
29308,1892,838
29309,1892,18860
29310,1892,3112
29311,1892,41708
29312,1892,31007
29313,1892,17560
29314,1892,70643
29315,1892,16325
29316,1892,49686
29317,1892,67921
29318,1892,878
29319,1892,9573
29320,1892,45709
29321,1892,34467
29322,1892,30182
29323,1892,46579
29324,1892,37702
29325,1892,54608
29326,1892,2630
29327,1892,50036
29328,1892,9580
29329,1892,24372
29330,1892,65223
29331,1892,20323
29332,1892,13476
29333,1892,5167
29334,1892,27285
29335,1892,9578
29336,1892,13502
29337,1892,21757
29338,1892,4526
29339,1892,31520
29340,1892,48405
29341,1892,68290
29342,1892,9592
29343,1892,37030
29344,1892,34072
29345,1892,17442
29346,1892,14906
29347,1892,31831
29348,1892,57681
29349,1892,68765
29350,1892,52024
29351,1892,19230
29352,1892,15187
29353,1892,35208
29354,1892,9597
29355,1892,67278
29356,1892,9587
29357,1892,2631
29358,1892,65545
29359,1892,32609
29360,1892,9309
29361,1892,71046
29362,1892,25484
29363,1892,14206
29364,1892,39966
29365,1892,32343
29366,1892,70453
29367,1892,56216
29368,1892,55262
29369,1892,2634
29370,1892,53624
29371,1892,34609
29372,1892,43841
29373,1892,45210
29374,1892,9594
29375,1892,1980
29376,1892,33465
29377,1892,37355
29378,1892,13995
29379,1892,64498
29380,1892,9582
29381,1892,9563
29382,1892,9577
29383,1892,614
29384,1892,38602
29385,1892,68771
29386,1892,30235
29387,1892,17244
29388,1892,10913
29389,1892,24363
29390,1892,42855
29391,1892,59094
29392,1892,9589
29393,1892,9564
29394,1892,12254
29395,1892,62606
29396,1892,9569
29397,1892,24728
29398,1892,47735
29399,1892,9566
29400,1892,40848
29401,1892,9585
29402,1892,20697
29403,1892,4303
29404,1892,16366
29405,1892,40019
29406,1892,25026
29407,1892,9596
29408,1892,19766
29409,1892,12696
29410,1892,14150
29411,1892,790
29412,1892,9571
29413,1892,1839
29414,1892,17532
29415,1892,36734
29416,1892,9595
29417,1892,23428
29418,1892,1488
29419,1892,16143
29420,1892,35765
29421,1892,40365
29422,1892,50701
29423,1892,43127
29424,1892,21443
29425,1892,9600
29426,1892,8805
29427,1892,2387
29428,1892,35298
29429,1892,31627
29430,1892,58387
29431,1892,9560
29432,1892,9574
29433,1892,58931
29434,1892,25672
29435,1892,50982
29436,1892,7037
29437,1892,34252
29438,1892,53617
29439,1892,1952
29440,1892,17065
29441,1892,34240
29442,1892,59055
29443,1892,54293
29444,1892,1207
29445,1892,921
29446,1892,53766
29447,1892,39045
29448,1892,61857
29449,1892,46379
29450,1892,2632
29451,1892,52930
29452,1892,7364
29453,1892,37607
29454,1892,11656
29455,1892,1060
29456,1898,34243
29457,1898,65900
29458,1898,17472
29459,1898,22809
29460,1898,42486
29461,1898,16349
29462,1898,45035
29463,1898,3031
29464,1898,10922
29465,1898,22323
29466,1898,72182
29467,1898,61224
29468,1898,27607
29469,1898,21299
29470,1898,42109
29471,1898,12411
29472,1898,40882
29473,1898,7493
29474,1898,6127
29475,1898,22537
29476,1898,12555
29477,1898,40453
29478,1898,5622
29479,1898,64517
29480,1898,1144
29481,1898,49034
29482,1898,43008
29483,1898,30684
29484,1898,411
29485,1898,62920
29486,1898,26026
29487,1898,18440
29488,1898,5052
29489,1898,42104
29490,1898,64677
29491,1898,8022
29492,1898,58876
29493,1898,7867
29494,1898,48616
29495,1898,209
29496,1898,7846
29497,1898,19470
29498,1898,18872
29499,1898,19255
29500,1898,54121
29501,1898,19070
29502,1898,73056
29503,1898,45871
29504,1898,12657
29505,1898,43192
29506,1898,9906
29507,1898,41647
29508,1898,17243
29509,1898,40837
29510,1898,47944
29511,1898,41296
29512,1898,24328
29513,1898,29197
29514,1898,25171
29515,1898,8405
29516,1898,22711
29517,1898,62999
29518,1898,68517
29519,1898,20223
29520,1898,6143
29521,1898,21319
29522,1898,36196
29523,1898,1816
29524,1898,34628
29525,1898,34683
29526,1898,128
29527,1898,41033
29528,1898,34402
29529,1898,14291
29530,1898,28564
29531,1898,27935
29532,1898,22703
29533,1898,1487
29534,1898,11106
29535,1898,8389
29536,1898,5718
29537,1898,69450
29538,1898,54030
29539,1898,8273
29540,1898,25556
29541,1898,45687
29542,1898,20522
29543,1898,31189
29544,1898,20791
29545,1898,32842
29546,1898,40659
29547,1898,35915
29548,1898,43247
29549,1898,68207
29550,1898,51404
29551,1898,42973
29552,1898,22710
29553,1898,68869
29554,1898,41784
29555,1898,46233
29556,1898,54239
29557,1898,56418
29558,1898,56119
29559,1898,39143
29560,1898,22321
29561,1898,46727
29562,1898,20695
29563,1898,45524
29564,1898,22702
29565,1898,40334
29566,1898,43985
29567,1898,22715
29568,1898,11483
29569,1898,28025
29570,1898,712
29571,1898,13404
29572,1898,23168
29573,1898,19141
29574,1898,21768
29575,1898,26630
29576,1898,12233
29577,1898,17617
29578,1898,38603
29579,1898,24034
29580,1898,66382
29581,1898,15670
29582,1898,57266
29583,1898,6405
29584,1898,5882
29585,1898,61871
29586,1898,40152
29587,1898,2795
29588,1898,42362
29589,1898,44680
29590,1898,68561
29591,1898,71873
29592,1898,20225
29593,1898,30262
29594,1898,14869
29595,1898,22701
29596,1898,23786
29597,1898,64601
29598,1898,54988
29599,1898,72718
29600,1898,32927
29601,1898,22714
29602,1898,24836
29603,1898,68899
29604,1898,33305
29605,1898,29759
29606,1898,41959
29607,1898,22704
29608,1898,50696
29609,1898,55809
29610,1898,22706
29611,1898,33667
29612,1898,49426
29613,1898,25213
29614,1898,4308
29615,1898,68956
29616,1898,33168
29617,1898,53053
29618,1898,55312
29619,1898,15722
29620,1898,51278
29621,1898,32016
29622,1898,34113
29623,1898,47967
29624,1898,3679
29625,1898,33773
29626,1898,41002
29627,1898,3230
29628,1898,22779
29629,1898,1356
29630,1898,43028
29631,1898,47907
29632,1898,26958
29633,1898,65735
29634,1898,17274
29635,1898,35080
29636,1898,33112
29637,1898,47185
29638,1898,32913
29639,1898,48223
29640,1898,48051
29641,1898,6676
29642,1898,15807
29643,1898,11337
29644,1898,6708
29645,1898,21670
29646,1898,61657
29647,1898,52701
29648,1898,12588
29649,1898,37999
29650,1898,17354
29651,1898,52802
29652,1898,6995
29653,1898,54598
29654,1898,47561
29655,1898,47778
29656,1898,52247
29657,1898,28302
29658,1898,49648
29659,1898,11717
29660,1898,14590
29661,1898,32708
29662,1898,15220
29663,1898,7098
29664,1898,10027
29665,1898,64122
29666,1898,46777
29667,1898,28291
29668,1898,69579
29669,1898,22705
29670,1898,40224
29671,1898,63502
29672,1898,54558
29673,1898,63866
29674,1898,21903
29675,1898,34193
29676,1898,69379
29677,1898,19424
29678,1898,8934
29679,1898,21345
29680,1898,24361
29681,1898,34397
29682,1898,29335
29683,1898,9329
29684,1898,22712
29685,1898,14280
29686,1898,8955
29687,1898,38894
29688,1898,42180
29689,1898,59370
29690,1898,6911
29691,1898,68480
29692,1898,66747
29693,1898,72211
29694,1898,379
29695,1898,11918
29696,1898,37588
29697,1898,55832
29698,1898,4231
29699,1898,24724
29700,1898,22707
29701,1898,65582
29702,1898,33620
29703,1898,19714
29704,1898,43739
29705,1898,59707
29706,1898,40815
29707,1898,40014
29708,1898,45732
29709,1898,17799
29710,1898,34493
29711,1898,22713
29712,1898,36601
29713,1898,29207
29714,1898,52435
29715,1898,48309
29716,1898,20758
29717,1898,40937
29718,1898,28149
29719,1898,24880
29720,1898,23464
29721,1898,60645
29722,1898,32249
29723,1898,9404
29724,1898,22265
29725,1898,60469
29726,1898,50897
29727,1898,55337
29728,1898,9324
29729,1898,18578
29730,1898,68033
29731,1898,52533
29732,1898,22238
29733,1898,22709
29734,1898,15447
29735,1898,46782
29736,1898,22112
29737,1898,44541
29738,1898,10949
29739,1898,55338
29740,1898,65380
29741,1898,22708
29742,1898,3618
29743,1898,14414
29744,1898,55771
29745,1898,20207
29746,1898,33011
29747,1898,73308
29748,1898,1327
29749,1898,44997
29750,1898,5764
29751,1898,9801
29752,1898,31125
29753,1898,37827
29754,1898,39915
29755,1898,6438
29756,1898,2175
29757,1898,66415
29758,1898,12191
29759,1955,69683
29760,1955,65782
29761,1955,14293
29762,1955,31979
29763,1955,31547
29764,1955,60977
29765,1955,49931
29766,1955,50948
29767,1955,32597
29768,1955,68718
29769,1955,42225
29770,1955,50736
29771,1955,68060
29772,1955,49531
29773,1955,20519
29774,1955,38770
29775,1955,50863
29776,1955,50702
29777,1955,63426
29778,1955,50441
29779,1955,34697
29780,1955,65229
29781,1837,46310
29782,1837,57393
29783,1837,68693
29784,1837,36686
29785,1837,6151
29786,1837,64203
29787,1837,24780
29788,1837,14014
29789,1837,6154
29790,1837,66331
29791,1837,1372
29792,1837,24504
29793,1837,1301
29794,1837,47535
29795,1837,62982
29796,1837,47534
29797,1837,26123
29798,1837,12146
29799,1837,44776
29800,1837,28649
29801,1837,19983
29802,1837,37571
29803,1837,12115
29804,1837,52685
29805,1837,6155
29806,1837,72315
29807,1837,6153
29808,1837,9915
29809,1837,65068
29810,1837,46309
29811,1837,38785
29812,1837,3539
29813,1837,23761
29814,1837,6156
29815,1837,6152
29816,1837,64329
29817,1837,51371
29818,1837,20023
29819,1837,11869
29820,1837,58605
29821,1886,28607
29822,1886,53936
29823,1886,66150
29824,1886,6738
29825,1886,69629
29826,1886,48829
29827,1886,47908
29828,1886,30870
29829,1886,74968
29830,1886,49419
29831,1886,50311
29832,1886,46752
29833,1886,49406
29834,1886,10627
29835,1886,5966
29836,1886,69628
29837,1886,6983
29838,1886,72729
29839,1886,21694
29840,1886,43147
29841,1886,7133
29842,1886,23377
29843,1886,50037
29844,1886,21821
29845,1886,2984
29846,1886,64599
29847,1886,55354
29848,1886,50038
29849,1886,13984
29850,1886,4312
29851,1886,34492
29852,1886,589
29853,1886,6805
29854,1886,53965
29855,1886,64707
29856,1886,52156
29857,1886,74873
29858,1886,31769
29859,1886,52209
29860,1886,2788
29861,1886,11723
29862,1886,2985
29863,1886,30835
29864,1886,9999
29865,1886,21340
29866,1886,4360
29867,1886,28236
29868,1886,143
29869,1886,61915
29870,1886,61914
29871,1886,36655
29872,1886,20446
29873,1886,2271
29874,1886,4223
29875,1886,20305
29876,1886,51155
29877,1886,5969
29878,1886,721
29879,1886,61916
29880,1886,16504
29881,1886,13944
29882,1886,42999
29883,1886,717
29884,1886,53085
29885,1886,6687
29886,1886,36222
29887,1886,25980
29888,1886,33430
29889,1886,35016
29890,1886,61729
29891,1886,57458
29892,1886,58480
29893,1886,26556
29894,1886,7062
29895,1886,45671
29896,1886,58529
29897,1886,3335
29898,1886,21247
29899,1886,3319
29900,1886,61878
29901,1886,7318
29902,1886,7076
29903,1886,54686
29904,1886,7977
29905,1886,63510
29906,1886,6956
29907,1886,5968
29908,1886,21293
29909,1886,7140
29910,1886,46250
29911,1886,6668
29912,1886,55857
29913,1886,21696
29914,1886,44134
29915,1886,69208
29916,1886,27580
29917,1886,46151
29918,1886,421
29919,1886,26408
29920,1886,8995
29921,1886,24286
29922,1886,13597
29923,1886,4271
29924,1886,8180
29925,1886,11654
29926,1886,19472
29927,1886,52702
29928,1886,6857
29929,1886,52900
29930,1886,479
29931,1886,4763
29932,1886,29732
29933,1886,12081
29934,1886,8388
29935,1886,39846
29936,1886,37687
29937,1886,16296
29938,1886,10973
29939,1886,1961
29940,1886,45537
29941,1886,3808
29942,1886,35548
29943,1886,14139
29944,1886,15419
29945,1886,15546
29946,1886,21361
29947,1886,33143
29948,1886,17173
29949,1886,39121
29950,1886,29153
29951,1886,8436
29952,1886,5424
29953,1886,41693
29954,1886,12278
29955,1886,15275
29956,1886,45288
29957,1886,5967
29958,1886,16438
29959,1886,12293
29960,1886,59210
29961,1886,51392
29962,1886,34475
29963,1886,55387
29964,1886,49587
29965,1886,14886
29966,1886,30472
29967,1886,38832
29968,1886,27817
29969,1886,37322
29970,1886,67919
29971,1886,11557
29972,1886,3499
29973,1886,41998
29974,1886,25870
29975,1886,46215
29976,1886,43110
29977,1886,64692
29978,1886,65143
29979,1886,4309
29980,1886,24654
29981,1826,42419
29982,1826,38961
29983,1826,23918
29984,1826,18247
29985,1826,36167
29986,1826,14037
29987,1826,46223
29988,1826,9840
29989,1826,9785
29990,1826,23729
29991,1949,56683
29992,1949,65820
29993,1949,68523
29994,1949,71124
29995,1949,41262
29996,1949,63956
29997,1949,69916
29998,1949,7373
29999,1949,68794
30000,1949,62900
30001,1949,64043
30002,1949,60132
30003,1949,59883
30004,1949,51744
30005,1949,26393
30006,1949,74791
30007,1949,72403
30008,1949,41260
30009,1949,68991
30010,1949,51745
30011,1881,30752
30012,1881,5433
30013,1881,44712
30014,1881,28975
30015,1881,20896
30016,1881,3364
30017,1881,29066
30018,1881,2834
30019,1881,29087
30020,1881,7227
30021,1881,28169
30022,1881,19781
30023,1881,7157
30024,1881,3130
30025,1881,17403
30026,1881,36735
30027,1881,17287
30028,1881,36147
30029,1881,40745
30030,1881,7160
30031,1881,26604
30032,1881,19802
30033,1881,13929
30034,1881,46076
30035,1881,7150
30036,1881,33341
30037,1881,71118
30038,1881,386
30039,1881,7156
30040,1881,6669
30041,1881,47053
30042,1881,43537
30043,1881,42514
30044,1881,17308
30045,1881,21752
30046,1881,7071
30047,1881,13410
30048,1881,31839
30049,1881,425
30050,1881,40915
30051,1881,45951
30052,1881,7159
30053,1881,5715
30054,1881,2833
30055,1881,17923
30056,1881,2627
30057,1881,51959
30058,1881,40963
30059,1881,52546
30060,1881,33301
30061,1881,381
30062,1881,7154
30063,1881,2168
30064,1881,50556
30065,1881,17601
30066,1881,6466
30067,1881,3110
30068,1881,23328
30069,1881,45329
30070,1881,13337
30071,1881,48985
30072,1881,40936
30073,1881,20967
30074,1881,3138
30075,1881,21330
30076,1881,69825
30077,1881,8203
30078,1881,9487
30079,1881,41057
30080,1881,16108
30081,1881,48396
30082,1881,38198
30083,1881,3091
30084,1881,7158
30085,1881,21847
30086,1881,52570
30087,1881,15315
30088,1881,68732
30089,1881,21685
30090,1881,37126
30091,1881,45152
30092,1881,37416
30093,1881,27996
30094,1881,1587
30095,1881,29016
30096,1881,39358
30097,1881,29380
30098,1881,48313
30099,1881,50909
30100,1881,31171
30101,1881,8443
30102,1881,17262
30103,1881,7161
30104,1881,6570
30105,1881,3122
30106,1881,25299
30107,1881,8813
30108,1881,290
30109,1881,53092
30110,1881,24428
30111,1881,24006
30112,1881,7155
30113,1881,120
30114,1881,24530
30115,1881,67873
30116,1881,6364
30117,1881,47424
30118,1881,36312
30119,1881,2096
30120,1881,8201
30121,1881,41480
30122,1881,19809
30123,1881,39411
30124,1881,17093
30125,1881,22601
30126,1881,53964
30127,1881,45110
30128,1881,44279
30129,1881,7478
30130,1881,7295
30131,1881,69482
30132,1881,35370
30133,1881,71233
30134,1881,7162
30135,1881,39501
30136,1881,57660
30137,1881,6621
30138,1881,19708
30139,1881,45492
30140,1881,33443
30141,1881,57275
30142,1881,34600
30143,1881,28984
30144,1881,44820
30145,1881,20403
30146,1881,29136
30147,1881,17742
30148,1881,68578
30149,1881,14447
30150,1881,2537
30151,1881,15360
30152,1881,49271
30153,1881,44333
30154,1881,50025
30155,1881,66047
30156,1881,56953
30157,1881,41278
30158,1881,48457
30159,1881,2449
30160,1881,3101
30161,1881,38350
30162,1881,2123
30163,1881,1837
30164,1881,37536
30165,1881,70950
30166,1881,3131
30167,1901,43946
30168,1901,27477
30169,1901,33615
30170,1901,20219
30171,1901,42910
30172,1901,3245
30173,1901,32205
30174,1901,28270
30175,1901,39683
30176,1901,25105
30177,1901,10959
30178,1901,21688
30179,1901,42457
30180,1901,43714
30181,1901,15741
30182,1901,522
30183,1901,12032
30184,1901,14614
30185,1901,25106
30186,1901,33537
30187,1901,37153
30188,1901,66119
30189,1901,47792
30190,1901,8197
30191,1901,8196
30192,1901,51969
30193,1901,24641
30194,1901,6451
30195,1901,54425
30196,1901,4357
30197,1901,11153
30198,1901,436
30199,1901,28752
30200,1901,2443
30201,1901,30302
30202,1901,47195
30203,1901,24519
30204,1901,17434
30205,1901,28180
30206,1901,62636
30207,1901,16965
30208,1901,61853
30209,1901,68996
30210,1901,27583
30211,1901,43634
30212,1901,10580
30213,1901,67265
30214,1901,22141
30215,1901,20981
30216,1901,68249
30217,1901,3070
30218,1901,64360
30219,1901,22276
30220,1901,31371
30221,1901,12245
30222,1901,11620
30223,1901,5078
30224,1901,69814
30225,1901,21928
30226,1901,25057
30227,1901,24640
30228,1901,51496
30229,1901,36033
30230,1901,37976
30231,1901,25056
30232,1901,43732
30233,1901,66982
30234,1901,9839
30235,1901,794
30236,1901,6993
30237,1901,17943
30238,1901,33334
30239,1901,58403
30240,1901,1655
30241,1901,48453
30242,1901,50978
30243,1901,21512
30244,1901,54644
30245,1901,72704
30246,1901,58115
30247,1901,35460
30248,1901,60960
30249,1901,17293
30250,1901,19005
30251,1901,24642
30252,1901,7989
30253,1901,47811
30254,1901,5175
30255,1901,75529
30256,1901,10094
30257,1901,55324
30258,1901,14888
30259,1901,51314
30260,1901,37853
30261,1901,46013
30262,1901,49215
30263,1901,51862
30264,1901,25060
30265,1901,40846
30266,1901,46106
30267,1901,50777
30268,1901,30089
30269,1901,35121
30270,1901,11228
30271,1901,17031
30272,1901,27063
30273,1901,17928
30274,1901,60811
30275,1901,45603
30276,1901,26315
30277,1901,1391
30278,1901,11505
30279,1901,46812
30280,1901,54614
30281,1901,37787
30282,1901,14396
30283,1901,34553
30284,1901,28102
30285,1901,55133
30286,1901,53193
30287,1901,33571
30288,1901,70469
30289,1901,21722
30290,1901,52018
30291,1901,44888
30292,1901,18840
30293,1901,41000
30294,1901,72275
30295,1901,22689
30296,1901,28386
30297,1901,18605
30298,1901,23784
30299,1901,54477
30300,1901,23353
30301,1901,31252
30302,1901,61767
30303,1901,14219
30304,1901,2573
30305,1901,15108
30306,1901,27999
30307,1901,5754
30308,1901,21662
30309,1901,67405
30310,1901,43107
30311,1901,19480
30312,1901,495
30313,1901,43525
30314,1901,59333
30315,1901,60929
30316,1901,72998
30317,1901,26378
30318,1901,1036
30319,1901,34834
30320,1901,45539
30321,1901,73057
30322,1901,24446
30323,1901,1048
30324,1901,23171
30325,1901,59372
30326,1901,61953
30327,1901,50270
30328,1901,69600
30329,1901,34399
30330,1901,26498
30331,1901,18431
30332,1901,25058
30333,1901,43994
30334,1901,39906
30335,1901,25108
30336,1901,28446
30337,1901,24997
30338,1901,33432
30339,1901,49888
30340,1901,7516
30341,1901,30600
30342,1901,31266
30343,1901,34842
30344,1901,21660
30345,1901,69783
30346,1901,69355
30347,1901,16100
30348,1901,56541
30349,1901,2015
30350,1901,61830
30351,1901,48910
30352,1901,56557
30353,1901,24996
30354,1901,10942
30355,1901,46519
30356,1901,40591
30357,1901,6125
30358,1901,73638
30359,1901,55341
30360,1901,11229
30361,1901,18011
30362,1901,30888
30363,1901,2852
30364,1901,66628
30365,1901,16348
30366,1901,8456
30367,1901,32939
30368,1901,63168
30369,1901,5211
30370,1901,58740
30371,1901,20448
30372,1901,19732
30373,1901,52728
30374,1901,47602
30375,1901,43833
30376,1901,13918
30377,1901,33651
30378,1901,39049
30379,1901,21851
30380,1901,66356
30381,1901,19476
30382,1901,12556
30383,1901,25107
30384,1901,59322
30385,1901,24995
30386,1901,10585
30387,1901,25059
30388,1901,2376
30389,1901,18320
30390,1901,8877
30391,1901,2517
30392,1901,65737
30393,1901,4783
30394,1901,4756
30395,1901,47738
30396,1901,25908
30397,1901,66721
30398,1901,27475
30399,1901,38940
30400,1901,11997
30401,1901,33602
30402,1901,24837
30403,1901,35555
30404,1901,43037
30405,1901,33285
30406,1901,64468
30407,1901,281
30408,1901,46480
30409,1901,32307
30410,1901,13842
30411,1901,860
30412,1901,31243
30413,1901,63491
30414,1901,59801
30415,1901,5142
30416,1901,48167
30417,1901,54251
30418,1901,268
30419,1901,31890
30420,1901,36892
30421,1901,57017
30422,1901,39259
30423,1901,28101
30424,1901,24018
30425,1901,26938
30426,1901,57344
30427,1901,24838
30428,1901,4377
30429,1901,1971
30430,1901,48740
30431,1901,71735
30432,1901,9403
30433,1901,21003
30434,1901,1901
30435,1901,69023
30436,1901,38958
30437,1901,10342
30438,1901,47774
30439,1901,46497
30440,1901,43840
30441,1901,30981
30442,1901,41919
30443,1901,24639
30444,1901,32066
30445,1901,13160
30446,1901,2555
30447,1901,338
30448,1901,63876
30449,1901,21315
30450,1901,39724
30451,1901,73588
30452,1901,60361
30453,1901,55961
30454,1901,25876
30455,1901,58952
30456,1901,57239
30457,1901,4221
30458,1901,47705
30459,1901,39310
30460,1901,20556
30461,1901,1265
30462,1901,7125
30463,1901,13567
30464,1901,25109
30465,1901,24082
30466,1901,2226
30467,1901,29851
30468,1901,20615
30469,1901,54130
30470,1901,6843
30471,1901,65123
30472,1957,50571
30473,1957,11924
30474,1957,27922
30475,1957,37288
30476,1957,69535
30477,1957,17870
30478,1957,68272
30479,1957,34720
30480,1957,69190
30481,1957,68783
30482,1957,50290
30483,1957,41671
30484,1957,19445
30485,1957,68686
30486,1957,50138
30487,1957,22467
30488,1957,62286
30489,1957,18458
30490,1766,61621
30491,1766,59729
30492,1766,29223
30493,1766,3360
30494,1766,27776
30495,1766,2311
30496,1864,41751
30497,1864,404
30498,1864,35700
30499,1864,50660
30500,1864,29239
30501,1864,35485
30502,1864,28682
30503,1864,1573
30504,1864,10578
30505,1864,1414
30506,1864,24812
30507,1864,29926
30508,1864,63566
30509,1864,48753
30510,1864,47137
30511,1864,32247
30512,1864,23565
30513,1864,53937
30514,1864,59207
30515,1864,3284
30516,1864,8929
30517,1864,44116
30518,1864,27811
30519,1864,37957
30520,1864,600
30521,1864,35443
30522,1864,824
30523,1864,36175
30524,1864,51864
30525,1864,52272
30526,1864,8417
30527,1864,16853
30528,1864,9983
30529,1864,16050
30530,1864,47332
30531,1864,49524
30532,1864,19500
30533,1864,26617
30534,1864,46229
30535,1864,6019
30536,1864,26618
30537,1864,19082
30538,1864,14851
30539,1864,13163
30540,1864,45894
30541,1864,12243
30542,1864,26620
30543,1864,26616
30544,1864,24698
30545,1864,44566
30546,1864,14595
30547,1864,8943
30548,1864,54230
30549,1864,32856
30550,1864,32857
30551,1864,8415
30552,1864,28038
30553,1864,71090
30554,1864,11180
30555,1864,28203
30556,1864,4274
30557,1864,31406
30558,1864,53542
30559,1864,52770
30560,1864,33139
30561,1864,28006
30562,1864,9189
30563,1864,49668
30564,1864,12000
30565,1864,20509
30566,1864,15766
30567,1864,22058
30568,1864,35332
30569,1864,36348
30570,1864,3821
30571,1864,8913
30572,1864,4618
30573,1864,56598
30574,1864,26619
30575,1864,23733
30576,1811,9047
30577,1811,161
30578,1811,41196
30579,1811,58307
30580,1862,2112
30581,1862,28716
30582,1862,12452
30583,1862,23000
30584,1862,5843
30585,1862,36748
30586,1862,45929
30587,1862,57684
30588,1862,59351
30589,1862,53578
30590,1862,12605
30591,1862,32604
30592,1862,11154
30593,1862,19927
30594,1862,34216
30595,1862,51990
30596,1862,57537
30597,1862,51265
30598,1862,57488
30599,1862,24329
30600,1862,63049
30601,1862,62295
30602,1862,515
30603,1862,35906
30604,1862,11170
30605,1862,25808
30606,1862,52078
30607,1862,5997
30608,1862,45041
30609,1862,2113
30610,1862,40219
30611,1862,2110
30612,1862,37640
30613,1862,16243
30614,1862,32258
30615,1862,24020
30616,1862,1865
30617,1862,52122
30618,1862,54017
30619,1862,12066
30620,1862,13248
30621,1862,2600
30622,1862,31969
30623,1862,56862
30624,1862,29583
30625,1862,12347
30626,1862,37665
30627,1862,50422
30628,1862,43076
30629,1862,49953
30630,1862,2981
30631,1862,29813
30632,1862,17506
30633,1862,17288
30634,1862,55593
30635,1862,1290
30636,1862,58064
30637,1862,16540
30638,1862,46153
30639,1862,5123
30640,1862,2111
30641,1862,4599
30642,1862,12285
30643,1862,27099
30644,1862,34816
30645,1862,35295
30646,1862,33280
30647,1862,3411
30648,1862,17084
30649,1862,27533
30650,1862,34587
30651,1862,1413
30652,1862,59890
30653,1862,1866
30654,1862,67064
30655,1862,13461
30656,1862,648
30657,1862,29811
30658,1862,40309
30659,1812,30745
30660,1812,59489
30661,1812,44281
30662,1812,57468
30663,1812,2591
30664,1812,14100
30665,1812,3769
30666,1812,48001
30667,1812,68359
30668,1812,53510
30669,1812,8883
30670,1812,26170
30671,1812,35193
30672,1812,28766
30673,1812,67007
30674,1890,36444
30675,1890,14750
30676,1890,47761
30677,1890,12917
30678,1890,4078
30679,1890,1203
30680,1890,2041
30681,1890,4701
30682,1890,14812
30683,1890,16217
30684,1890,8731
30685,1890,44307
30686,1890,21045
30687,1890,24650
30688,1890,25439
30689,1890,44550
30690,1890,6989
30691,1890,28819
30692,1890,720
30693,1890,67196
30694,1890,57315
30695,1890,39219
30696,1890,59795
30697,1890,934
30698,1890,5417
30699,1890,34140
30700,1890,60581
30701,1890,62336
30702,1890,69843
30703,1890,61126
30704,1890,20012
30705,1890,34372
30706,1890,26137
30707,1890,5835
30708,1890,26157
30709,1890,13067
30710,1890,43688
30711,1890,2763
30712,1890,17997
30713,1890,55300
30714,1890,413
30715,1890,26740
30716,1890,55862
30717,1890,174
30718,1890,37589
30719,1890,32516
30720,1890,38065
30721,1890,593
30722,1890,34348
30723,1890,40229
30724,1890,19928
30725,1890,74062
30726,1890,19154
30727,1890,19398
30728,1890,50832
30729,1890,15525
30730,1890,60633
30731,1890,14454
30732,1890,49548
30733,1890,22280
30734,1890,13152
30735,1890,13185
30736,1890,50411
30737,1890,40878
30738,1890,53649
30739,1890,22169
30740,1890,21837
30741,1890,44966
30742,1890,45608
30743,1890,30110
30744,1890,6142
30745,1890,36828
30746,1890,29747
30747,1890,29311
30748,1890,63102
30749,1890,2805
30750,1890,14240
30751,1890,25499
30752,1890,8154
30753,1890,9956
30754,1890,2193
30755,1890,52285
30756,1890,14497
30757,1890,36540
30758,1890,624
30759,1890,11276
30760,1890,387
30761,1890,45617
30762,1890,16739
30763,1890,67345
30764,1890,30889
30765,1890,18892
30766,1890,21244
30767,1890,16399
30768,1890,29300
30769,1890,40113
30770,1890,44500
30771,1890,21846
30772,1890,23112
30773,1890,39741
30774,1890,28994
30775,1890,23797
30776,1890,28502
30777,1890,42152
30778,1890,39431
30779,1890,67703
30780,1890,24751
30781,1890,72695
30782,1890,57292
30783,1890,64320
30784,1890,8886
30785,1890,20085
30786,1890,2297
30787,1890,39380
30788,1890,32399
30789,1890,63705
30790,1890,21942
30791,1890,7790
30792,1890,56730
30793,1890,59904
30794,1890,19020
30795,1890,72728
30796,1890,68564
30797,1890,8157
30798,1890,54304
30799,1890,16094
30800,1890,51246
30801,1890,6381
30802,1890,13931
30803,1890,70938
30804,1890,55339
30805,1890,38388
30806,1890,26075
30807,1890,18651
30808,1890,53531
30809,1890,6750
30810,1890,21063
30811,1890,53004
30812,1890,22584
30813,1890,34611
30814,1890,3816
30815,1890,34268
30816,1890,68277
30817,1890,34417
30818,1890,33292
30819,1890,13391
30820,1890,21618
30821,1890,8268
30822,1890,9787
30823,1890,48916
30824,1890,43130
30825,1890,6705
30826,1890,43143
30827,1890,13373
30828,1890,43067
30829,1890,42125
30830,1890,3096
30831,1890,29415
30832,1890,34428
30833,1890,50477
30834,1890,61839
30835,1890,12866
30836,1890,14476
30837,1890,45944
30838,1890,459
30839,1890,3426
30840,1890,73607
30841,1890,10000
30842,1890,21739
30843,1890,45503
30844,1890,40519
30845,1890,55404
30846,1890,2097
30847,1890,33619
30848,1890,47887
30849,1890,4494
30850,1890,36479
30851,1890,60669
30852,1890,21320
30853,1890,59330
30854,1890,2280
30855,1890,57083
30856,1890,19146
30857,1890,22771
30858,1890,61464
30859,1890,29776
30860,1890,53224
30861,1890,14895
30862,1890,70696
30863,1890,8152
30864,1890,62609
30865,1890,718
30866,1890,34138
30867,1890,41844
30868,1890,53263
30869,1890,56140
30870,1890,28618
30871,1890,22224
30872,1890,8862
30873,1890,15663
30874,1890,28717
30875,1890,33999
30876,1890,68725
30877,1890,28589
30878,1890,20092
30879,1890,19610
30880,1890,4493
30881,1890,46521
30882,1890,28727
30883,1890,12095
30884,1890,11907
30885,1890,49706
30886,1890,51961
30887,1890,33370
30888,1890,28322
30889,1890,2279
30890,1890,13876
30891,1890,23810
30892,1890,68994
30893,1890,18310
30894,1890,14313
30895,1890,51986
30896,1890,36829
30897,1890,60363
30898,1890,35365
30899,1890,20362
30900,1890,44842
30901,1890,20776
30902,1890,10466
30903,1890,24478
30904,1890,24617
30905,1890,31711
30906,1890,36993
30907,1890,58451
30908,1890,21270
30909,1890,54637
30910,1890,21720
30911,1890,67687
30912,1890,10728
30913,1890,12001
30914,1890,30366
30915,1890,22731
30916,1890,67171
30917,1890,6352
30918,1890,54291
30919,1890,61802
30920,1994,48714
30921,1994,49080
30922,1994,47340
30923,1982,28047
30924,1982,72504
30925,1982,64009
30926,1982,59515
30927,1982,50848
30928,1982,32412
30929,1982,64238
30930,1876,30406
30931,1876,46779
30932,1876,59637
30933,1876,56805
30934,1876,5273
30935,1876,51067
30936,1876,3115
30937,1876,66895
30938,1876,3116
30939,1876,8471
30940,1876,3111
30941,1876,3552
30942,1876,15117
30943,1876,68643
30944,1876,7200
30945,1876,10519
30946,1876,15151
30947,1876,63204
30948,1876,3123
30949,1876,4346
30950,1876,3117
30951,1876,64748
30952,1876,67734
30953,1876,47449
30954,1876,28629
30955,1876,8383
30956,1876,7106
30957,1876,7198
30958,1876,7195
30959,1876,33259
30960,1876,26043
30961,1876,43606
30962,1876,30061
30963,1876,8530
30964,1876,59393
30965,1876,41075
30966,1876,10723
30967,1876,57721
30968,1876,1365
30969,1876,49212
30970,1876,8600
30971,1876,45302
30972,1876,12485
30973,1876,31623
30974,1876,68157
30975,1876,5973
30976,1876,40429
30977,1876,54424
30978,1876,12513
30979,1876,71393
30980,1876,58777
30981,1876,65830
30982,1876,8476
30983,1876,8477
30984,1876,13
30985,1876,38907
30986,1876,60559
30987,1876,52512
30988,1876,17970
30989,1876,34484
30990,1876,44415
30991,1876,53558
30992,1876,12662
30993,1876,7105
30994,1876,7193
30995,1876,28289
30996,1876,67983
30997,1876,2158
30998,1876,47586
30999,1876,58809
31000,1876,8482
31001,1876,5975
31002,1876,8509
31003,1876,7102
31004,1876,8478
31005,1876,14279
31006,1876,56827
31007,1876,9216
31008,1876,3121
31009,1876,5750
31010,1876,10555
31011,1876,35197
31012,1876,2944
31013,1876,12632
31014,1876,55395
31015,1876,5818
31016,1876,7199
31017,1876,63279
31018,1876,28862
31019,1876,18175
31020,1876,68014
31021,1876,35317
31022,1876,8473
31023,1876,30546
31024,1876,38448
31025,1876,1486
31026,1876,12036
31027,1876,58994
31028,1876,50973
31029,1876,33831
31030,1876,8479
31031,1876,5752
31032,1876,10202
31033,1876,37329
31034,1876,8474
31035,1876,71456
31036,1876,40791
31037,1876,7197
31038,1876,23584
31039,1876,45850
31040,1876,16643
31041,1876,8481
31042,1876,3113
31043,1876,47221
31044,1876,42045
31045,1876,59336
31046,1876,2804
31047,1876,69063
31048,1876,21485
31049,1876,31162
31050,1876,10003
31051,1876,14708
31052,1876,8355
31053,1876,8480
31054,1876,61347
31055,1876,25855
31056,1876,5753
31057,1876,34920
31058,1876,27435
31059,1876,4176
31060,1876,5761
31061,1876,3119
31062,1876,19512
31063,1876,51034
31064,1876,45020
31065,1876,8475
31066,1876,32325
31067,1876,2133
31068,1876,28821
31069,1876,21483
31070,1876,3118
31071,1876,25164
31072,1876,32761
31073,1876,40704
31074,1876,5974
31075,1876,64047
31076,1876,12581
31077,1876,73035
31078,1876,29888
31079,1876,59123
31080,1876,7100
31081,1876,55818
31082,1876,74
31083,1876,7196
31084,1876,14566
31085,1876,9949
31086,1876,41127
31087,1876,47423
31088,1876,56506
31089,1876,38100
31090,1876,58100
31091,1876,7194
31092,1876,5751
31093,1876,15774
31094,1876,7469
31095,1876,38600
31096,1876,5976
31097,1876,7101
31098,1876,3108
31099,1876,29460
31100,1876,7103
31101,1876,1624
31102,1876,3109
31103,1876,64158
31104,1876,58824
31105,1876,8558
31106,1876,12138
31107,1876,31594
31108,1876,8472
31109,1876,31188
31110,1876,39661
31111,1961,19726
31112,1961,29448
31113,1961,40642
31114,1961,29563
31115,1961,68105
31116,1961,52650
31117,1961,32903
31118,1961,33543
31119,1961,25544
31120,1961,42901
31121,1961,18172
31122,1961,67199
31123,1961,37740
31124,1961,20154
31125,1961,32482
31126,1961,23624
31127,1961,58912
31128,1961,31429
31129,1961,33509
31130,1961,25067
31131,1961,19478
31132,1961,66843
31133,1961,33966
31134,1961,18137
31135,1961,31334
31136,1961,31035
31137,1961,29285
31138,1961,31513
31139,1961,19090
31140,1961,26038
31141,1961,58136
31142,1934,68609
31143,1934,38283
31144,1934,58294
31145,1934,22301
31146,1934,42227
31147,1934,42209
31148,1934,42183
31149,1934,46200
31150,1934,31603
31151,1934,4922
31152,1934,25024
31153,1934,33060
31154,1934,4300
31155,1934,42259
31156,1934,72985
31157,1934,9089
31158,1934,23731
31159,1934,10422
31160,1934,19162
31161,1934,68428
31162,1934,11438
31163,1934,31959
31164,1934,59599
31165,1934,23159
31166,1822,47727
31167,1822,48203
31168,1822,22631
31169,1822,30172
31170,1822,50653
31171,1822,63295
31172,1822,41983
31173,1822,6881
31174,1822,1296
31175,1822,17592
31176,1822,12531
31177,1822,27239
31178,1822,9043
31179,1822,966
31180,1822,29231
31181,1822,3719
31182,1822,69466
31183,1818,13333
31184,1818,29051
31185,1818,42324
31186,1818,38625
31187,1818,7024
31188,1818,59455
31189,1818,7025
31190,1818,84
31191,1818,9909
31192,1818,62918
31193,1818,12669
31194,1818,36376
31195,1818,11416
31196,1818,56665
31197,1818,11203
31198,1818,7023
31199,1818,21500
31200,1818,29725
31201,1818,38624
31202,1818,12046
31203,1818,41445
31204,1818,48757
31205,1818,11194
31206,1818,6399
31207,1761,14013
31208,1761,68133
31209,1788,62002
31210,1788,59846
31211,1788,16357
31212,1788,72627
31213,1788,69256
31214,1788,69233
31215,1788,2127
31216,1788,26799
31217,1788,68056
31218,1788,36507
31219,1788,12668
31220,1788,38653
31221,1917,16907
31222,1917,55980
31223,1917,34985
31224,1917,6506
31225,1917,20070
31226,1917,10099
31227,1917,33952
31228,1917,43558
31229,1917,20073
31230,1917,34035
31231,1917,36618
31232,1917,57230
31233,1917,14232
31234,1917,64296
31235,1917,63377
31236,1917,16040
31237,1917,19064
31238,1917,3485
31239,1917,68962
31240,1917,47315
31241,1917,16651
31242,1917,45964
31243,1917,15873
31244,1917,46046
31245,1917,9856
31246,1917,15044
31247,1917,34136
31248,1917,49649
31249,1917,52559
31250,1917,15523
31251,1917,32216
31252,1917,13345
31253,1917,36916
31254,1917,41677
31255,1917,9873
31256,1917,33346
31257,1917,46099
31258,1917,32849
31259,1917,47201
31260,1917,62782
31261,1917,363
31262,1917,35184
31263,1917,34795
31264,1917,54990
31265,1917,49330
31266,1917,35326
31267,1917,18325
31268,1917,23874
31269,1917,18388
31270,1917,32323
31271,1917,59164
31272,1917,20897
31273,1917,8457
31274,1917,44586
31275,1917,41043
31276,1917,26550
31277,1917,35617
31278,1917,4748
31279,1917,9887
31280,1917,23196
31281,1917,16585
31282,1917,69050
31283,1917,60310
31284,1917,19826
31285,1917,40813
31286,1917,46787
31287,1917,46299
31288,1917,28293
31289,1917,20083
31290,1917,67869
31291,1917,25188
31292,1917,7960
31293,1917,4326
31294,1917,350
31295,1917,25050
31296,1917,2687
31297,1917,1804
31298,1917,33553
31299,1917,58205
31300,1917,3305
31301,1917,58771
31302,1917,28695
31303,1917,69978
31304,1917,23606
31305,1917,70884
31306,1917,17655
31307,1917,25795
31308,1917,47871
31309,1917,65248
31310,1917,21007
31311,1917,4392
31312,1917,20206
31313,1917,7803
31314,1917,30825
31315,1917,29639
31316,1917,44754
31317,1917,67750
31318,1917,18304
31319,1917,16803
31320,1917,8871
31321,1917,8866
31322,1917,11324
31323,1917,46600
31324,1917,35017
31325,1917,9492
31326,1917,51639
31327,1917,7045
31328,1917,29498
31329,1917,4603
31330,1917,51983
31331,1917,42363
31332,1917,56728
31333,1917,30893
31334,1917,33065
31335,1917,46481
31336,1917,57316
31337,1917,14086
31338,1917,39857
31339,1917,11266
31340,1917,68463
31341,1917,4021
31342,1917,9775
31343,1917,61519
31344,1917,4776
31345,1917,46286
31346,1917,1046
31347,1917,56864
31348,1917,22423
31349,1917,34006
31350,1917,10438
31351,1917,48844
31352,1917,67255
31353,1917,10122
31354,1917,35463
31355,1917,15343
31356,1917,47263
31357,1917,54881
31358,1917,22657
31359,1917,61435
31360,1917,22606
31361,1917,1459
31362,1917,65045
31363,1917,5871
31364,1917,53929
31365,1917,41856
31366,1917,50255
31367,1917,52235
31368,1917,10078
31369,1917,13085
31370,1917,44465
31371,1917,11947
31372,1917,21676
31373,1917,46988
31374,1917,41452
31375,1917,21689
31376,1917,9794
31377,1917,288
31378,1917,20072
31379,1917,43227
31380,1917,13487
31381,1917,34907
31382,1917,23246
31383,1917,5087
31384,1917,24461
31385,1917,51579
31386,1917,41964
31387,1917,1593
31388,1917,29252
31389,1917,41448
31390,1917,3148
31391,1917,50716
31392,1917,17333
31393,1917,65285
31394,1917,20297
31395,1917,67586
31396,1917,18497
31397,1917,62480
31398,1917,56292
31399,1917,44079
31400,1917,8521
31401,1917,17763
31402,1917,20076
31403,1917,46210
31404,1917,27243
31405,1917,41605
31406,1917,57095
31407,1917,46300
31408,1917,12302
31409,1917,26723
31410,1917,26176
31411,1917,20805
31412,1917,45802
31413,1917,29561
31414,1917,60985
31415,1917,63238
31416,1917,52716
31417,1917,41348
31418,1917,47224
31419,1917,16685
31420,1917,68912
31421,1917,55360
31422,1917,57774
31423,1917,47182
31424,1917,2348
31425,1917,64553
31426,1917,15770
31427,1917,35162
31428,1917,7238
31429,1917,60359
31430,1917,13118
31431,1917,13370
31432,1917,55431
31433,1917,40766
31434,1917,22397
31435,1917,52642
31436,1917,63490
31437,1917,18951
31438,1917,25837
31439,1917,33793
31440,1917,63895
31441,1917,12375
31442,1917,22083
31443,1917,70010
31444,1917,48385
31445,1917,13897
31446,1917,17959
31447,1917,25824
31448,1917,55452
31449,1917,16683
31450,1917,29379
31451,1917,24727
31452,1917,32479
31453,1917,20458
31454,1917,24607
31455,1917,34234
31456,1917,42880
31457,1917,32979
31458,1917,44328
31459,1917,62709
31460,1917,22090
31461,1917,22732
31462,1917,60470
31463,1917,65447
31464,1917,23394
31465,1917,52289
31466,1917,23614
31467,1917,18964
31468,1917,10371
31469,1917,69244
31470,1917,3778
31471,1917,18380
31472,1917,12217
31473,1917,51966
31474,1917,15120
31475,1917,7020
31476,1917,49371
31477,1917,18426
31478,1917,46121
31479,1917,47988
31480,1917,40906
31481,1917,73259
31482,1917,16713
31483,1917,40706
31484,1917,8867
31485,1917,2005
31486,1917,72085
31487,1917,18134
31488,1917,25474
31489,1917,24714
31490,1917,17710
31491,1917,46809
31492,1917,57910
31493,1917,307
31494,1917,18362
31495,1917,24893
31496,1917,51412
31497,1917,59312
31498,1917,16074
31499,1917,68
31500,1917,20292
31501,1917,55160
31502,1917,44827
31503,1917,442
31504,1917,18756
31505,1917,54964
31506,1917,18621
31507,1917,10145
31508,1917,16626
31509,1917,36645
31510,1917,2714
31511,1917,17001
31512,1917,20694
31513,1917,39456
31514,1917,10593
31515,1917,33657
31516,1917,45772
31517,1917,68284
31518,1917,62390
31519,1917,54774
31520,1917,29366
31521,1917,7077
31522,1917,53826
31523,1917,39238
31524,1917,40482
31525,1917,20945
31526,1917,6902
31527,1917,16362
31528,1917,13506
31529,1917,73414
31530,1917,11414
31531,1917,11501
31532,1917,63345
31533,1917,40600
31534,1917,1269
31535,1917,6977
31536,1917,67501
31537,1917,18477
31538,1917,28700
31539,1917,11283
31540,1917,38664
31541,1917,25689
31542,1917,52227
31543,1917,36079
31544,1917,62976
31545,1917,25825
31546,1917,15937
31547,1917,7424
31548,1917,34278
31549,1917,18140
31550,1917,56809
31551,1917,16663
31552,1917,30313
31553,1917,14361
31554,1917,21840
31555,1917,60099
31556,1917,17807
31557,1917,7275
31558,1917,25430
31559,1917,43455
31560,1917,5846
31561,1917,51987
31562,1917,27057
31563,1917,20548
31564,1917,10443
31565,1917,10084
31566,1917,42155
31567,1917,6684
31568,1917,22644
31569,1917,14197
31570,1917,68810
31571,1917,43471
31572,1917,35403
31573,1917,22156
31574,1917,7949
31575,1917,38663
31576,1917,166
31577,1917,48180
31578,1917,24668
31579,1917,3147
31580,1917,12570
31581,1917,20373
31582,1917,70901
31583,1917,7055
31584,1917,15177
31585,1917,42248
31586,1917,74385
31587,1917,33475
31588,1917,32085
31589,1917,24459
31590,1917,30882
31591,1917,60343
31592,1917,30640
31593,1917,24241
31594,1917,5724
31595,1917,1243
31596,1917,11259
31597,1917,10474
31598,1917,25470
31599,1917,16714
31600,1917,69521
31601,1917,56726
31602,1917,959
31603,1917,41877
31604,1917,46069
31605,1917,41272
31606,1917,30669
31607,1917,19355
31608,1917,44220
31609,1917,592
31610,1917,43556
31611,1917,26414
31612,1917,40176
31613,1917,14402
31614,1917,30642
31615,1917,57408
31616,1917,13335
31617,1917,63154
31618,1917,544
31619,1917,15135
31620,1917,39973
31621,1917,2134
31622,1917,51245
31623,1917,45095
31624,1917,22804
31625,1917,70132
31626,1917,1218
31627,1917,12644
31628,1917,5311
31629,1917,37227
31630,1917,27522
31631,1917,40264
31632,1917,451
31633,1917,33218
31634,1917,941
31635,1917,56611
31636,1917,66775
31637,1917,5893
31638,1917,36044
31639,1917,19552
31640,1917,13510
31641,1917,56345
31642,1917,18265
31643,1917,44222
31644,1917,64954
31645,1917,36955
31646,1917,62513
31647,1917,69835
31648,1917,25921
31649,1917,43081
31650,1917,41107
31651,1917,936
31652,1917,24202
31653,1917,19371
31654,1917,33392
31655,1917,7962
31656,1917,16174
31657,1917,15625
31658,1917,48305
31659,1992,48810
31660,1992,49056
31661,1992,51493
31662,1845,2147
31663,1845,32083
31664,1845,45484
31665,1845,48696
31666,1845,63724
31667,1845,20002
31668,1845,3627
31669,1845,74548
31670,1845,34884
31671,1845,53739
31672,1845,35500
31673,1845,282
31674,1845,38838
31675,1845,31844
31676,1845,38621
31677,1845,72482
31678,1845,9478
31679,1845,33510
31680,1845,44904
31681,1845,35110
31682,1845,8880
31683,1845,8893
31684,1845,21555
31685,1845,32340
31686,1845,23060
31687,1845,68617
31688,1845,1197
31689,1845,41804
31690,1845,8642
31691,1845,53942
31692,1845,99
31693,1845,13276
31694,1845,36878
31695,1845,70055
31696,1845,54420
31697,1845,24648
31698,1845,25631
31699,1845,6054
31700,1845,2150
31701,1845,61003
31702,1845,35839
31703,1845,33322
31704,1845,24378
31705,1845,38951
31706,1845,69179
31707,1845,16182
31708,1845,25525
31709,1845,40280
31710,1845,39326
31711,1845,21963
31712,1845,34481
31713,1845,22094
31714,1797,48780
31715,1797,18376
31716,1797,12431
31717,1797,55459
31718,1797,60992
31719,1797,25709
31720,1758,43855
31721,1883,24430
31722,1883,2433
31723,1883,46602
31724,1883,21714
31725,1883,40528
31726,1883,56133
31727,1883,21356
31728,1883,25487
31729,1883,38296
31730,1883,16321
31731,1883,74270
31732,1883,39118
31733,1883,44022
31734,1883,24030
31735,1883,16195
31736,1883,21813
31737,1883,20873
31738,1883,55725
31739,1883,11680
31740,1883,38162
31741,1883,17762
31742,1883,875
31743,1883,65412
31744,1883,8770
31745,1883,43494
31746,1883,7665
31747,1883,11970
31748,1883,16865
31749,1883,10050
31750,1883,35575
31751,1883,13481
31752,1883,62432
31753,1883,13340
31754,1883,25488
31755,1883,41125
31756,1883,38488
31757,1883,71376
31758,1883,31238
31759,1883,44570
31760,1883,30435
31761,1883,7892
31762,1883,22282
31763,1883,6469
31764,1883,35186
31765,1883,68929
31766,1883,59557
31767,1883,7970
31768,1883,39265
31769,1883,3697
31770,1883,47575
31771,1883,33695
31772,1883,43675
31773,1883,74956
31774,1883,42100
31775,1883,6128
31776,1883,43238
31777,1883,70727
31778,1883,8602
31779,1883,18629
31780,1883,11565
31781,1883,38246
31782,1883,63198
31783,1883,53416
31784,1883,58774
31785,1883,3077
31786,1883,59308
31787,1883,8567
31788,1883,74340
31789,1883,49000
31790,1883,10905
31791,1883,45388
31792,1883,43155
31793,1883,44970
31794,1883,245
31795,1883,47349
31796,1883,36549
31797,1883,38792
31798,1883,19206
31799,1883,61740
31800,1883,15223
31801,1883,8379
31802,1883,7114
31803,1883,13348
31804,1883,14909
31805,1883,14018
31806,1883,55935
31807,1883,40638
31808,1883,56542
31809,1883,54596
31810,1883,31427
31811,1883,16797
31812,1883,25577
31813,1883,58325
31814,1883,32176
31815,1883,21035
31816,1883,47905
31817,1883,7345
31818,1883,31428
31819,1883,1441
31820,1883,14276
31821,1883,9188
31822,1883,10148
31823,1883,67646
31824,1883,24827
31825,1883,11562
31826,1883,46202
31827,1883,10100
31828,1883,53869
31829,1883,31479
31830,1883,4305
31831,1883,12282
31832,1883,9091
31833,1883,68322
31834,1883,10780
31835,1883,66392
31836,1883,964
31837,1883,17606
31838,1883,36722
31839,1883,4197
31840,1883,66524
31841,1883,5708
31842,1883,61068
31843,1883,35777
31844,1883,40677
31845,1883,45153
31846,1883,16776
31847,1883,69044
31848,1883,31681
31849,1883,21717
31850,1883,15410
31851,1883,65997
31852,1883,74522
31853,1883,14494
31854,1883,9052
31855,1883,32073
31856,1883,49597
31857,1883,24484
31858,1883,54079
31859,1883,59600
31860,1933,33233
31861,1933,45174
31862,1933,52531
31863,1933,48711
31864,1933,70816
31865,1933,15600
31866,1933,45417
31867,1933,5767
31868,1933,43773
31869,1933,40608
31870,1933,28163
31871,1933,47992
31872,1933,104
31873,1933,15888
31874,1933,3678
31875,1933,20125
31876,1933,60145
31877,1933,20848
31878,1933,35858
31879,1933,44782
31880,1933,26733
31881,1933,16712
31882,1933,44670
31883,1769,38404
31884,1978,70761
31885,1978,22875
31886,1978,67235
31887,1796,37499
31888,1796,32239
31889,1796,3787
31890,1796,9365
31891,1796,40619
31892,1796,36132
31893,1796,41256
31894,1796,11101
31895,1796,3655
31896,1796,601
31897,1796,3529
31898,1796,35650
31899,1796,6061
31900,1796,11121
31901,1922,18625
31902,1922,37130
31903,1922,37270
31904,1922,39634
31905,1922,25991
31906,1922,42533
31907,1922,66228
31908,1922,2325
31909,1922,50553
31910,1922,19351
31911,1922,32118
31912,1922,27569
31913,1922,63479
31914,1922,47852
31915,1922,59752
31916,1922,29877
31917,1922,62928
31918,1922,24663
31919,1922,43304
31920,1922,41719
31921,1922,42703
31922,1922,6616
31923,1922,30558
31924,1922,43750
31925,1922,72893
31926,1922,17125
31927,1922,12560
31928,1922,16064
31929,1922,31267
31930,1922,34524
31931,1922,6136
31932,1922,1263
31933,1922,44932
31934,1922,15552
31935,1922,57804
31936,1922,6460
31937,1922,22532
31938,1922,7008
31939,1922,16380
31940,1922,13384
31941,1922,54403
31942,1922,47860
31943,1922,53474
31944,1922,64277
31945,1922,10090
31946,1922,1154
31947,1922,66907
31948,1922,10582
31949,1922,10642
31950,1922,11587
31951,1922,26631
31952,1922,64671
31953,1922,5774
31954,1922,49356
31955,1922,36700
31956,1922,5204
31957,1922,65492
31958,1922,1720
31959,1922,21992
31960,1922,35461
31961,1922,48975
31962,1922,48879
31963,1922,60719
31964,1922,60176
31965,1922,36754
31966,1922,49918
31967,1922,18945
31968,1922,6934
31969,1922,31699
31970,1922,57138
31971,1922,42193
31972,1922,1888
31973,1922,19857
31974,1922,36057
31975,1922,6574
31976,1922,19321
31977,1922,41721
31978,1922,9833
31979,1922,38487
31980,1922,38489
31981,1922,8446
31982,1922,7213
31983,1922,39498
31984,1922,61004
31985,1922,53117
31986,1922,32612
31987,1922,48157
31988,1922,63143
31989,1922,71228
31990,1922,61484
31991,1922,70272
31992,1922,739
31993,1922,38472
31994,1922,30567
31995,1922,15856
31996,1922,18259
31997,1922,64444
31998,1922,63389
31999,1922,9902
32000,1922,67775
32001,1922,65695
32002,1922,19968
32003,1922,68549
32004,1922,25244
32005,1922,59960
32006,1922,7028
32007,1922,69219
32008,1922,10404
32009,1922,15250
32010,1922,25465
32011,1922,29543
32012,1922,27375
32013,1922,63351
32014,1922,10817
32015,1922,43240
32016,1922,66728
32017,1922,68334
32018,1922,64378
32019,1922,23136
32020,1922,20512
32021,1922,22667
32022,1922,67698
32023,1922,7988
32024,1922,8434
32025,1922,38069
32026,1922,39609
32027,1922,71234
32028,1922,54680
32029,1922,17417
32030,1922,53333
32031,1922,60122
32032,1922,55822
32033,1922,16752
32034,1922,48237
32035,1922,14756
32036,1922,11365
32037,1922,36052
32038,1922,53843
32039,1922,19590
32040,1922,24003
32041,1922,16784
32042,1922,54536
32043,1922,13161
32044,1922,61823
32045,1922,67168
32046,1922,17414
32047,1922,27355
32048,1922,22109
32049,1922,38112
32050,1922,58877
32051,1922,7928
32052,1922,34025
32053,1922,32507
32054,1922,45908
32055,1922,50557
32056,1922,2045
32057,1922,60296
32058,1922,37451
32059,1922,68524
32060,1922,38932
32061,1922,35349
32062,1922,36072
32063,1922,1155
32064,1922,19261
32065,1922,39144
32066,1922,68619
32067,1922,21530
32068,1922,6425
32069,1922,42545
32070,1922,48685
32071,1922,6579
32072,1922,59857
32073,1922,39576
32074,1922,28590
32075,1922,15082
32076,1922,4282
32077,1922,49211
32078,1922,20155
32079,1922,20578
32080,1922,10612
32081,1922,12540
32082,1922,36075
32083,1922,6111
32084,1922,55672
32085,1922,59524
32086,1922,5670
32087,1922,24237
32088,1922,24569
32089,1922,14331
32090,1922,18743
32091,1922,56247
32092,1922,46694
32093,1922,46961
32094,1922,40092
32095,1922,6415
32096,1922,54409
32097,1922,38819
32098,1922,15033
32099,1922,4698
32100,1922,43940
32101,1922,10960
32102,1922,1267
32103,1922,15614
32104,1922,36617
32105,1922,17619
32106,1922,26703
32107,1922,10109
32108,1922,35126
32109,1922,19907
32110,1922,16917
32111,1922,55994
32112,1922,29073
32113,1922,14563
32114,1922,51917
32115,1922,6001
32116,1922,10772
32117,1922,43680
32118,1922,75518
32119,1922,2604
32120,1922,67180
32121,1922,59066
32122,1922,10393
32123,1922,15509
32124,1922,15415
32125,1922,7075
32126,1922,14326
32127,1922,28500
32128,1922,67960
32129,1922,70524
32130,1922,37861
32131,1922,4979
32132,1922,15927
32133,1922,61345
32134,1922,51958
32135,1922,58256
32136,1922,12475
32137,1922,12225
32138,1922,15527
32139,1922,28736
32140,1922,43952
32141,1922,52851
32142,1922,29733
32143,1922,34309
32144,1922,36589
32145,1922,63596
32146,1922,29406
32147,1922,10366
32148,1922,60185
32149,1922,27404
32150,1922,7333
32151,1922,6847
32152,1922,27439
32153,1922,34129
32154,1922,23598
32155,1922,11195
32156,1922,10266
32157,1922,65149
32158,1922,55288
32159,1922,57729
32160,1922,12461
32161,1922,15608
32162,1922,37485
32163,1922,44508
32164,1922,37459
32165,1922,13906
32166,1922,13220
32167,1922,44691
32168,1922,6336
32169,1922,28514
32170,1922,28536
32171,1922,15750
32172,1922,6106
32173,1922,7820
32174,1922,27261
32175,1922,6020
32176,1922,70683
32177,1922,53522
32178,1922,10337
32179,1922,16389
32180,1922,21539
32181,1922,5246
32182,1922,26283
32183,1922,43565
32184,1922,20654
32185,1922,61325
32186,1922,38877
32187,1922,35049
32188,1922,47596
32189,1922,28991
32190,1922,63334
32191,1922,20909
32192,1922,32168
32193,1922,47177
32194,1922,29499
32195,1922,15721
32196,1922,16077
32197,1922,30194
32198,1922,73590
32199,1922,25472
32200,1922,62995
32201,1922,27705
32202,1922,15687
32203,1922,3472
32204,1922,3153
32205,1922,6695
32206,1922,43447
32207,1922,1924
32208,1922,42710
32209,1922,15274
32210,1922,35813
32211,1922,61593
32212,1922,27147
32213,1922,32114
32214,1922,20230
32215,1922,14971
32216,1922,42040
32217,1922,56419
32218,1922,4743
32219,1922,22425
32220,1922,35551
32221,1922,60162
32222,1922,3258
32223,1922,37855
32224,1922,60527
32225,1922,32778
32226,1922,38608
32227,1922,1853
32228,1922,41954
32229,1922,12283
32230,1922,8773
32231,1922,60427
32232,1922,68562
32233,1922,28931
32234,1922,1429
32235,1922,65853
32236,1922,18150
32237,1922,37490
32238,1922,45054
32239,1922,5146
32240,1922,15673
32241,1922,58874
32242,1922,37429
32243,1922,30647
32244,1922,37087
32245,1922,1689
32246,1922,12179
32247,1922,7508
32248,1922,68520
32249,1922,10944
32250,1922,6463
32251,1922,6567
32252,1922,59320
32253,1922,19057
32254,1922,64506
32255,1922,14104
32256,1922,1156
32257,1922,69474
32258,1922,1713
32259,1922,36264
32260,1922,9830
32261,1922,31862
32262,1922,26944
32263,1922,71350
32264,1922,40343
32265,1922,61523
32266,1922,55670
32267,1922,14167
32268,1922,4015
32269,1922,50499
32270,1922,24959
32271,1922,36445
32272,1922,9605
32273,1922,35818
32274,1922,6456
32275,1922,28178
32276,1922,29570
32277,1922,68889
32278,1922,25419
32279,1922,60885
32280,1922,17767
32281,1922,48442
32282,1922,27528
32283,1922,46238
32284,1922,12648
32285,1922,6884
32286,1922,25143
32287,1922,9974
32288,1922,15488
32289,1922,66627
32290,1922,6587
32291,1922,6013
32292,1922,27203
32293,1922,67367
32294,1922,27351
32295,1922,5255
32296,1922,64959
32297,1922,15603
32298,1922,57329
32299,1922,35679
32300,1922,12849
32301,1922,65107
32302,1922,41880
32303,1922,9807
32304,1922,42428
32305,1922,57173
32306,1922,8352
32307,1922,50358
32308,1922,16698
32309,1922,34507
32310,1922,47176
32311,1922,49144
32312,1922,32128
32313,1922,49757
32314,1922,49605
32315,1922,26399
32316,1922,1297
32317,1922,47265
32318,1922,42575
32319,1922,72655
32320,1922,11043
32321,1922,39300
32322,1922,31785
32323,1922,14739
32324,1922,30466
32325,1922,2369
32326,1922,7039
32327,1922,72185
32328,1922,45141
32329,1922,34946
32330,1922,12659
32331,1922,18648
32332,1922,64982
32333,1922,1321
32334,1922,39838
32335,1922,66450
32336,1922,20172
32337,1922,25230
32338,1922,13960
32339,1922,42025
32340,1922,48429
32341,1922,66502
32342,1922,27079
32343,1922,55592
32344,1922,59931
32345,1922,7801
32346,1922,31898
32347,1922,69923
32348,1922,3532
32349,1922,43100
32350,1922,12027
32351,1922,54611
32352,1922,45718
32353,1922,6935
32354,1922,1734
32355,1922,25308
32356,1922,32535
32357,1922,9459
32358,1922,59248
32359,1922,14095
32360,1922,8135
32361,1922,34826
32362,1922,37965
32363,1922,27250
32364,1922,43670
32365,1922,47361
32366,1922,52558
32367,1922,37815
32368,1922,5697
32369,1922,6491
32370,1922,16125
32371,1922,49721
32372,1922,4789
32373,1922,2393
32374,1922,49181
32375,1922,35244
32376,1922,14996
32377,1922,46419
32378,1922,59247
32379,1922,60332
32380,1922,49993
32381,1922,65490
32382,1922,67913
32383,1922,47506
32384,1922,10767
32385,1922,13395
32386,1922,68019
32387,1922,24306
32388,1922,17095
32389,1922,31372
32390,1922,46924
32391,1922,36914
32392,1922,33403
32393,1922,45086
32394,1922,9298
32395,1922,34478
32396,1922,54328
32397,1922,26649
32398,1922,25002
32399,1922,42381
32400,1922,13785
32401,1922,66850
32402,1922,1402
32403,1922,31110
32404,1922,22194
32405,1922,49632
32406,1922,31452
32407,1922,36296
32408,1922,35796
32409,1922,33066
32410,1922,67856
32411,1922,23025
32412,1922,67764
32413,1922,7896
32414,1922,35478
32415,1922,35637
32416,1922,22745
32417,1922,23757
32418,1922,21058
32419,1922,56089
32420,1922,38423
32421,1922,62364
32422,1922,50141
32423,1922,54860
32424,1922,34431
32425,1922,59909
32426,1922,36365
32427,1922,43737
32428,1922,11410
32429,1922,12357
32430,1922,42569
32431,1922,15084
32432,1922,66131
32433,1922,53740
32434,1922,22028
32435,1922,10716
32436,1922,53038
32437,1922,50484
32438,1922,56893
32439,1922,21342
32440,1922,14458
32441,1922,1872
32442,1922,57742
32443,1922,31072
32444,1922,34860
32445,1922,67728
32446,1922,20419
32447,1922,16657
32448,1922,60368
32449,1922,7059
32450,1922,6052
32451,1922,46370
32452,1922,29339
32453,1922,43273
32454,1922,2013
32455,1922,30688
32456,1922,53477
32457,1922,10065
32458,1922,21999
32459,1922,57559
32460,1922,25497
32461,1922,58699
32462,1922,70490
32463,1922,5866
32464,1922,59434
32465,1922,56012
32466,1922,35153
32467,1922,28652
32468,1922,8403
32469,1922,48700
32470,1922,60038
32471,1922,61246
32472,1922,46964
32473,1922,61867
32474,1922,14545
32475,1922,38066
32476,1922,13910
32477,1922,26520
32478,1922,12661
32479,1922,15534
32480,1922,71039
32481,1922,48716
32482,1922,14588
32483,1922,33725
32484,1922,56699
32485,1922,4520
32486,1922,7848
32487,1922,34813
32488,1922,46836
32489,1922,12509
32490,1922,32371
32491,1922,17017
32492,1922,2063
32493,1922,24460
32494,1922,9991
32495,1922,42534
32496,1922,1153
32497,1922,48788
32498,1922,1965
32499,1922,10140
32500,1922,72220
32501,1922,11402
32502,1922,5743
32503,1922,24089
32504,1922,28903
32505,1922,60078
32506,1922,63499
32507,1922,10213
32508,1922,36210
32509,1922,1601
32510,1922,10899
32511,1922,24333
32512,1922,25778
32513,1922,41185
32514,1922,68908
32515,1806,66506
32516,1806,1085
32517,1806,49621
32518,1806,54683
32519,1806,71259
32520,1806,13435
32521,1806,9094
32522,1806,51843
32523,1984,32321
32524,1786,36570
32525,1786,34634
32526,1786,13942
32527,1786,9863
32528,1786,51017
32529,1786,35959
32530,1786,1279
32531,1786,11054
32532,1786,18500
32533,1786,2423
32534,1866,12550
32535,1866,41286
32536,1866,21731
32537,1866,24660
32538,1866,25185
32539,1866,46260
32540,1866,27924
32541,1866,24396
32542,1866,65619
32543,1866,62332
32544,1866,51043
32545,1866,19188
32546,1866,60149
32547,1866,21202
32548,1866,48278
32549,1866,29057
32550,1866,16798
32551,1866,31566
32552,1866,49681
32553,1866,16480
32554,1866,16833
32555,1866,28484
32556,1866,1895
32557,1866,7815
32558,1866,69125
32559,1866,27231
32560,1866,23340
32561,1866,31087
32562,1866,53868
32563,1866,60329
32564,1866,26750
32565,1866,18582
32566,1866,19599
32567,1866,68845
32568,1866,44447
32569,1866,40238
32570,1866,57069
32571,1866,24918
32572,1866,44992
32573,1866,53676
32574,1866,50295
32575,1866,7083
32576,1866,47232
32577,1866,24564
32578,1866,23361
32579,1866,38774
32580,1866,4660
32581,1866,3696
32582,1866,67821
32583,1866,28507
32584,1866,61312
32585,1866,14880
32586,1866,40427
32587,1866,9192
32588,1866,34488
32589,1866,64250
32590,1866,8680
32591,1866,55665
32592,1866,27983
32593,1866,48298
32594,1866,45314
32595,1866,35588
32596,1866,41755
32597,1866,58750
32598,1866,4067
32599,1866,2983
32600,1866,23758
32601,1866,48980
32602,1866,18646
32603,1866,1419
32604,1866,51383
32605,1866,37907
32606,1866,59286
32607,1866,35587
32608,1866,50755
32609,1866,17827
32610,1866,56130
32611,1866,3192
32612,1866,21477
32613,1866,49956
32614,1866,50439
32615,1866,18589
32616,1866,45249
32617,1866,17228
32618,1866,12384
32619,1866,6166
32620,1866,52113
32621,1866,56267
32622,1866,21459
32623,1850,7710
32624,1850,10712
32625,1850,8374
32626,1850,25045
32627,1850,7699
32628,1850,15130
32629,1850,325
32630,1850,48338
32631,1850,45686
32632,1850,17164
32633,1850,70530
32634,1850,19730
32635,1850,23267
32636,1850,18689
32637,1850,1140
32638,1850,28267
32639,1850,7712
32640,1850,34595
32641,1850,10737
32642,1850,7737
32643,1850,47390
32644,1850,47231
32645,1850,2351
32646,1850,46420
32647,1850,65255
32648,1850,34603
32649,1850,7742
32650,1850,43111
32651,1850,7697
32652,1850,4253
32653,1850,7746
32654,1850,20251
32655,1850,28870
32656,1850,1597
32657,1850,7741
32658,1850,30707
32659,1850,7749
32660,1850,33345
32661,1850,18445
32662,1850,68790
32663,1850,37657
32664,1850,13988
32665,1850,67108
32666,1850,46659
32667,1850,18544
32668,1850,66705
32669,1850,7705
32670,1850,7706
32671,1850,8859
32672,1850,15398
32673,1850,11171
32674,1850,7707
32675,1850,7694
32676,1850,39716
32677,1850,7740
32678,1850,17393
32679,1850,24891
32680,1850,52695
32681,1850,23374
32682,1850,2328
32683,1850,30714
32684,1850,7711
32685,1850,14239
32686,1850,35670
32687,1850,28209
32688,1850,54812
32689,1850,11966
32690,1850,7692
32691,1850,7709
32692,1850,7748
32693,1850,7701
32694,1850,62254
32695,1850,7704
32696,1850,7708
32697,1850,44337
32698,1850,4956
32699,1850,12056
32700,1850,62155
32701,1850,56750
32702,1850,7747
32703,1850,15977
32704,1850,23108
32705,1850,7713
32706,1850,23499
32707,1850,4972
32708,1850,7696
32709,1850,7738
32710,1850,7693
32711,1850,18566
32712,1850,64434
32713,1850,6312
32714,1850,77
32715,1850,25351
32716,1850,47234
32717,1850,33
32718,1850,55630
32719,1850,22121
32720,1850,7698
32721,1850,7714
32722,1850,16836
32723,1850,7702
32724,1850,64794
32725,1850,72109
32726,1850,7703
32727,1850,6010
32728,1850,7695
32729,1850,45157
32730,1850,55631
32731,1759,62365
32732,1759,1079
32733,1759,38327
32734,1759,49726
32735,1759,45592
32736,1759,35595
32737,1759,58559
32738,1759,20257
32739,1759,31339
32740,1759,39270
32741,1759,38444
32742,1759,62372
32743,1759,44381
32744,1759,19942
32745,1759,3359
32746,1990,52776
