Book_ID,Title,Keyword,Snippet
37827,The Open Question: A Tale of Two Temperaments,anodyne,"despair-whitened features as she harangued her dingy followers. ""Not so early in the morning!"" Even when the lamps were lit there were places in Paris not so gay as this. To speak by the card, there were people everywhere, rich and poor, a good deal less pleased with the world than Val Gano. Ah yes! this was why she specially interested him. It was a satisfaction to have stumbled on the explanation, for she was surprisingly much in his thoughts, this untutored child, with her bland belief in the world and in Val Gano. She was a kind of pleasant anodyne to a mind over-full of misgiving, overcharged with fear of life's panther-like capacity for quick-leaping revenge. It was the first morning since Ethan's arrival that his uncle did not appear. No, he had not had a very good night, Mrs. Gano said, when at last she came in. She changed the conversation abruptly, and went up-stairs when the letters were brought, having scarcely tasted breakfast. French postmark! A letter from De Poincy; not very long, and not much news. He wrote chiefly to ask when Ethan was coming ""home"" to France. ""I am wondering if you had the courage to"
38689,The Turnstile,anodyne,"absolute silence, and in that second his voice rang out: ""My constituents----"" The roar which answered him showed him that once more his foresight had served him well. No other word of his was heard. But any other words would have spoiled the two which he had uttered. CHAPTER XVI WORDS OVER THE TELEPHONE The next two hours were for Rames of the tissue whence nightmares are woven. Rames was conscious that he made speeches and still more speeches and yet others on the top of those, until speech-making became a pain in the head for which there was no anodyne . He made them from windows--one at that very window where Taylor, the lily fingered democrat, had by a single sentence won immortality and certain defeat--he made them from tables in club-rooms which he no longer recognized; where men, packed tight as herrings, screamed incoherencies in a blaze of light and the atmosphere of a Turkish bath, or standing upon chairs beat him, as he passed beneath them, on the top of the head with their hats in the frenzy of their delight. For two hours Ludsey went stark mad and Harry Rames had reached exhaustion before a gigantic captain"
5610,The Cardinal's Snuff-Box,anodyne,"the perfectly conventional, the perfectly commonplace little document, of which the foregoing is a copy. The original is written in rather a small, concentrated hand, not overwhelmingly legible perhaps, but, as we say, “full of character,” on paper lightly blueish, in the prescribed corner of which a tiny ducal coronet is embossed, above the initials “B. S.” curiously interlaced in a cypher. When Peter received it, and (need I mention?) approached it to his face, he fancied he could detect just a trace, just the faintest reminder, of a perfume--something like an afterthought of orris. It was by no means anodyne . It was a breath, a whisper, vague, elusive, hinting of things exquisite, intimate of things intimately feminine, exquisitely personal. I don't know how many times he repeated that manoeuvre of conveying the letter to his face; but I do know that when I was privileged to inspect it, a few months later, the only perfume it retained was an unmistakable perfume of tobacco. I don't know, either, how many times he read it, searched it, as if secrets might lie perdu between the lines, as if his gaze could warm into evidence some sympathetic ink, or compel a cryptic"
62347,Twenty-Three Stories by Twenty and Three Authors,anodyne,"times of his most passionate love for Mary there began to invade him moments of bitter memory and regret. There was something which prevented the entire fusion with Mary towards which he yearned and ached. It was something deep in his soul. It was something which gnawed at his forearm, bit with teeth of contrition at the place where the axe had fallen and severed the hand from the wrist. He tried to put all this futility from him. He would seize Mary more closely, look desperately into her eyes, and in the perfume of her lips and hair seek anodyne . Between them there was a sufficient store of money, small though it was, to allow them a few months of liberty, undisturbed by any thought of the future. They wandered lazily about Greece for a little time, finding in the Greek day and the immemorial hills a perfect setting for their love. And yet ever more insistently came to him the call of the hand—the hand which had been his own and not his own, the hand which had united in so unique an embrace his brother with himself. Again at night voices tormented him. Again, when winds were"
6300,The Project Gutenberg Complete Works of Gilbert Parker,anodyne,"where he had placed it on his return from the Soudan. It was an evil spirit which sent this tiny phial to his hand at a moment when he had paid out of the full treasury of his strength and will its accumulated deposit, leaving him with a balance on which no heavy draft could be made. His pulse quickened, then his body stiffened with the effort at self-control. Who placed this evil elixir in his pocket? What any enemy of his work had done was nothing to what might be achieved by the secret foe, who had placed this anodyne within his reach at this the most critical moment of his life. He remembered the last time he had used it--in the desert: two days of forgetfulness to the world, when it all moved by him, the swarming Arabs, the train of camels, the loads of ivory, the slimy crocodile on the sandbanks, the vultures hovering above unburied carcasses, the kourbash descending on shining black shoulders, corrugating bare brown bodies into cloven skin and lacerated flesh, a fight between champions of two tribes who clasped and smote and struggled and rained blows, and, both mortally wounded, still writhed in last"
7052,Dr. Heidenhoff's Process,anodyne,"tendency in a particular direction. And that is why I say, if memory were abolished, constitutionally bad people would remain at their original and normal degree of badness, instead of going from bad to worse, as they always have done hitherto in the history of mankind. Memory is the principle of moral degeneration. Remembered sin is the most utterly diabolical influence in the universe. It invariably either debauches or martyrizes men and women, accordingly as it renders them desperate and hardened, or makes them a prey to undying grief and self-contempt. When I consider that more sin is the only anodyne for sin, and that the only way to cure the ache of conscience is to harden it, I marvel that even so many as do essay the bitter and hopeless way of repentance and reform. In the main, the pangs of conscience, so much vaunted by some, do most certainly drive ten deeper into sin where they bring one back to virtue."" ""But,"" remarked Henry, ""suppose there were no memory, and men did forget their acts, they would remain just as responsible for them as now."" ""Precisely; that is, not at all,"" replied the doctor. ""You don't mean to say"
7077,We Can't Have Everything: A Novel,anodyne,"any moment. He sat down to wait for her. The room, the books, the piano--all spoke of her lovingly and lovably. He went to the piano and found there the song she had played for him once in Newport--“Go, Lovely Rose!” He thought it a marvelous coincidence that it should be there on the rack. Like most coincidences, this was not hard to explain. It chanced to be there because Charity played it often. She was lonelier than Kedzie and almost as helpless to amuse herself. She read vastly, but the stories of other people's unhappy loves were a poor anodyne for her own. She thought incessantly of Jim Dyckman. Remembering the song she had played for him, and his bitter comment on the verse, “Tell her that wastes her time and me,” she hunted it out, and the plaintive chimes of Carpenter's music made a knell for her own hopes. She had played it this very afternoon and wrought herself to such sardonic regret that she forced herself into the open air. She walked a mile or two, but slunk back home again to be rid of the crowds. She was thinking of Dyckman when she entered her house. She"
7400,The Poetical Works of Oliver Wendell Holmes — Complete,anodyne,"hands that own a common heart! Each in its turn the others' willing slave, Each in its season strong to heal and save. Friendship's blind service, in the hour of need, Wipes the pale face, and lets the victim bleed. Science must stop to reason and explain; ART claps his finger on the streaming vein. But Art's brief memory fails the hand at last; Then SCIENCE lifts the flambeau of the past. When both their equal impotence deplore, When Learning sighs, and Skill can do no more, The tear of FRIENDSHIP pours its heavenly balm, And soothes the pang no anodyne may calm May 1, 1855. RIP VAN WINKLE, M. D. AN AFTER-DINNER PRESCRIPTION TAKEN BY THE MASSACHUSETTS MEDICAL SOCIETY, AT THEIR MEETING HELD MAY 25, 1870 CANTO FIRST OLD Rip Van Winkle had a grandson, Rip, Of the paternal block a genuine chip,-- A lazy, sleepy, curious kind of chap; He, like his grandsire, took a mighty nap, Whereof the story I propose to tell In two brief cantos, if you listen well. The times were hard when Rip to manhood grew; They always will be when there's work to do. He tried at farming,--found it rather slow,-- And then"
1182,Dope,black smoke,[Illustration] Dope By Sax Rohmer CONTENTS PART FIRST—KAZMAH THE DREAM-READER CHAPTER I. A MESSAGE FOR IRVIN CHAPTER II. THE APARTMENTS OF KAZMAH CHAPTER III. KAZMAH CHAPTER IV. THE CLOSED DOOR CHAPTER V. THE DOOR IS OPENED CHAPTER VI. RED KERRY CHAPTER VII. FURTHER EVIDENCE CHAPTER VIII. KERRY CONSULTS THE ORACLE CHAPTER IX. A PACKET OF CIGARETTES CHAPTER X. SIR LUCIEN’S STUDY WINDOW CHAPTER XI. THE DRUG SYNDICATE PART SECOND—MRS. SIN CHAPTER XII. THE MAID OF THE MASQUE CHAPTER XIII. A CHANDU PARTY CHAPTER XIV. IN THE SHADE OF THE LONELY PALM CHAPTER XV. METAMORPHOSIS CHAPTER XVI. LIMEHOUSE CHAPTER XVII. THE BLACK SMOKE CHAPTER XVIII. THE DREAM OF SIN SIN WA CHAPTER XIX. THE TRAFFIC CHAPTER XX. KAZMAH’S METHODS CHAPTER XXI. THE CIGARETTES FROM BUENOS AYRES CHAPTER XXII. THE STRANGLE-HOLD PART THIRD—THE MAN FROM WHITEHALL CHAPTER XXIII. CHIEF INSPECTOR KERRY RESIGNS CHAPTER XXIV. TO INTRODUCE 719 CHAPTER XXV. NIGHT-LIFE OF SOHO CHAPTER XXVI. THE MOODS OF MOLLIE CHAPTER XXVII. CROWN EVIDENCE CHAPTER XXVIII. THE GILDED JOSS CHAPTER XXIX. DOUBTS AND FEARS CHAPTER XXX. THE FIGHT IN THE DARK CHAPTER XXXI. THE STORY OF 719 CHAPTER XXXII. ON THE ISLE OF DOGS PART FOURTH—THE EYE OF SIN SIN WA CHAPTER XXXIII. CHINESE MAGIC CHAPTER
12581,Elbow-Room: A Novel Without a Plot,black smoke,"the roadside, as if they shunned isolation and wished to share in the life that often fills the highway in front of them. Farther down the houses become more companionable; they cling together in groups with the barest possibility of retaining their individuality, until at last the thoroughfare becomes a street wherein small shops do their traffic in quite a spirited sort of a way. Clear down at the foot of the hill, by the brink of the sweet and placid river, there are iron mills and factories and furnaces, whose chimneys in the daytime pour out huge columns of black smoke , and from which long tongues of crimson and bluish flame leap forth at night against the pitchy darkness of the sky. Here, as one whirls by in the train after nightfall, he may catch hurried glimpses of swarthy men, stripped to the waist, stirring the molten iron with their long levers or standing amid showers of sparks as the brilliant metal slips to and fro among the rollers that mould it into the forms of commerce. If upon a summer evening one shall rest amid the sweet air and the rustling trees upon the hill-top, he may hear coming"
18613,The Golden Scorpion,black smoke,"looked out from the artificially haggard face--eyes wide open and fearful. ""Bend not that beautiful body so,"" whispered Chunda Lal, ""that is straight and supple as the willow branch. O, Miska""--his voice trembled emotionally and he that had been but a moment since so fierce stood abashed before her--""for you I become as the meanest and the lowest; for you I die!"" Miska started back from him as a muffled outcry sounded in the room beyond the half-open door. Chunda Las started also, but almost immediately smiled--and his smile was tender as a woman's. ""It is the voice of the black smoke that speaks, Miska. We are alone. Those are dead men speaking from their tombs."" ""Ah-Fang-Fu is in the shop,"" whispered Miska. ""And there he remain."" ""But what of ... _him!""_ Miska pointed toward the eastern wall of the room in which they stood. Chunda Lal clenched his hands convulsively and turned his eyes in the same direction. ""It is of _him_,"" he replied in a voice of suppressed vehemence, ""it is of _him_ I would speak."" He bent close to Miska's ear. ""In the creek, below the house, is lying the motor-boat. I go to-day to bring it down for"
2763,The World's Desire,black smoke,"people stared and wondered, again the bowstring sang like a swallow, again the arrow screamed in its flight, and he who stood before it got his death, for the shield he bore was pinned to his breast. Then wonder turned to rage; the multitude rolled forward, and from either side the air grew dark with arrows. For the Guards at the sight of the shooting of the Wanderer found heart and fought well and manfully. Boldly also the slayers came on, and behind them pressed many a hundred men. The Wanderer’s golden helm flashed steadily, a beacon in the storm. Black smoke burst out in the hall, the hangings flamed and tossed in a wind from the open door. The lights were struck from the hands of the golden images, arrows stood thick in the tables and the rafters, a spear pierced through the golden cup of Pasht. But out of the darkness and smoke and dust, and the cry of battle, and through the rushing of the rain of spears, sang the swallow string of the black bow of Eurytus, and the long shafts shrieked as they sped on them who were ripe to die. In vain did the arrows of"
38670,For Jacinta,black smoke,"Wall-eye's hand."" He went out into the darkness, and Jefferson stood still, with his lips set tight, leaning on the table. He was, in some respects, a hard man, and his sojourn in Africa had not roused his gentler qualities, but just then he felt an unpleasant physical nausea creeping over him again. CHAPTER XXV HOVE OFF The rain came down in sheets, and the mangrove roots were hidden by the yellow flood, when Jefferson stood, dripping, on the _Cumbria_'s bridge. Her iron deck was level, the stumpy pole masts ran upright into the drifting mist, and a column of black smoke floated sluggishly from her rusty funnel. Dingy vapour also rose from the slender one of the locomotive boiler, and cables--hemp and wire and chain--stretched between the mangroves and the steamer's bow and stern. Jefferson, leaning heavily on the bridge rails, considered them each in turn. He shivered a little, though the rain was warm, and his wet face looked unusually gaunt and worn; but his eyes were intent and steady, for at last all was ready for the supreme effort of heaving the _Cumbria_ off. He looked down when Austin stopped at the foot of the ladder. His face and"
5400,Project Gutenberg Complete Works of Winston Churchill,black smoke,"green. Behind the tribes was the little group of hunting shirts, the men leaning on the barrels of their long rifles, indolent but watchful. Here and there a gay uniform of a Spanish or Creole officer, and behind these all the population of the village that dared to show itself. The ceremonies began with the kindling of the council fire,--a rite handed down through unknown centuries of Indian usage. By it nations had been made and unmade, broad lands passed, even as they now might pass. The yellow of its crackling flames was shamed by the summer sun, and the black smoke of it was wafted by the south wind over the forest. Then for three days the chiefs spoke, and a man listened, unmoved. The sound of these orations, wild and fearful to my boyish ear, comes back to me now. Yet there was a cadence in it, a music of notes now falling, now rising to a passion and intensity that thrilled us. Bad birds flying through the land (the British agents) had besought them to take up the bloody hatchet. They had sinned. They had listened to the lies which the bad birds had told of the Big Knives,"
61834,The City of Dreadful Night,black smoke,"Two or three men, blessed with uneasy consciences, have quietly slipped out of the coffee-shop into the mazes of the huts beyond. The Police laugh, and those nearest in the crowd laugh applausively, as in duty bound. Perhaps the rabbits grin uneasily when the ferret lands at the bottom of the burrow and begins to clear the warren. “The _chandoo_-shops shut up at six, so you’ll have to see opium-smoking before dark some day. No, you won’t, though.” The detective nose sniffs, and the detective body makes for a half-opened door of a hut whence floats the fragrance of the black smoke . Those of the inhabitants who are able to stand promptly clear out--they have no love for the Police--and there remain only four men lying down and one standing up. This latter has a pet mongoose coiled round his neck. He speaks English fluently. Yes, he has no fear. It was a private smoking party and--“No business to-night--show how you smoke opium.” “Aha! You want to see. Very good, I show. Hiya! you”--he kicks a man on the floor--“show how opium-smoking.” The kickee grunts lazily and turns on his elbow. The mongoose, always keeping to the man’s neck, erects every"
9608,The Cords of Vanity: A Comedy of Shirking,black smoke,"all one's clothes--that new organdie was a dream, and I had never worn it; but to find yourself in a dressing-gown--at daybreak, on a strange roof--and with an unintroduced lunatic--is positively terrible!"" The unintroduced lunatic rose to his feet and waved his hand toward the east. The dawn was breaking in angry scarlet and gold that spread like fire over half the visible horizon; the burning hotel shut out the remaining half with tall flames, which shouldered one another monotonously, and seemed lustreless against the pure radiance of the sky. Chill daylight showed in melting patches through the clouds of black smoke overhead. It was a world of fire, transfigured by the austere magnificence of dawn and the grim splendour of the shifting, roaring conflagration; and at our feet lay the orchard of the Councillor von Hollwig, and there the awakened birds piped querulously, and sparks fell crackling among apple-blossoms. ""Ilium is ablaze,"" I quoted; ""and the homes of Pergamos and its towering walls are now one sheet of flame."" She inspected the scene, critically. ""It does look like Ilium,"" she admitted. ""And that,"" peering over the eaves into the deserted by-street, ""looks like a milkman."" I was unable to deny this,"
1182,Dope,chandu,*** START OF THE PROJECT GUTENBERG EBOOK 1182 *** [Illustration] Dope By Sax Rohmer CONTENTS PART FIRST—KAZMAH THE DREAM-READER CHAPTER I. A MESSAGE FOR IRVIN CHAPTER II. THE APARTMENTS OF KAZMAH CHAPTER III. KAZMAH CHAPTER IV. THE CLOSED DOOR CHAPTER V. THE DOOR IS OPENED CHAPTER VI. RED KERRY CHAPTER VII. FURTHER EVIDENCE CHAPTER VIII. KERRY CONSULTS THE ORACLE CHAPTER IX. A PACKET OF CIGARETTES CHAPTER X. SIR LUCIEN’S STUDY WINDOW CHAPTER XI. THE DRUG SYNDICATE PART SECOND—MRS. SIN CHAPTER XII. THE MAID OF THE MASQUE CHAPTER XIII. A CHANDU PARTY CHAPTER XIV. IN THE SHADE OF THE LONELY PALM CHAPTER XV. METAMORPHOSIS CHAPTER XVI. LIMEHOUSE CHAPTER XVII. THE BLACK SMOKE CHAPTER XVIII. THE DREAM OF SIN SIN WA CHAPTER XIX. THE TRAFFIC CHAPTER XX. KAZMAH’S METHODS CHAPTER XXI. THE CIGARETTES FROM BUENOS AYRES CHAPTER XXII. THE STRANGLE-HOLD PART THIRD—THE MAN FROM WHITEHALL CHAPTER XXIII. CHIEF INSPECTOR KERRY RESIGNS CHAPTER XXIV. TO INTRODUCE 719 CHAPTER XXV. NIGHT-LIFE OF SOHO CHAPTER XXVI. THE MOODS OF MOLLIE CHAPTER XXVII. CROWN EVIDENCE CHAPTER XXVIII. THE GILDED JOSS CHAPTER XXIX. DOUBTS AND FEARS CHAPTER XXX. THE FIGHT IN THE DARK CHAPTER XXXI. THE STORY
1182,Dope,chandu,"took place shortly after Sir Lucien Pyne had proposed marriage to Rita. This proposal she had not rejected outright; she had pleaded time for consideration. Monte Irvin was away, and Rita secretly hoped that on his return he would declare himself. Meanwhile she indulged in every new craze which became fashionable among her associates. A _chandu_ party took place at the American’s flat in Duke Street, and Rita, who had been invited, and who had consented to go with Sir Lucien Pyne, met there for the first time the woman variously known as “Lola” and “Mrs. Sin.” CHAPTER XIII. A CHANDU PARTY From the restaurant at which she had had supper with Sir Lucien, Rita proceeded to Duke Street. Alighting from Pyne’s car at the door, they went up to the flat of the organizer of the opium party—Mr. Cyrus Kilfane. One other guest was already present—a slender, fair woman, who was introduced by the American as Mollie Gretna, but whose weakly pretty face Rita recognized as that of a notorious society divorcée, foremost in the van of every new craze, a past-mistress of the smartest vices. Kilfane had sallow, expressionless features and drooping, light-colored eyes. His straw-hued hair, brushed back"
2028,The Yellow Claw,chandu,"was addicted to drugs”... “Opium?” asked Soames, eagerly. Gianapolis smiled. “What an observant mind you have, Soames!” he said. “So you have perceived that these groves are sacred to our Lady of the Poppies? Well, in part that is true. Here, under the auspices of Mr. Ho-Pin, fretful society seeks the solace of the brass pipe; yes, Soames, that is true. Have you ever tried opium?” “Never!” declared Soames, with emphasis, “never!” “Well, it is a delight in store for you! But the reason of our existence as an institution, Soames, is not far to seek. Once the joys of Chandu become perceptible to the neophyte, a great need is felt--a crying need. One may drink opium or inject morphine; these, and other crude measures, may satisfy temporarily, but if one would enjoy the delights of that fairyland, of that enchanted realm which bountiful nature has concealed in the heart of the poppy, one must retire from the ken of goths and vandals who do not appreciate such exquisite delights; one must dedicate, not an hour snatched from grasping society, but successive days and nights to the goddess”... Soames, barely understanding this discourse, listened eagerly to every word of it, whilst"
62347,Twenty-Three Stories by Twenty and Three Authors,chandu,"joints shot jets of light and stealthy voices, and you could hear the whisper of slippered feet, and the stuttering steps of the satyr and the sadist. It was to the café in the middle of the Causeway, lit by the pallid blue light that is the symbol of China throughout the world, that Cheng Huan came, to take a dish of noodle and some tea. Thence he moved to another house whose stairs ran straight to the street, and above whose doorway a lamp glowed like an evil eye. At this establishment he mostly took his pipe of “ chandu ” and a brief chat with the keeper of the house, for, although not popular, and very silent, he liked sometimes to be in the presence of his compatriots. Like a figure of a shadowgraph he slid through the door and up the stairs. The chamber he entered was a bit of the Orient squatting at the portals of the West. It was a well-kept place where one might play a game of fan-tan, or take a shot or so of _li-un_, or purchase other varieties of Oriental delight. It was sunk in a purple dusk, though here and there"
63073,Limehouse Nights,chandu,"joints shot jets of light and stealthy voices, and you could hear the whisper of slippered feet, and the stuttering steps of the satyr and the sadist. It was to the café in the middle of the Causeway, lit by the pallid blue light that is the symbol of China throughout the world, that Cheng Huan came, to take a dish of noodle and some tea. Thence he moved to another house whose stairs ran straight to the street, and above whose doorway a lamp glowed like an evil eye. At this establishment he mostly took his pipe of “ chandu ” and a brief chat with the keeper of the house, for, although not popular, and very silent, he liked sometimes to be in the presence of his compatriots. Like a figure of a shadowgraph he slid through the door and up the stairs. The chamber he entered was a bit of the Orient squatting at the portals of the West. It was a well-kept place where one might play a game of fan-tan, or take a shot or so of _li-un_, or purchase other varieties of Oriental delight. It was sunk in a purple dusk, though here and there"
63073,Limehouse Nights,chandu,"he stood behind his counter, with the glorious-headed Gracie, nimble-fingered and deft of brain, at his side, he would smile blandly upon her and upon his customers; his hands, begemmed like a Hatton Garden Jew’s, folded across his stomach. He positively exuded prosperity, so that its waves seemed to beat upon you and set you tingling with that veneration which the very wisest of us feel toward material success. Everything of the best and latest was in his shop. There were dried sharks’ fins, pickled eggs, twenty years old, bitter melons, lychée fruits, dried chrysanthemum buds, tea, sweet cakes, “ chandu ” and its apparatus, betel nut, some bright keen knives, and an automatic cash register; while on the walls were Chinese prints, _The Police Budget_, strips of dried duck and fish, some culinary utensils, and three little black bottles of fire-extinguisher, with printed instructions for use, which showed that Kang Foo Ah was doing so well that he had insured his premises with a respectable fire insurance company. Oh—and, of course, there was Gracie Goodnight; perhaps the happiest touch which earned for Kang’s store the reputation of having always the best and the latest. The boys, yellow and white and"
2851,Sixes and Sevens,codein,"save time I diagnosed my case, touched my nose with my right forefinger, struck myself below the knee to make my foot kick, sounded my chest, stuck out my tongue, and asked him the price of cemetery lots in Pineville. He lit his pipe and looked at me for about three minutes. “Brother,” he said, after a while, “you are in a mighty bad way. There’s a chance for you to pull through, but it’s a mighty slim one.” “What can it be?” I asked eagerly. “I have taken arsenic and gold, phosphorus, exercise, nux vomica, hydrotherapeutic baths, rest, excitement, codein , and aromatic spirits of ammonia. Is there anything left in the pharmacopœia?” “Somewhere in these mountains,” said the doctor, “there’s a plant growing—a flowering plant that’ll cure you, and it’s about the only thing that will. It’s of a kind that’s as old as the world; but of late it’s powerful scarce and hard to find. You and I will have to hunt it up. I’m not engaged in active practice now: I’m getting along in years; but I’ll take your case. You’ll have to come every day in the afternoon and help me hunt for this plant till"
6201,Cumner's Son and Other South Sea Folk — Complete,dover’s powder,"called kava, which, when sufficiently masticated, they returned into a calabash, water being poured on the result. Meanwhile, the Prince, dreamily and ever so gently, was rolling some kind of weed between his fingers. About the time the maidens had finished, the Crown Prince’s cigarette was ready. A small calabash of the Result was handed to me, and the cigarette accompanied it. The Crown Prince sat directly opposite me, lit his own cigarette, and handed the matches. I distinctly remember the first half-dozen puffs of that cigarette, the first taste of kava it had the flavour of soft soap and Dover’s powder . I have smoked French-Canadian tobacco, I have puffed Mexican hair-lifters, but Heaven had preserved me till that hour from the cigarettes of a Crown Prince of Tonga. As I said, the pillars multiplied; the mats seemed rising from the floor; the maidens grew into a leering army of Amazons; but through it all the face of the Crown Prince never ceased to smile upon me gently. There were some incidents of that festival which I may have forgotten, for the consul said afterwards that I was with his Royal Highness about an hour and a half. The last thing"
1182,Dope,heroin,"the deeper shadows, then reclosed the water-gate and ascended to the room where Sir Lucien awaited. Such was the receiving office of Sin Sin Wa. While the wharf remained untenanted it was not likely to be discovered by the authorities, for even at low tide the river-door was invisible from passing craft. Prospective lessees who had taken the trouble to inquire about the rental had learned that it was so high as to be prohibitive. Sin Sin Wa paid fair prices and paid cash. This was no more than a commercial necessity. For those who have opium, cocaine, veronal, or heroin to sell can always find a ready market in London and elsewhere. But one sufficiently curious and clever enough to have solved the riddle of the vacant wharf would have discovered that the mysterious owner who showed himself so loath to accept reasonable offers for the property could well afford to be thus independent. Those who control “the traffic” control El Dorado—a city of gold which, unlike the fabled Manoa, actually exists and yields its riches to the unscrupulous adventurer. Smiling his mirthless, eternal smile, Sin Sin Wa placed the newly purchased stock upon a shelf immediately behind Sam Tûk;"
20919,The Status Civilization,heroin,"man asked. ""My name is Nomis J. Arkdragen, assistant manager in charge of nightside dreams."" ""I'd like to know something about what happens,"" Barrent said. ""How one gets dreams, what kind of dreams, all that sort of thing."" ""Of course,"" Arkdragen said. ""Our service is easily explained, Citizen--"" ""Barrent. Will Barrent."" Arkdragen nodded and checked a name from a list in front of him. He looked up and said, ""Our dreams are produced by the action of drugs upon the brain and the central nervous system. There are many drugs which produce the desired effect. Among the most useful are heroin , morphine, opium, coca, hemp, and peyote. All those are Earth products. Found only on Omega are Black Slipper, nace, manicee, tri-narcotine, djedalas, and the various products of the carmoid group. Any and all of these are dream-inducers."" ""I see,"" Barrent said. ""Then you sell drugs."" ""Not at all!"" Arkdragen said. ""Nothing so simple, nothing so crude. In ancient times on Earth, men administered drugs to themselves. The dreams which resulted were necessarily random in nature. You never knew what you would dream about, or for how long. You never knew if you would have a dream or a nightmare,"
33466,The Social Gangster,heroin,"to my laboratory the other day, Mr. Broadhurst,"" he said, ""you remarked that perhaps this case might be a little out of my line, but that I might find it sufficiently interesting. I can assure you that I have not only found it interesting, but astounding. I have seldom had the privilege of unraveling a mystery which was so cleverly rigged and in which there are so many cross-currents of human passion."" ""Then you think Lady Lee was doped?"" asked Broadhurst. ""Doped?"" interjected McGee quickly. ""Why, Mr. Broadhurst, you remember what the veterinary said. He couldn't find any signs of heroin or any other dope they use."" ""That's the devilish ingenuity of it all,"" shot out Kennedy suddenly, holding up a little beaker in which there was some colorless fluid. ""I am merely going to show you now what can be done by the use of one of the latest discoveries of physiological chemistry."" He took a syringe and, drawing back the plunger, filled it with the liquid. With a slight jab of cocaine to make the little operation absolutely painless, he injected the fluid into the livelier of our two guinea-pigs. ""While you and Murchie were absent the first day"
5073,The War Terror,heroin,"all, Walter,” he said as we swung aboard an uptown car, “I want to stop at the laboratory.” In his den, which had been the scene of so many triumphs, Kennedy began a hasty examination of the tablets, powdering one and testing it with one chemical after another. “What are they?” I asked at length when he seemed to have found the right reaction which gave him the clue. “Happy dust,” he answered briefly. “Happy dust?” I repeated, looking at him a moment in doubt as to whether he was joking or serious. “What is that?” “The Tenderloin name for heroin —a comparatively new derivative of morphine. It is really morphine treated with acetic acid which renders it more powerful than morphine alone.” “How do they take them? What’s the effect?” I asked. “The person who uses heroin usually powders the tablets and snuffs the powder up the nose,” he answered. “In a short time, perhaps only two or three weeks, one can become a confirmed victim of ‘happy dust.’ And while one is under its influence he is morally, physically and mentally irresponsible.” Kennedy was putting away the paraphernalia he had used, meanwhile talking about the drug. “One of the"
5150,The Ear in the Wall,heroin,"copied for him."" Kennedy had been carefully scrutinizing the sheet of paper as she told how she obtained it. ""It couldn't be better as far as our purposes are concerned,"" he congratulated. ""It seems to consist of some notes he had made and wished to preserve about drugs."" I leaned over and read: VERONAL.--Diethylmalonyl or diethylbarbituric acid. A hypnotic used extensively. White, crystalline, odourless, slightly bitter. Best in ten to fifteen grain cachets. Does not affect circulatory or respiratory systems or temperature. Toxicity low: 135 gr. taken with no serious result. Unreasonable use for insomnia, however, may lead to death. HEROIN .--Constant use of heroin has been known to lead to-- I looked inquiringly at Kennedy. ""Just some fragmentary notes which he had evidently been making. Rather interesting in themselves as showing perhaps something of his practice, but not necessarily incriminating."" While we were discussing the contents of the notes, Kennedy had laid over the typewritten sheet the rules and graduated strip of glass which he had used in examining the strange letter signed ""An Outcast."" A moment later he pulled the letter itself from a drawer and laid the two pieces of writing side by side, comparing them, going from"
5163,Guy Garrick,heroin,"only stare at the outfit before me, speechless. ""In Paris, where I got this,"" continued Garrick, ""they call these people who use it, 'endormeurs'--sleepmakers. That must have been what the Chief meant when he used that word. I knew it."" ""Sleepmakers,"" I repeated in horror at the very idea of such a thing being attempted on a young girl like Violet Winslow. ""Yes. The standard equipment of such a criminal consists of these little thin glass globes, a tiny glass hypodermic syringe with a sharp steel point, doped cigars and cigarettes. They use various derivatives of opium, like morphine and heroin , also codeine, dionin, narcein, ethyl chloride and bromide, nitrite of amyl, amylin,--and the skill that they have acquired in the manipulation of these powerful drugs stamps them as the most dangerous coterie of criminals in existence. Now,"" he concluded, ""doubt it or not, we have to deal with a man who is a proficient student of these sleepmakers. Who is he, where is he, and when will he strike?"" Garrick was now pacing excitedly up and down the room. ""You see,"" he added, ""the police of Europe by their new scientific methods are driving such criminals out of the"
53289,The Restless Sex,heroin,"continued to tint photographs and skate as long as she was able to be about; he loafed in front of theatres and hotels, with a quarter in change in his pockets, but always came back to meals. On sunny afternoons, when he felt well, he strolled about the residence section or reposed in his room waiting, probably, for Opportunity to knock and enter. But nothing came except the baby. About that time, too, both lungs being in bad condition, young Quest began those various and exhaustive experiments in narcotics, which sooner or later interest such men. And he finally discovered heroin . Finding it an agreeable road to hell, the symptomatic characteristics of an addict presently began to develop in him, and he induced his young wife to share the pleasures of his pharmaceutical discovery. They and their baby continued to encumber the apartment for a year or two before the old people died—of weariness perhaps, perhaps of old age—or grief—or some similar disease so fatal to the aged. Anyway, they died, and there remained nothing in the estate not subject to creditors. And, as tinted photographs had gone out of fashion even in Utica, and as the advent of moving"
58340,Tarr,heroin,"on tiptoe, in an ignominious spasm, the proceedings held up, friends and enemies watching. He kept his eyes off Kreisler as a man on board ship keeps his eyes off a dish of banana fritters or a poached egg. Kreisler, from twenty yards off, stared through his glasses at the group of people he had assembled, as though he had been examining the enemy through binoculars. Obediently, erect and still, he appeared rather amazed at what was occurring. Soltyk, in rear of the others, struggled with his bile. He slipped into his mouth a sedative tablet, oxide of bromium and heroin . This made him feel more sick. For a few moments he stood still in horror, expecting to vomit at every moment. The blood rushed to his head and covered the back of his neck with a warm liquid sheet. Kreisler’s look of surprise deepened. He had seen Soltyk slipping something into his mouth, and was puzzled and annoyed, like a child. What was he up to? Poison was the only guess he could give. What on earth⸺? Having taken part in many _mensurs_ he knew that for this very serious duel his emotions were hardly adequate. His nervous system"
11549,The Life and Letters of Elizabeth Prentiss,laudanum,"1849._ Dear little Eddy has found life altogether unkind thus far, and I have had many hours of heartache on his account but I hope he may weather the storm and come out safely yet. The doctor examined him all over yesterday, particularly his head, and said he could not make him out a _sick_ child, but that he thought his want of flesh owing partly to his sufferings but more to the great loss of sleep occasioned by his sufferings. Instead of sleeping twelve hours out of the twenty-four, he sleeps but about seven and that by means of laudanum . Isn't it a mercy that I have been able to bear so well the fatigue and care and anxiety of these four hard months? I feel that I have nothing to complain of, and a _great deal_ to be thankful for. On the whole, notwithstanding my grief about my dear mother's loss, and my perplexity and distress about baby, I have had as much real happiness this winter as it is possible for one to glean in such unfavorable circumstances. _By far_ the greatest trial I have to contend with, is that of losing all power to control my"
1182,Dope,laudanum,"surely,” said Rita, “one pipe of opium will not produce all these wonders.” “Some people never experience them at all,” interrupted Miss Gretna. “The great idea is to get into a comfortable position, and just resign yourself—let yourself go. Oh, it’s heavenly!” Cyrus Kilfane turned his dull eyes in Rita’s direction. “A question of temperament and adaptability,” he murmured. “De Quincey, Pyne”—slowly turning towards the baronet—“is didactic, of course; but his _Confessions_ may be true, nevertheless. He forgets, you see, that he possessed an unusual constitution, and the temperament of a Norwegian herring. He forgets, too, that he was a laudanum drinker, not an opium smoker. Now you, my daughter”—the lustreless eyes again sought Rita’s flushed face—“are vivid—intensely vital. If you can succeed in resigning yourself to the hypnosis induced your experiences will be delightful. Trust your Uncle Cy.” Leaving Rita chatting with Miss Gretna, Kilfane took Pyne aside, offering him a cigarette from an ornate, jewelled case. “Hello,” said the baronet, “can you still get these?” “With the utmost difficulty,” murmured Kilfane, returning the case to his pocket. “Lola charges me five guineas a hundred for them, and only supplies them as a favor. I shall be glad to get"
12581,Elbow-Room: A Novel Without a Plot,laudanum,"Polycarp fought the battle of Waterloo for the purpose of defeating the Saracens."" ""Not the Saracens, Maria; Lucy misunderstood--"" [Illustration: A NOVEL MOUSETRAP] ""Wilberforce, I wish you would hush! His general treatment of me was scandalous. He was constantly taking my teeth for the purpose of knocking around the spigot in the bath-tub at night when the baby wanted a drink, and only last week he took both sets after I had gone to bed, propped them apart, baited them with cheese, and caught two horrid mice before morning. I was so hurt by his behavior that I drank some laudanum for the purpose of committing suicide, and then Mr. Fogg borrowed a pump in at Knott's drug store and pumped me out twice in such a rude manner that I have felt hollow ever since."" ""I did it from kindness, Maria."" ""Don't talk of kindness to me, Wilberforce, after your conduct. And, colonel, one night last week, after I had retired, Mr. Fogg sat down in the room below and determined to see if it were true that a candle could be shot through a board from a gun. He dropped a lighted candle in his gun, and of course"
1646,Roads of Destiny,laudanum,"old _mortuis nisi bonum_. Look at Antietam and Bull Run and Seven Pines and around Nashville! There never was a battle where we didn't lick ye unless you was ten to our one. I knew you were a blame Yankee the minute I laid eyes on you.' ""'Don't reopen the chasm, Doc,' I begs him. 'Any Yankeeness I may have is geographical; and, as far as I am concerned, a Southerner is as good as a Filipino any day. I'm feeling to bad too argue. Let's have secession without misrepresentation, if you say so; but what I need is more laudanum and less Lundy's Lane. If you're mixing that compound gefloxide of gefloxicum for me, please fill my ears with it before you get around to the battle of Gettysburg, for there is a subject full of talk.' ""By this time Doc Millikin had thrown up a line of fortifications on square pieces of paper; and he says to me: 'Yank, take one of these powders every two hours. They won't kill you. I'll be around again about sundown to see if you're alive.' ""Old Doc's powders knocked the chagres. I stayed in San Juan, and got to knowing him better."
18572,The President: A Novel,laudanum,"in the corner of his eye, or on his lip, would have beaten the pistol. Ah, yes, the pistol!"" mused Inspector Val, taking the baby weapon in his hand; ""I suppose the storm drowned the report. Well, they're gone! Storri was asleep, and never knew what hit him; which, considering his record,--and I'm something of a judge,--was an easier fate than he had earned."" Inspector Val made a close examination of the room, rather from habit than any thought more deep, and straightway discovered the sleepy whisky. He put it to his nose as he had the tiny vial. "" Laudanum !"" he muttered; ""she had mapped it out in every detail. It was the sight of the _Zulu Queen_; she saw that he was about to desert her."" Inspector Val heaved a half-sigh, as even men most like chilled steel will when in the near company of death, and then, stiffening professionally, he called in Mr. Warmdollar, still weeping drunken tears at the stair's foot. ""I want, for your own sake,"" explained Inspector Val, ""to impress upon you the propriety of silence. These deaths will produce a sensation in both the State Department and the Russian legation. If word get"
2776,The Four Million,laudanum,"call you ‘Pete,’” says my master; and if I’d had five tails I couldn’t have done enough wagging to do justice to the occasion. THE LOVE-PHILTRE OF IKEY SCHOENSTEIN The Blue Light Drug Store is downtown, between the Bowery and First Avenue, where the distance between the two streets is the shortest. The Blue Light does not consider that pharmacy is a thing of bric-a-brac, scent and ice-cream soda. If you ask it for pain-killer it will not give you a bonbon. The Blue Light scorns the labour-saving arts of modern pharmacy. It macerates its opium and percolates its own laudanum and paregoric. To this day pills are made behind its tall prescription desk—pills rolled out on its own pill-tile, divided with a spatula, rolled with the finger and thumb, dusted with calcined magnesia and delivered in little round pasteboard pill-boxes. The store is on a corner about which coveys of ragged-plumed, hilarious children play and become candidates for the cough drops and soothing syrups that wait for them inside. Ikey Schoenstein was the night clerk of the Blue Light and the friend of his customers. Thus it is on the East Side, where the heart of pharmacy is not glacé."
6300,The Project Gutenberg Complete Works of Gilbert Parker,laudanum,"house, and taking the consequences; but, all the same, a sudden death like that all alone must have been dreadful. Please tell me, what was the verdict?"" ""Heart failure was the verdict; with regret for a promising life cut short, and sympathy with the relatives."" ""I never heard that he had heart trouble,"" was the meditative response. ""But--well, of course, it was heart failure. When the heart stops beating, there's heart failure. What a silly verdict!"" ""It sounded rather worse than silly,"" was Ian's comment. ""Did--did they cut him up, to see if he'd taken morphia, or an overdose of laudanum or veronal or something? I had a friend who died of taking quantities of veronal while you were abroad so long--a South American, she was."" He nodded. ""It was all quite in order. There were no signs of poison, they said, but the heart had had a shock of some kind. There had been what they called lesion, and all that kind of thing, and not sufficient strength for recovery."" ""I suppose Mr. Mappin wasn't present?"" she asked, curiously. ""I know it is silly in a way, but don't you remember how interested Mr. Fellowes was in that needle? Was"
7052,Dr. Heidenhoff's Process,laudanum,"its own way lay toward perdition. With a sudden impulse she dropped upon her knee, and seizing the hem of his coat pressed it to her lips, and then, before he could catch her, sprang away, and stood with one arm extended toward him, the palm turned outward, warning him not to touch her. Her eyes were marvellously softened with the tears that suffused them, and she said-- ""I thank you, Henry. You are very good. I did not think any man could be so good. Now I remember, you always were very good to me. It will make the laudanum taste much sweeter. No! no! don't! Pity my shame. Spare me that! Oh, don't!"" But he was stronger than she, and kissed her. It was the second time he had ever done it. Her eyes flashed angrily, but that was instantly past, and she fell upon a chair crying as if her heart would break, her hands dropping nervously by her sides; for this was that miserable, desolate sorrow which does not care to hide its flowing tears and wrung face. ""Oh, you might have spared me that! O God! was it not hard enough before?"" she sobbed. In his"
1182,Dope,morphine,"tiny bowl of one of the ivory pipes, having first held the bowl inverted for a moment over the lamp. She turned to Rita. “The guest of the evening,” she said. “Do not be afraid. Inhale—oh, so gentle—and blow the smoke from the nostrils. You know how to smoke?” “The same as a cigarette?” asked Rita excitedly, as Mrs. Sin bent over her. “The same, but very, very gentle.” Rita took the pipe and raised the mouthpiece to the lips. CHAPTER XIV. IN THE SHADE OF THE LONELY PALM Persian opium of good quality contains from ten to fifteen percent morphine , and _chandu_ made from opium of Yezd would contain perhaps twenty-five per cent of this potent drug; but because in the act of smoking distillation occurs, nothing like this quantity of morphine reaches the smoker. To the distilling process, also, may be due the different symptoms resulting from smoking _chandu_ and injecting morphia—or drinking tincture of opium, as De Quincey did. Rita found the flavor of the preparation to be not entirely unpleasant. Having overcome an initial aversion, caused by its marked medicinal tang, she grew reconciled to it and finished her first smoke without experiencing any other effect"
1646,Roads of Destiny,morphine,"him of the insignia of his rank, consisting of a pair of brass knuckles and a canteen of rum, and dragged him before a military court. The presiding general went through the usual legal formalities that sometimes cause a case to hang on the calendar of a South American military court as long as ten minutes. He asked me my age, and then sentenced me to be shot. ""They woke up the court interpreter, an American named Jenks, who was in the rum business and vice versa, and told him to translate the verdict. ""Jenks stretched himself and took a morphine tablet. ""'You've got to back up against th' 'dobe, old man,' says he to me. 'Three weeks, I believe, you get. Haven't got a chew of fine-cut on you, have you?' ""'Translate that again, with foot-notes and a glossary,' says I. 'I don't know whether I'm discharged, condemned, or handed over to the Gerry Society.' ""'Oh,' says Jenks, 'don't you understand? You're to be stood up against a 'dobe wall and shot in two or three weeks--three, I think, they said.' ""'Would you mind asking 'em which?' says I. 'A week don't amount to much after you're dead, but it"
2028,The Yellow Claw,morphine,"circumstances surprised him to a marked degree. We came in and I turned up the light in the lobby. Then Leroux, entering the study, turned up the light there, too. I entered next, followed by Mr. Exel--and we saw the body lying where you see it now.” “Who saw it first?” “Mr. Leroux; he drew my attention to it, saying that he had left her lying on the chesterfield and NOT upon the floor.” “You examined her?” “I did. She was dead, but still warm. She exhibited signs of recent illness, and of being addicted to some drug habit; probably morphine . This, beyond doubt, contributed to her death, but the direct cause was asphyxiation. She had been strangled!” “My God!” groaned Leroux, dropping his face into his hands. “You found marks on her throat?” “The marks were very slight. No great pressure was required in her weak condition.” “You did not move the body?” “Certainly not; a more complete examination must be made, of course. But I extracted a piece of torn paper from her clenched right hand.” Inspector Dunbar lowered his tufted brows. “I'm not glad to know you did that,” he said. “It should have been left.” “It"
2851,Sixes and Sevens,morphine,"going to take about four grains of quinine, if you don’t mind— I’m feeling all blue and shivery. Guess I’m taking cold.” “All right,” I called back. “The bottle is on the second shelf. Take it in a spoonful of that elixir of eucalyptus. It knocks the bitter out.” After I came back we sat by the fire and got our briars going. In about eight minutes Tom sank back into a gentle collapse. I went straight to the medicine cabinet and looked. “You unmitigated hayseed!” I growled. “See what money will do for a man’s brains!” There stood the morphine bottle with the stopple out, just as Tom had left it. I routed out another young M.D. who roomed on the floor above, and sent him for old Doctor Gales, two squares away. Tom Hopkins has too much money to be attended by rising young practitioners alone. When Gales came we put Tom through as expensive a course of treatment as the resources of the profession permit. After the more drastic remedies we gave him citrate of caffeine in frequent doses and strong coffee, and walked him up and down the floor between two of us. Old Gales pinched him"
31202,The Strange Cases of Dr. Stanchon,morphine,"all. It's for her they're taking the trip, to give her a change."" ""Now look here, Dr. Stanchon,"" I said, ""I'm here to tell you that I don't want any of your old dope cases, and I might just as well say so first as last. That last young man of yours was about all I wanted. He was a sweet creature, wasn't he?"" This probably sounds very fresh to you, but everybody knows me: I speak right out, and if you want me, you have to stand it! And the way I slaved over that boy, and he getting morphine from his valet right along--it was simply disgusting. ""It's nothing like that--nothing at all,"" said he; ""don't get so excited!"" ""Oh, very well,"" I said, ""then I suppose it's melancholia. Not for mine, if you please. Perhaps you remember that charming woman that jumped out of the window? I'm no clairvoyant, and that was enough for me, thank you."" ""You're getting saucy, Jessop,"" he said, ""but it's not melancholia. But you certainly had a hard time with that one."" And I should say I did. The foxy thing was as good as gold for three weeks, minded everything I said,"
5007,The Poisoned Pen,morphine,"I sometimes thought he enjoyed more keenly than any other in his relentless tracing down of a criminal. ""What was it that caused Miss Gilbert's death?"" asked Kennedy. ""The coroner's physician did not seem to be thoroughly satisfied with the theory of physical violence alone. Nor did I. Some one, I believe, exerted a peculiar force in order to get her into his power. What was that force? At first I thought it might have been the hackneyed knockout drops, but tests by the coroner's physician eliminated that. Then I thought it might be one of the alkaloids, such as morphine , cocaine, and others. But it was not any of the usual things that was used to entice her away from her family and friends. From tests that I have made I have discovered the one fact necessary to complete my case, the drug used to lure her and against which she fought in deadly struggle."" He placed a test tube in a rack before us. ""This tube,"" he continued, ""contains one of the most singular and, among us, least known of the five common narcotics of the world--tobacco, opium, coca, betel nut, and hemp. It can be smoked, chewed,"
5073,The War Terror,morphine,"we swung aboard an uptown car, “I want to stop at the laboratory.” In his den, which had been the scene of so many triumphs, Kennedy began a hasty examination of the tablets, powdering one and testing it with one chemical after another. “What are they?” I asked at length when he seemed to have found the right reaction which gave him the clue. “Happy dust,” he answered briefly. “Happy dust?” I repeated, looking at him a moment in doubt as to whether he was joking or serious. “What is that?” “The Tenderloin name for heroin—a comparatively new derivative of morphine . It is really morphine treated with acetic acid which renders it more powerful than morphine alone.” “How do they take them? What’s the effect?” I asked. “The person who uses heroin usually powders the tablets and snuffs the powder up the nose,” he answered. “In a short time, perhaps only two or three weeks, one can become a confirmed victim of ‘happy dust.’ And while one is under its influence he is morally, physically and mentally irresponsible.” Kennedy was putting away the paraphernalia he had used, meanwhile talking about the drug. “One of the worst aspects of it, too,”"
5163,Guy Garrick,morphine,"a needle or anything else."" He was holding up a little bottle in which was a thick, colorless syrup. ""And what is that?"" I asked, properly tamed and no longer disposed to be disputatious. ""Hyoscine."" ""Is it powerful?"" ""One one-hundredth of a grain of this strength, perhaps less, will render a person unconscious,"" replied Garrick. ""The first symptom is faintness; the pupils of the eyes dilate; speech is lost; vitality seems to be floating away, and the victim lapses into unconsciousness. It is derived from henbane, among ether things, and is a rapid, energetic alkaloid, more rapid than chloral and morphine . And, preceded by a whiff of kelene, not even the sensations I have described are remembered."" I could only stare at the outfit before me, speechless. ""In Paris, where I got this,"" continued Garrick, ""they call these people who use it, 'endormeurs'--sleepmakers. That must have been what the Chief meant when he used that word. I knew it."" ""Sleepmakers,"" I repeated in horror at the very idea of such a thing being attempted on a young girl like Violet Winslow. ""Yes. The standard equipment of such a criminal consists of these little thin glass globes, a tiny glass hypodermic"
12581,Elbow-Room: A Novel Without a Plot,narcotic,"time to ask if they felt that earthquake. The situation was too awful for words. Mr. Fogg regarded it for a minute with speechless indignation, and then, seizing a pillow, he went over to the sofa in the back sitting-room and lay down. He fell asleep in ten minutes without the assistance of the almanac, but he dreamed all night that he was being butted around the equator by a Cotswold ram, and he woke in the morning with a terrific headache and a conviction that sheep are good enough for wool and chops, but not worth anything as a narcotic . * * * * * Mr. Fogg has a strong tendency to exaggeration in conversation, and he gave a striking illustration of this in a story that he related one day when I called at his house. Fogg was telling me about an incident that occurred in a neighboring town a few days before, and this is the way he related it: ""You see old Bradley over here is perfectly crazy on the subject of gases and the atmosphere and such things--absolutely wild; and one day he was disputing with Green about how high up in the air life"
2277,Condensed Novels,narcotic,"towards her. ""Excuse me, but do you know what those berries are?"" He was pointing to the low bush filled with dark clusters of shining--suspiciously shining--fruit. ""Certainly; they are blueberries."" ""Pardon me; you are mistaken. They belong to quite another family."" Miss Impudence drew herself up to her full height (exactly three feet nine and a half inches), and, curling an eight of an inch of scarlet lip, said, scornfully. ""YOUR family, perhaps."" Faraday Little smiled in the superiority of boyhood over girlhood. ""I allude to the classification. That plant is the belladonna, or deadly nightshade. Its alkaloid is a narcotic poison."" Sauciness turned pale. ""I--have--just--eaten--some!"" And began to whimper. ""O dear, what shall I do?"" Then did it, i. e. wrung her small fingers and cried. ""Pardon me one moment."" Little passed his arm around her neck, and with his thumb opened widely the patrician-veined lids of her sweet blue eyes. ""Thank Heaven, there is yet no dilation of the pupil; it is not too late!"" He cast a rapid glance around. The nozzle and about three feet of garden hose lay near him. ""Open your mouth, quick!"" It was a pretty, kissable mouth. But young Little meant business. He"
37878,Life of Oliver Wendell Holmes,narcotic,"'remarkably intelligent audience' of a town in New York or Ohio from one in any New England town of similar size. Of course, if any principle of selection has come in, as in those special associations of young men which are common in cities, it deranges the uniformity of the assemblage. But let there be no such interfering circumstances, and one knows pretty well even the look the audience will have, before he goes in. Front seats, a few old folks--shiny-headed--slant up best ear toward the speaker--drop off asleep after a while, when the air begins to get a little narcotic with carbonic acid. Bright women's faces, young and middle-aged, a little behind these, but toward the front--(pick out the best, and lecture mainly to that). Here and there a countenance, sharp and scholarlike, and a dozen pretty female ones sprinkled about. An indefinite number of pairs of young people--happy, but not always very attentive. Boys in the background more or less quiet. Dull faces here, there--in how many places! I don't say dull _people_, but faces without a ray of sympathy or a movement of expression. They are what kill the lecturer. These negative faces with their vacuous eyes and"
39527,The Early Life and Adventures of Sylvia Scarlett,narcotic,"that word,"" Sylvia said. ""It means something that can't be said in words, doesn't it? Well, I've often had longings like that, especially in Hampstead, but no longings that had anything to do with going to church. How could they have, if they were ineffable?"" ""Quite true,"" Philip agreed. ""And therefore be grateful that you're a pagan. If ever a confounded priest gets hold of you and tries to bewitch you with his mumbo-jumbo, send for me and I'll settle him. No, no, going to church of one's own free will is either a drug (sometimes a stimulant, sometimes a narcotic ) or it's mere snobbery. In either case it is a futile waste of time, because there are so many problems in this world--you're one of the most urgent--that it's criminal to avoid their solution by speculating upon the problem of the next world, which is insoluble."" ""But is there another world?"" she asked. ""I don't think so."" ""And all those announcements in the cemetery meant nothing?"" ""Nothing but human vanity--the vanity of the dead and the vanity of the living."" ""Thanks,"" Sylvia said. ""I thought that was probably the explanation."" Mabel, who had long ago admitted that Philip was"
5054,The Dream Doctor,narcotic,"the decision of the Department of Agriculture that it was dangerous to health and conflicted with the pure food law. In France they call it the ‘scourge,’ the ‘plague,’ the ‘enemy,’ the ‘queen of poisons.’ Compared with other alcoholic beverages it has the greatest toxicity of all. There are laws against the stuff in France, Switzerland, and Belgium. It isn’t the alcohol alone, although there is from fifty to eighty per cent. in it, that makes it so deadly. It is the absinthe, the oil of wormwood, whose bitterness has passed into a proverb. The active principle absinthin is a narcotic poison. The stuff creates a habit most insidious and difficult to break, a longing more exacting than hunger. It is almost as fatal as cocaine in its blasting effects on mind and body. “Wormwood,” he pursued, still rummaging about, “has a special affinity for the brain-cells and the nervous system in general. It produces a special affliction of the mind, which might be called absinthism. Loss of will follows its use, brutishness, softening of the brain. It gives rise to the wildest hallucinations. Perhaps that was why our absintheur chose first to destroy or steal all things green, as if"
5163,Guy Garrick,narcotic,"peculiar about it. In the nose, which was steel-jacketed, were several little round depressions, just the least fraction of an inch in depth. ""It is no wonder Warrington was put out, even by that superficial wound,"" remarked Garrick at last. ""His assailant's aim may have been bad, as it must necessarily have been from one rapidly approaching car at a person in another rapidly moving car, also. But the motor bandit, whoever he is, provided against that. That bullet is what is known as an anesthetic bullet."" ""An anesthetic bullet?"" repeated both Dr. Mead and myself. ""What is that?"" ""A narcotic bullet,"" Garrick explained, ""a sleep-producing bullet, if you please, a sedative bullet that lulls its victim into almost instant slumber. It was invented quite recently by a Pittsburgh scientist. The anesthetic bullet provides the poor marksman with all the advantages of the expert gunman of unerring aim."" I marvelled at the ingenuity of the man who could figure out how to overcome the seeming impossibility of accurate shooting from a car racing at high speed. Surely, he must be a desperate fellow. While we were talking, the doctor's wife who had been attending Warrington until a nurse arrived, came to"
5261,Constance Dunlap,narcotic,"as she had threatened? She could not believe it. Nothing could have happened in such a short time to change her resolution about revenge. The recollection of all the stories she had read recently crossed her mind. Could it be a case of drugs? The girl had given no evidence of being a ""dope"" fiend. Perhaps some one had entered, after all. She thought of the so-called ""poisoned needle"" cases. Might she not have been spirited off in that way? Constance had doubted the stories. She knew that almost any doctor would say that it was impossible to inject a narcotic by a sudden jab of a hypodermic syringe. That was rather a slow, careful and deliberate operation, to be submitted to with patience. Yet Florence was gone! Suddenly it flashed over Constance that Drummond might not be seeking the reward primarily, after all. His first object might be shielding Preston. She recollected that Mr. Gibbons had said nothing about Drummond, either one way or the other. And if he were both shielding Preston and working for the reward, he would care little how much Florence suffered. He might be playing both ends to serve himself. She rang the elevator bell."
6300,The Project Gutenberg Complete Works of Gilbert Parker,narcotic,"that never closes, That widens to the seven gold gates of paradise.' 'O come, let us camp in the North Trail together, With the night-fires lit and the tent-pegs down.'"" Left alone, the man by the reedy lake stood watching them until they were out of view. The song came back to him, echoing across the waters: ""O come, let us camp on the North Trail together, With the night-fires lit and the tent-pegs down."" The sunset glow, the girl's presence, had given him a moment's illusion, had absorbed him for a moment, acting on his deadened nature like a narcotic at once soothing and stimulating. As some wild animal in a forgotten land, coming upon ruins of a vast civilisation, towers, temples, and palaces, in the golden glow of an Eastern evening, stands abashed and vaguely wondering, having neither reason to understand, nor feeling to enjoy, yet is arrested and abashed, so he stood. He had lived the last three years so much alone, had been cut off so completely from his kind--had lived so much alone. Yet to-night, at last, he would not be alone. Some one was coming to-night, some one whom he had not seen for a"
1365,The Complete Poetical Works of Henry Wadsworth Longfellow,nepenthe,"how its leaves are turned to the north, as true as the magnet; This is the compass-flower, that the finger of God has planted Here in the houseless wild, to direct the traveller's journey Over the sea-like, pathless, limitless waste of the desert. Such in the soul of man is faith. The blossoms of passion, Gay and luxuriant flowers, are brighter and fuller of fragrance, But they beguile us, and lead us astray, and their odor is deadly. Only this humble plant can guide us here, and hereafter Crown us with asphodel flowers, that are wet with the dews of nepenthe ."" So came the autumn, and passed, and the winter,--yet Gabriel came not; Blossomed the opening spring, and the notes of the robin and bluebird Sounded sweet upon wold and in wood, yet Gabriel came not. But on the breath of the summer winds a rumor was wafted Sweeter than song of bird, or hue or odor of blossom. Far to the north and east, it said, in the Michigan forests, Gabriel had his lodge by the banks of the Saginaw River, And, with returning guides, that sought the lakes of St. Lawrence, Saying a sad farewell, Evangeline went from"
2028,The Yellow Claw,nepenthe,"Mr. King fear from the officers of the law? How puny a thing was the law in comparison with the director of that secret, powerful, invulnerable organization whereof to-day he (Soames) formed an unit! Then, oddly, the old dormant cowardice of the man received a sudden spurring, and leaped into quickness. An evening paper lay upon the marble top of the table, and carelessly taking it up, Soames, hitherto lost in imaginings, was now reminded that for more than a week he had lain in ignorance of the world's doings. Good Heavens! how forgetful he had been! It was the nepenthe of the catacombs. He must make up for lost time and get in touch again with passing events: especially he must post himself up on the subject of... the murder.... The paper dropped from his hands, and, feeling himself blanch beneath his artificial tan, Soames, in his old furtive manner, glanced around the saloon to learn if he were watched. Apparently no one was taking the slightest notice of him, and, with an unsteady hand, he raised his glass and drained its contents. There, at the bottom of the page before him, was the cause of this sudden panic; a"
2039,Evangeline: A Tale of Acadie,nepenthe,"how its leaves all point to the north, as true as the magnet; This is the compass-flower, that the finger of God has suspended Here on its fragile stock, to direct the traveller's journey Over the sea-like, pathless, limitless waste of the desert. Such in the soul of man is faith. The blossoms of passion, Gay and luxuriant flowers, are brighter and fuller of fragrance, But they beguile us, and lead us astray, and their odor is deadly. Only this humble plant can guide us here, and hereafter Crown us with asphodel flowers, that are wet with the dews of nepenthe ."" So came the autumn, and passed, and the winter,--yet Gabriel came not; Blossomed the opening spring, and the notes of the robin and bluebird Sounded sweet upon wold and in wood, yet Gabriel came not. But on the breath of the summer winds a rumor was wafted Sweeter than song of bird, or hue or odor of blossom. Far to the north and east, it said, in the Michigan forests, Gabriel had his lodge by the banks of the Saginaw river. And, with returning guides, that sought the lakes of St. Lawrence, Saying a sad farewell, Evangeline went from"
2141,Strictly Business: More Stories of the Four Million,nepenthe,"corn. Not a nubbin. Jacob, whose nose was a divining-rod, told him there was a vein of coal beneath. He bought the land from the miner for $125 and sold it a month afterward for $10,000. Luckily the miner had enough left of his sale money to drink himself into a black coat opening in the back, as soon as he heard the news. And so, for forty years afterward, we find Jacob illuminated with the sudden thought that if he could make restitution of this sum of money to the heirs or assigns of the unlucky miner, respite and Nepenthe might be his. And now must come swift action, for we have here some four thousand words and not a tear shed and never a pistol, joke, safe, nor bottle cracked. Old Jacob hired a dozen private detectives to find the heirs, if any existed, of the old miner, Hugh McLeod. Get the point? Of course I know as well as you do that Thomas is going to be the heir. I might have concealed the name; but why always hold back your mystery till the end? I say, let it come near the middle so people can stop reading"
2763,The World's Desire,nepenthe,"come back to thee, and before the setting of the new sun thou shalt be sailing on the path to The World’s Desire. But first drink from the chalice on my altar. Fare thee well!” The voice died into silence, like the dying of music. The Wanderer awoke and lifted his head, but the light had faded, and the temple was grey in the first waking of the dawn. Yet there, on the altar where no cup had been, stood a deep chalice of gold, full of red wine to the brim. This the Wanderer lifted and drained—a draught of Nepenthe , the magic cup that puts trouble out of mind. As he drank, a wave of sweet hope went over his heart, and buried far below it the sorrow of remembrance, and the trouble of the past, and the longing desire for loves that were no more. With a light step he went forth like a younger man, taking the two spears in his hand, and the bow upon his back, and he lay down beneath a great rock that looked toward the deep, and there he slept. CHAPTER III. THE SLAYING OF THE SIDONIANS Morning broke in the East."
3030,The tavern knight,nepenthe,"by my recklessness even as at other seasons I distinguished myself by my debaucheries. “Ah, Kenneth, you have been hard upon me for my vices, for my abuses of the cup, and all the rest. But can you be hard upon me still, knowing what I had suffered, and what a weight of misery I bore with me? I, whose life was wrecked beyond salvation; who only lived that I might slit the throats of those that had so irreparably wronged me. Think you still that it was so vicious a thing, so unpardonable an offence to seek the blessed nepenthe of the wine-cup, the heavenly forgetfulness that its abuses brought me? Is it strange that I became known as the wildest tantivy boy that rode with the King? What else had I?” “In all truth your trials were sore,” said the lad in a voice that contained a note of sympathy. And yet there was a certain restraint that caught the Tavern Knight's ear. He turned his head and bent his eyes in the lad's direction, but it was quite dark by now, and he failed to make out his companion's face. “My tale is told, Kenneth. The rest you"
37878,Life of Oliver Wendell Holmes,nepenthe,"oft, when fitful memory would return To find some fragment in her broken urn, Would wake to life some long-forgotten hour, And lead his thought to Pisa's terraced tower, Or trace in light before his rayless eye The dome-crowned Pantheon printed on the sky; Then while the view his ravished soul absorbs And lends a glitter to the sightless orbs, The patient watcher feels the stillness stirred By the faint murmur of some classic word, Or the long roll of Harold's lofty rhyme, ""Simple, erect, severe, austere, sublime,""-- Such were the dreams that soothed his couch of pain, The sweet nepenthe of the worn-out brain. Brothers in art, who live for others' needs In duty's bondage, mercy's gracious deeds, Of all who toil beneath the circling sun Whose evening rest than yours more fairly won? Though many a cloud your struggling morn obscures, What sunset brings a brighter sky than yours? I, who your labors for a while have shared, New tasks have sought, with new companions fared, For Nature's servant far too often seen A loiterer by the waves of Hippocrene; Yet round the earlier friendship twines the new; My footsteps wander, but my heart is true, Nor e'er forgets"
5073,The War Terror,nepenthe,"first visit had been so quiet and unostentatious that the second attracted no attention or comment from the waiters, or anyone else. As we sat down we glanced over, and there in his corner still was Whitecap. Apparently his supply of the dope was inexhaustible, for he was still dispensing it. As we watched the tenderloin habitues come and go, I came soon to recognize the signs by the mere look on the face—the pasty skin, the vacant eye, the nervous quiver of the muscles as though every organ and every nerve were crying out for more of the favorite nepenthe . Time and again I noticed the victims as they sat at the tables, growing more and more haggard and worn, until they could stand it no longer. Then they would retire, sometimes after a visit across the floor to Whitecap, more often directly, for they had stocked themselves up with the drug evidently after the first visit to him. But always they would come back, changed in appearance, with what seemed to be a new lease of life, but nevertheless still as recognizable as drug victims. It was not long, as we waited, before another woman, older than Miss"
1182,Dope,opium,"again. He stood on the tiger-skin rug before the fender, watching his cousin and smoking furiously. “Firstly, then,” continued Margaret, “please throw that cigarette in the fire, Quentin.” Gray removed the cigarette from between his lips, and stared at it dazedly. He looked at the girl, and the clear grey eyes were watching him with an inscrutable expression. “Right-o!” he said awkwardly, and tossed the cigarette in the fire. “You used to smoke like a furnace, Margaret. Is this some new ‘cult’?” “I still smoke a great deal more than is good for me,” she confessed, “but I don’t smoke opium .” The effect of these words upon the two men who listened was curious. Gray turned an angry glance upon the brown packet lying on the table, and “Faugh!” he exclaimed, and drawing a handkerchief from his sleeve began disgustedly to wipe his lips. Seton stared hard at the speaker, tossed his cheroot into the fire, and taking up the packet withdrew a cigarette and sniffed at it critically. Margaret watched him. He tore the wrapping off, and tasted a strand of the tobacco. “Good heavens!” he whispered. “Gray, these things are doped!” CHAPTER X. SIR LUCIEN’S STUDY WINDOW Old"
18613,The Golden Scorpion,opium,"at Night"" XI The Blue Ray Part II STATEMENT OF M. GASTON MAX I. THE DANCER OF MONTMARTRE I Zara el-Khala II Concerning the Grand Duke III A Strange Question IV The Fight in the Cafe II. ""LE BALAFRE"" I I Become Charles Malet II Baiting the Trap III Disappearance of Charles Malet IV I Meet an Old Acquaintance V Conclusion of Statement Part III AT THE HOUSE OF AH-FANG-FU I The Brain Thieves II The Red Circle III Miska's Story IV Miska's Story (concluded) V The Heart of Chunda Lal VI The Man with the Scar VII In the Opium Den VIII The Green-Eyed Joss Part IV THE LAIR OF THE SCORPION I The Sublime Order II The Living Death III The Fifth Secret of Rache Churan IV The Guile of the East V What Happened to Stuart VI ""Jey Bhowani!"" VII The Way of the Scorpion Part I THE COWLED MAN CHAPTER I THE SHADOW OF A COWL Keppel Stuart, M.D., F. R. S., awoke with a start and discovered himself to be bathed in cold perspiration. The moonlight shone in at his window, but did not touch the bed, therefore his awakening could not be due to this"
2028,The Yellow Claw,opium,"CIVET FURS II MIDNIGHT--AND MR. KING III INSPECTOR DUNBAR TAKES CHARGE IV A WINDOW IS OPENED V DOCTORS DIFFER VI AT SCOTLAND YARD VII THE MAN IN THE LIMOUSINE VIII CABMEN TWO IX THE MAN IN BLACK X THE GREAT UNDERSTANDING XI PRESENTING M. GASTON MAX XII MR. GIANAPOLIS XIII THE DRAFT ON PARIS XIV EAST 18642 XV CAVE OF THE GOLDEN DRAGON XVI HO-PIN'S CATACOMBS XVII KAN-SUH CONCESSIONS XVIII THE WORLD ABOVE XIX THE LIVING DEAD XX ABRAHAM LEVINSKY BUTTS IN XXI THE STUDIO IN SOHO XXII M. MAX MOUNTS CAGLIOSTRO'S STAIRCASE XXIII RAID IN THE RUE ST.-CLAUDE XXIV OPIUM XXV FATE'S SHUTTLECOCK XXVI “OUR LADY OF THE POPPIES” XXVII GROVE OF A MILLION APES XXVIII THE OPIUM AGENT XXIX M. MAX OF LONDON AND M. MAX OF PARIS XXX MAHARA XXXI MUSK AND ROSES XXXII BLUE BLINDS XXXIII LOGIC VS. INTUITION XXXIV M. MAX REPORTS PROGRESS XXXV TRACKER TRACKED XXXVI IN DUNBAR'S ROOM XXXVII THE WHISTLE XXXVIII THE SECRET TRAPS XXXIX THE LABYRINTH XL DAWN AT THE NORE XLI WESTMINSTER--MIDNIGHT THE YELLOW CLAW I THE LADY OF THE CIVET FURS Henry Leroux wrote busily on. The light of the table-lamp, softened and enriched by its mosaic shade, gave an"
5007,The Poisoned Pen,opium,"I thought it might be one of the alkaloids, such as morphine, cocaine, and others. But it was not any of the usual things that was used to entice her away from her family and friends. From tests that I have made I have discovered the one fact necessary to complete my case, the drug used to lure her and against which she fought in deadly struggle."" He placed a test tube in a rack before us. ""This tube,"" he continued, ""contains one of the most singular and, among us, least known of the five common narcotics of the world--tobacco, opium , coca, betel nut, and hemp. It can be smoked, chewed, used as a drink, or taken as a confection. In the form of a powder it is used by the narghile smoker. As a liquid it can be taken as an oily fluid or in alcohol. Taken in any of these forms, it literally makes the nerves walk, dance, and run. It heightens the feelings and sensibilities to distraction, producing what is really hysteria. If the weather is clear, this drug will make life gorgeous; if it rains, tragic. Slight vexation becomes deadly revenge; courage becomes rashness; fear, abject"
61834,The City of Dreadful Night,opium,"Vice’s dress, defaced, stamped tinsel faithfully reduplicates the pattern on the tawdry robes of the _kunchenee_. So you see, if one cares to moralize, they are sisters of the same class. Two or three men, blessed with uneasy consciences, have quietly slipped out of the coffee-shop into the mazes of the huts beyond. The Police laugh, and those nearest in the crowd laugh applausively, as in duty bound. Perhaps the rabbits grin uneasily when the ferret lands at the bottom of the burrow and begins to clear the warren. “The _chandoo_-shops shut up at six, so you’ll have to see opium -smoking before dark some day. No, you won’t, though.” The detective nose sniffs, and the detective body makes for a half-opened door of a hut whence floats the fragrance of the black smoke. Those of the inhabitants who are able to stand promptly clear out--they have no love for the Police--and there remain only four men lying down and one standing up. This latter has a pet mongoose coiled round his neck. He speaks English fluently. Yes, he has no fear. It was a private smoking party and--“No business to-night--show how you smoke opium.” “Aha! You want to see. Very"
6201,Cumner's Son and Other South Sea Folk — Complete,opium,"wasn’t a man but had a kind thought for him as he left, and there was rain in the eyes of more than one A.B. Well, from that day he disappeared, and no one has seen him since. God knows where he is; but I was thinking, as I looked out there to the setting sun, that his wild spirit would naturally turn to the South, for civilised places had no charm for him.” “I never knew quite why he had to leave the Navy.” “He opened fire on a French frigate off Tahiti which was boring holes in an opium smuggler.” Mostyn laughed. “Of course; and how like Ted it was--an instinct to side with the weakest.” “Yes, coupled with the fact that the Frenchman’s act was mere brutality, and had not sufficient motive or justification. So Ted pitched into him.” “Did the smuggler fly the British flag?” “No, the American; and it was only the intervention of the United States which prevented serious international trouble. Out of the affair came Ted a shipwreck.” “Have you never got on his track?” “Once I thought I had at Singapore, but nothing came of it. No doubt he changed his name. He"
62347,Twenty-Three Stories by Twenty and Three Authors,opium,"realise it. He had never been able to understand why he was unpopular; and he died without knowing. But a poet he was, tinged with the materialism of his race, and in his poor listening heart strange echoes would awake of which he himself was barely conscious. He regarded things differently from other sailors; he felt things more passionately, and things which they felt not at all; so he lived alone instead of at one of the lodging-houses. Every evening he would sit at his window and watch the street. Then, a little later, he would take a jolt of opium at the place at the corner of Formosa Street. He had come to London by devious ways. He had loafed on the Bund at Shanghai. The fateful intervention of a crimp had landed him on a boat. He got to Cardiff, and sojourned in its Chinatown; thence to Liverpool, to Glasgow; thence, by a ticket from the Asiatics’ Aid Society, to Limehouse, where he remained for two reasons—because it cost him nothing to live there, and because he was too lazy to find a boat to take him back to Shanghai. So he would lounge and smoke cheap cigarettes, and"
63073,Limehouse Nights,opium,"realise it. He had never been able to understand why he was unpopular; and he died without knowing. But a poet he was, tinged with the materialism of his race, and in his poor listening heart strange echoes would awake of which he himself was barely conscious. He regarded things differently from other sailors; he felt things more passionately, and things which they felt not at all; so he lived alone instead of at one of the lodging-houses. Every evening he would sit at his window and watch the street. Then, a little later, he would take a jolt of opium at the place at the corner of Formosa Street. He had come to London by devious ways. He had loafed on the Bund at Shanghai. The fateful intervention of a crimp had landed him on a boat. He got to Cardiff, and sojourned in its Chinatown; thence to Liverpool, to Glasgow; thence, by a ticket from the Asiatics’ Aid Society, to Limehouse, where he remained for two reasons—because it cost him nothing to live there, and because he was too lazy to find a boat to take him back to Shanghai. So he would lounge and smoke cheap cigarettes, and"
1646,Roads of Destiny,paregoric,"park, driven by hunger, he had committed an onslaught upon a bottle of peptonized infant's food in the possession of an occupant of a baby carriage. The outraged infant had so promptly opened its mouth and pressed the button that communicated with the welkin that help arrived, and Chicken did his thirty days in a snug coop. Wherefore he was, as he said, ""leary of kids."" Beginning artfully to question the boy concerning his choice of sweets, he gradually drew out the information he wanted. Mamma said he was to ask the drug store man for ten cents' worth of paregoric in the bottle; he was to keep his hand shut tight over the dollar; he must not stop to talk to anyone in the street; he must ask the drug-store man to wrap up the change and put it in the pocket of his trousers. Indeed, they had pockets--two of them! And he liked chocolate creams best. Chicken went into the store and turned plunger. He invested his entire capital in C.A.N.D.Y. stocks, simply to pave the way to the greater risk following. He gave the sweets to the youngster, and had the satisfaction of perceiving that confidence was established."
2141,Strictly Business: More Stories of the Four Million,paregoric,"butter. “You are a concentrated, effete, unconditional, short-sleeved, gotch-eared Miss Sally Walker. God made you perpendicular and suitable to ride straddle and use cuss words in the original. Wherefore you have suffered his handiwork to elapse by removing yourself to New York and putting on little shoes tied with strings, and making faces when you talk. I’ve seen you rope and tie a steer in 42½. If you was to see one now you’d write to the Police Commissioner about it. And these flapdoodle drinks that you inoculate your system with—these little essences of cowslip with acorns in ’em, and paregoric flip—they ain’t anyways in assent with the cordiality of manhood. I hate to see you this way.” “Well, Mr. Greenbrier,” said Merritt, with apology in his tone, “in a way you are right. Sometimes I do feel like I was being raised on the bottle. But, I tell you, New York is comfortable—comfortable. There’s something about it—the sights and the crowds, and the way it changes every day, and the very air of it that seems to tie a one-mile-long stake rope around a man’s neck, with the other end fastened somewhere about Thirty-fourth Street. I don’t know what it"
2277,Condensed Novels,paregoric,"the circulating libraries, innocent girls don't know into what society they might be obliged to take situations. Never saw missus' marriage certificate, though I have quite accidental-like looked in her desk when open, and would have seen it. Do not know of any lovers missus might have had. Believe she had a liking for John Thomas, footman, for she was always spiteful-like--poor lady--when we were together--though there was nothing between us, as Cook well knows, and dare not deny, and missus needn't have been jealous. Have never seen arsenic or Prussian acid in any of the private drawers--but have seen paregoric and camphor. One of my master's friends was a Count Moscow, a Russian papist--which I detested. CHAPTER II. THE SLIM YOUNG MAN'S STORY. I am by profession a reporter, and writer for the press. I live at Pultneyville. I have always had a passion for the marvellous, and have been distinguished for my facility in tracing out mysteries, and solving enigmatical occurrences. On the night of the 17th June, 1845, I left my office and walked homeward. The night was bright and starlight. I was revolving in my mind the words of a singular item I had just read in"
2776,The Four Million,paregoric,"‘Pete,’” says my master; and if I’d had five tails I couldn’t have done enough wagging to do justice to the occasion. THE LOVE-PHILTRE OF IKEY SCHOENSTEIN The Blue Light Drug Store is downtown, between the Bowery and First Avenue, where the distance between the two streets is the shortest. The Blue Light does not consider that pharmacy is a thing of bric-a-brac, scent and ice-cream soda. If you ask it for pain-killer it will not give you a bonbon. The Blue Light scorns the labour-saving arts of modern pharmacy. It macerates its opium and percolates its own laudanum and paregoric . To this day pills are made behind its tall prescription desk—pills rolled out on its own pill-tile, divided with a spatula, rolled with the finger and thumb, dusted with calcined magnesia and delivered in little round pasteboard pill-boxes. The store is on a corner about which coveys of ragged-plumed, hilarious children play and become candidates for the cough drops and soothing syrups that wait for them inside. Ikey Schoenstein was the night clerk of the Blue Light and the friend of his customers. Thus it is on the East Side, where the heart of pharmacy is not glacé. There,"
2788,Little Men: Life at Plumfield With Jo's Boys,paregoric,"how the poor boys got on. Demi had escaped with one burn and a grand scare, but Tommy had not only most of his hair scorched off his head, but a great burn on his arm, that made him half crazy with the pain. Demi was soon made cosy, and Franz took him away to his own bed, where the kind lad soothed his fright and hummed him to sleep as cosily as a woman. Nursey watched over poor Tommy all night, trying to ease his misery, and Mrs. Bhaer vibrated between him and little Teddy with oil and cotton, paregoric and squills, saying to herself from time to time, as if she found great amusement in the thought, “I always knew Tommy would set the house on fire, and now he has done it!” When Mr. Bhaer got home next morning he found a nice state of things. Tommy in bed, Teddy wheezing like a little grampus, Mrs. Jo quite used up, and the whole flock of boys so excited that they all talked at once, and almost dragged him by main force to view the ruins. Under his quiet management things soon fell into order, for every one felt"
423,Round the Red Lamp: Being Facts and Fancies of Medical Life,paregoric,"my toobes--a deal o' trouble. You wouldn't think the job it is to cut the phlegm. And I need my rations. I gets cold without 'em. And the flies! I ain't strong enough to fight against them."" ""How's the memory?"" asked the colonel. ""Oh, there ain't nothing amiss there. Why, sir, I could give you the name of every man in Captain Haldane's flank company."" ""And the battle--you remember it?"" ""Why, I sees it all afore me every time I shuts my eyes. Lordy, sir, you wouldn't hardly believe how clear it is to me. There's our line from the paregoric bottle right along to the snuff box. D'ye see? Well, then, the pill box is for Hougoumont on the right--where we was--and Norah's thimble for La Haye Sainte. There it is, all right, sir; and here were our guns, and here behind the reserves and the Belgians. Ach, them Belgians!"" He spat furiously into the fire. ""Then here's the French, where my pipe lies; and over here, where I put my baccy pouch, was the Proosians a-comin' up on our left flank. Jimini, but it was a glad sight to see the smoke of their guns!"" ""And what was it"
4281,Helen's Babies,paregoric,"Toddie; ""I likes black medshin awfoo muts."" ""What do you make it of?"" I asked, with some sympathy, and tracing parental influence again. When Helen and I were children we spent hours in soaking liquorice in water and administering it as medicine. ""Makesh it out of shoda mitsture,"" said Toddie. This was another medicine of our childhood days, but one prepared according to physician's prescription, and not beneficial when taken ad libitum. As I took the vial--a two-ounce one--I asked:-- ""How much did you take, Toddie?"" ""Took whole bottoo full--twas nysh,"" said he. Suddenly the label caught my eye--it read PAREGORIC . In a second I had snatched a shawl, wrapped Toddie in it, tucked him under my arm, and was on my way to the barn. In a moment more I was on one of the horses and galloping furiously to the village, with Toddie under one arm, his yellow curls streaming in the breeze. People came out and stared as they did at John Gilpin, while one old farmer whom I met turned his team about, whipped up furiously, and followed me, shouting ""Stop thief!"" I afterward learned that he took me to be one of the abductors of"
4519,The Descent of Man and Other Stories,paregoric,"of opposition. ""It's cruel to call her Jane,"" Mrs. Lethbury pleaded. ""It's ridiculous to call her Muriel."" ""The nurse is _sure_ she must be a lady's child."" Lethbury winced: he had tried, all along, to keep his mind off the question of antecedents. ""Well, let her prove it,"" he said, with a rising sense of exasperation. He wondered how he could ever have allowed himself to be drawn into such a ridiculous business; for the first time he felt the full irony of it. He had visions of coming home in the afternoon to a house smelling of linseed and paregoric , and of being greeted by a chronic howl as he went up stairs to dress for dinner. He had never been a club-man, but he saw himself becoming one now. The worst of his anticipations were unfulfilled. The baby was surprisingly well and surprisingly quiet. Such infantile remedies as she absorbed were not potent enough to be perceived beyond the nursery; and when Lethbury could be induced to enter that sanctuary, there was nothing to jar his nerves in the mild pink presence of his adopted daughter. Jars there were, indeed: they were probably inevitable in the disturbed routine"
1182,Dope,poppy,"soon as her salary had rendered her sufficiently independent to do so, and had established herself in a small but elegant flat situated in the heart of theatreland. But if she had walked blindly into the clutches of cocaine and veronal, her subsequent experiments with _chandu_ were prompted by indefensible curiosity, and a false vanity which urged her to do everything that was “done” by the ultra-smart and vicious set of which she had become a member. Her first introduction to opium-smoking was made under the auspices of an American comedian then appearing in London, an old devotee of the poppy , and it took place shortly after Sir Lucien Pyne had proposed marriage to Rita. This proposal she had not rejected outright; she had pleaded time for consideration. Monte Irvin was away, and Rita secretly hoped that on his return he would declare himself. Meanwhile she indulged in every new craze which became fashionable among her associates. A _chandu_ party took place at the American’s flat in Duke Street, and Rita, who had been invited, and who had consented to go with Sir Lucien Pyne, met there for the first time the woman variously known as “Lola” and “Mrs. Sin.”"
18572,The President: A Novel,poppy,"out. Before all was done he might require men; but of the sort one controls like slaves. There was one need that must be supplied, however; Storri must have money. Stimulated with the necessities that pricked him, Storri bethought himself of the Chinese Concession. That precious document was in his possession; the osprey pool had not been granted its custody. Storri carried the saffron silk to a rich and avaricious man; he asked the loan of fifty thousand dollars, and offered interest steeple-high. The man of wealth and avarice was deeply affected; he, like the others, sent for the brocaded, poppy -scented Mongol. The poppy Mongol came, salaamed, translated, and went his way. Then the one of gold and avarice counted down the fifty thousand, and locked up the yellow silk with Storri's note for ninety days in his safe. Being strengthened with those fifty thousand dollars, Storri sought an ancient surveyor. Did the ancient one possess an accurate map of Washington?--a map that showed every public building and park and street-railway and water-main and sewer, all done to the final fraction of an inch? Storri's Czar has asked for such;--his Czar who so admired the Americans and their beautiful Capital!"
19148,The Henchman,poppy,"Kiska took the money. ""I vould like to vork for you,"" he exclaimed. ""Would you?"" laughed the politician. ""I think perhaps you may some day."" The minor social conventions, which, after all, are possibly the major ones, were consistently ignored by Shelby. ""Not at home?"" he repeated after Ruth's maid. ""I guess you're mistaken. I saw Miss Temple at the window as I drove in the gate. Just look around a bit, and you'll find her."" He walked calmly past the bewildered girl to the drawing-room. In the centre of the apartment stood Ruth, her cheeks waving crimson, like a poppy field astir. ""Angry?"" said the man. Ruth waited till the open-mouthed maid had retreated down the hall. ""I'm furious,"" she answered, and looked the part. ""Think I'm a boor?"" She could not trust herself to reply. Had he dared smile then, she would have swept by him, but he was wholly grave. ""I'll tell you what you're thinking,"" he said quietly. ""You are thinking that I have fallen short of your notion of me. You listened the other night at the court-house and thought kindly things. Then you were told by my enemies that I had used in part what"
2028,The Yellow Claw,poppy,"with any comprehensible scheme of things. Whereas some of the rooms would be laden with nauseating fumes, others would be free of these; the occupants, again, exhibited various symptoms. That he was a servant of an opium-den de luxe did not for some time become apparent to him; then, when first the theory presented itself, he was staggered by a discovery so momentous. But it satisfied his mind only partially. Some men whom he valeted might have been doped with opium, certainly, but all did not exhibit those indications which, from hearsay, he associated with the resin of the white poppy . Knowing nothing of the numerous and exotic vices which have sprung from the soil of the Orient, he was at a loss for a full explanation of the facts as he saw them. Finding himself unmolested, and noting, in the privacy of his own apartment, how handsomely his tips were accumulating, Soames was rapidly becoming reconciled to his underground existence, more especially as it spelt safety to a man wanted by the police. His duties thus far had never taken him beyond the corridor known as Block A; what might lie on the other side of the cave of"
2788,Little Men: Life at Plumfield With Jo's Boys,poppy,"I was sick.” “You'll belong to the band if you play good. See if you don't.” “Do you have a band here?” Nat's eyes sparkled. “Guess we do; a jolly band, all boys; and they have concerts and things. You just see what happens to-morrow night.” After this pleasantly exciting remark, Tommy returned to his supper, and Nat sank into a blissful reverie over his full plate. Mrs. Bhaer had heard all they said, while apparently absorbed in filling mugs, and overseeing little Ted, who was so sleepy that he put his spoon in his eye, nodded like a rosy poppy , and finally fell fast asleep, with his cheek pillowed on a soft bun. Mrs. Bhaer had put Nat next to Tommy, because that roly-poly boy had a frank and social way with him, very attractive to shy persons. Nat felt this, and had made several small confidences during supper, which gave Mrs. Bhaer the key to the new boy's character, better than if she had talked to him herself. In the letter which Mr. Laurence had sent with Nat, he had said: “DEAR JO: Here is a case after your own heart. This poor lad is an orphan now,"
5400,Project Gutenberg Complete Works of Winston Churchill,poppy,"reports, and for earlier offences. And I recalled my mother as she once ran out at the sound of my cries to beg me off. So vivid was that picture that I could hear Mr. Carvel say: ""He is yours, madam, not mine. Take him!"" I started up. The house was still, the sun blistering the green paint of the shutters. My eye was caught by those on the room that had been hers, and which, by my grandfather's decree, had lain closed since she left it. The image of it grew in my mind: the mahogany bed with its poppy counterpane and creamy curtains, and the steps at the side by which she was wont to enter it; and the 'prie-dieu', whence her soul had been lifted up to God. And the dresser with her china and silver upon it, covered by years of dust. For I had once stolen the key from Willis's bunch, crept in, and crept out again, awed. That chamber would be profaned, now, and those dear ornaments, which were mine, violated. The imagination choked me. I would have them. I must. Nothing easier than to pry open a door or window in the north wing,"
6300,The Project Gutenberg Complete Works of Gilbert Parker,poppy,"cart, her hands clinched. No, no, no, Rudyard was not dead, and he should not die. It mattered not what Al'mah had written, she must have her chance to prove herself; his big soul must have its chance to run a long course, must not be cut off at the moment when so much had been done; when there was so much to do. Ian should see that she was not ""just a little burst of eloquence,"" as he had called her, not just a strumpet, as he thought her; but a woman now, beyond eloquence, far distant from the poppy -fields of pleasure. She was young enough for it to be a virtue in her to avoid the poppy-fields. She was not twenty-six years of age, and to have learned the truth at twenty-six, and still not to have been wholly destroyed by the lies of life, was something which might be turned to good account. She was sharply roused, almost shocked out of her distraction. Bright lights appeared suddenly in front of her, and she heard the voice of her Corporal saying: ""We're here, ma'am, where old Brinkwort built a hospital for one, and that one's yours, Mrs. Byng."""
63073,Limehouse Nights,poppy,"engine.” “Stand clear, dammit, stand clear. Salvage up.” “Take report, Simpson. Smart now. Two bodies....” “Oh, dammit, do stand clear!” _The Sign of the Lamp_ Here, O hearts that beat with mine, is the saddest of all tales. It is the tale of the breaking of a man’s faith in woman. A thousand arrows over their places of slumber.... It was on the Bund of Shanghai that the father of Sway Lim had said these words to him: “Son, mistrust all white women; they are but pale devils; they shall ensnare you.” But Lim had not listened; and it was Poppy Sturdish, of Limehouse and Poplar, who proved to him that his father spoke truth. Poppy was fair in the eyes of a Chinaman; she was an anæmic slip of a girl, with coarse skin and mean mouth, a frightened manner and a defiant glance. She had scarce any friends, for she was known to be a copper’s nark; thus came the fear in her step and the challenge in her eyes. Often she had blown the gaff on the secret games of Chinatown, for she spoke Cantonese and a little Swahili and some Hindustani, and could rustle it with the"
172,The Haunted Bookshop,soporific,"fatted morocco and let us rebind the volume and set it on the shelf of honour: for this my book was lent, and is returned again. PRESENTLY, therefore, I may return some of the books that I myself have borrowed. ""There!"" he thought. ""That will convey to her the first element of book morality."" These decorations having been displayed on the walls, he bethought himself of the books that should stand on the bedside shelf. This is a question that admits of the utmost nicety of discussion. Some authorities hold that the proper books for a guest-room are of a soporific quality that will induce swift and painless repose. This school advises The Wealth of Nations, Rome under the Caesars, The Statesman's Year Book, certain novels of Henry James, and The Letters of Queen Victoria (in three volumes). It is plausibly contended that books of this kind cannot be read (late at night) for more than a few minutes at a time, and that they afford useful scraps of information. Another branch of opinion recommends for bedtime reading short stories, volumes of pithy anecdote, swift and sparkling stuff that may keep one awake for a space, yet will advantage all the"
2776,The Four Million,soporific,"denizens of Madison Square, and gives fair warning of his annual call. At the corners of four streets he hands his pasteboard to the North Wind, footman of the mansion of All Outdoors, so that the inhabitants thereof may make ready. Soapy’s mind became cognisant of the fact that the time had come for him to resolve himself into a singular Committee of Ways and Means to provide against the coming rigour. And therefore he moved uneasily on his bench. The hibernatorial ambitions of Soapy were not of the highest. In them there were no considerations of Mediterranean cruises, of soporific Southern skies drifting in the Vesuvian Bay. Three months on the Island was what his soul craved. Three months of assured board and bed and congenial company, safe from Boreas and bluecoats, seemed to Soapy the essence of things desirable. For years the hospitable Blackwell’s had been his winter quarters. Just as his more fortunate fellow New Yorkers had bought their tickets to Palm Beach and the Riviera each winter, so Soapy had made his humble arrangements for his annual hegira to the Island. And now the time was come. On the previous night three Sabbath newspapers, distributed beneath his"
284,The House of Mirth,soporific,"the regular dose would probably do no more than procure for her the rest she so desperately needed.... She did not, in truth, consider the question very closely—the physical craving for sleep was her only sustained sensation. Her mind shrank from the glare of thought as instinctively as eyes contract in a blaze of light—darkness, darkness was what she must have at any cost. She raised herself in bed and swallowed the contents of the glass; then she blew out her candle and lay down. She lay very still, waiting with a sensuous pleasure for the first effects of the soporific . She knew in advance what form they would take—the gradual cessation of the inner throb, the soft approach of passiveness, as though an invisible hand made magic passes over her in the darkness. The very slowness and hesitancy of the effect increased its fascination: it was delicious to lean over and look down into the dim abysses of unconsciousness. Tonight the drug seemed to work more slowly than usual: each passionate pulse had to be stilled in turn, and it was long before she felt them dropping into abeyance, like sentinels falling asleep at their posts. But gradually the"
35302,The Genial Idiot: His Views and Reviews,soporific,"was instantaneous. The curtain had hardly risen before I retired to the little ante-room of the box our party occupied and dozed off into a fathomless sleep. I didn't wake up this time until nine o'clock the next day, the rest of the party having gone off without awakening me as a sort of joke. Clearly Wagner, according to my way of thinking, then, deserves to rank among the most effective narcotics known to modern science. I have tried all sorts of other things--sulfonal, trionel, bromide powders, and all the rest, and not one of them produced anything like the soporific results that two doses of Wagner brought about in one instant. And, best of all, there was no reaction: no splitting headache or shaky hand the next day, but just the calm, quiet, contented feeling that goes with the sense of having got completely rested up."" ""You run a dreadful risk, however,"" said the Doctor, with a sarcastic smile. ""The Wagner habit is a terrible thing to acquire, Mr. Idiot."" ""That may be,"" said the Idiot; ""worse than the sulfonal habit by a great deal, I am told; but I am in no danger of becoming a victim to it"
54247,Beyond These Voices,soporific,"her secretaryship she had sometimes ventured a mild remonstrance, such as, ""Oh, Grannie, I don't think you ought to say that. I know Aunt Olivia is very fond of you,"" or ""Aunt Mildred is very affectionate, and would be the last to neglect you."" Whereupon Lady Felicia had told her that if she presumed to express an opinion, the letters should be written by Lidcott. ""Her spelling is as eccentric as the Paston letters; but I would rather put up with that than with your impertinence."" It was rather late in the afternoon before the drowsy Tauchnitz novel produced its soporific effect upon Grannie, though Vera had been reading in a semi-slumber; but at last the withered eyelids fell, and the grey head lay back upon the down pillow, and Vera might beckon to Lidcott, who crept in from the bedroom, with her work-basket, and seated herself by the open window most remote from Grannie, leaving Vera free to go out for her afternoon walk; only till five o'clock, when she must be at home to pour out Grannie's tea. A church clock struck as she left the hotel garden, the garden where she had often sat with Giulia, who used"
6201,Cumner's Son and Other South Sea Folk — Complete,soporific,"listless beneath a proud and distant sky of changeless blue. Idly sat the Arabs on the benches outside the low-roofed coffee-houses; lazily worked the makers of ornaments in the bazaars; yawningly pounded the tinkers; greedily ate the children; the city was cloyed with ease. Warham, Blithelygo and myself sat in the evening sun surrounded by gold-and-scarlet bedizened gentry of the desert, and drank strong coffee and smoked until we too were satisfied, if not surfeited; animals like the rest. Silence fell on us. This was a new life to two of us; to Warham it was familiar, therefore comfortable and soporific . I leaned back and languidly scanned the scene; eyes halfshut, senses half-awake. An Arab sheikh passed swiftly with his curtained harem; and then went filing by in orderly and bright array a number of Mahommedans, the first of them bearing on a cushion of red velvet, and covered with a cloth of scarlet and gold, a dead child to burial. Down from the colossal tanks built in the mountain gorges that were old when Mahomet was young, there came donkeys bearing great leathern bottles such as the Israelites carried in their forty years’ sojourning. A long line of swaying"
6300,The Project Gutenberg Complete Works of Gilbert Parker,soporific,"beneath a proud and distant sky of changeless blue. Idly sat the Arabs on the benches outside the low- roofed coffee-houses; lazily worked the makers of ornaments in the bazaars; yawningly pounded the tinkers; greedily ate the children; the city was cloyed with ease. Warham, Blithelygo and myself sat in the evening sun surrounded by gold-and-scarlet bedizened gentry of the desert, and drank strong coffee and smoked until we too were satisfied, if not surfeited; animals like the rest. Silence fell on us. This was a new life to two of us; to Warham it was familiar, therefore comfortable and soporific . I leaned back and languidly scanned the scene; eyes halfshut, senses half-awake. An Arab sheikh passed swiftly with his curtained harem; and then went filing by in orderly and bright array a number of Mahommedans, the first of them bearing on a cushion of red velvet, and covered with a cloth of scarlet and gold, a dead child to burial. Down from the colossal tanks built in the mountain gorges that were old when Mahomet was young, there came donkeys bearing great leathern bottles such as the Israelites carried in their forty years' sojourning. A long line of swaying"
7077,We Can't Have Everything: A Novel,soporific,"resolved that he had been a fool long enough. He would give up the vain effort to conform, and would take Charity without sanction. He was impatient to go to her then and there, but he dared not approach her till she had rested. He remembered a book he had picked up at one of their villages of denial. It was one of those numberless books everybody is supposed to have read. For that reason he had found it almost impossible to begin. But he was desperate enough to read even a classic. He hoped that it would be a soporific . That was his definition of a classic. The book was the Reverend Charles Kingsley's _Hypatia._ Jim was down on the Episcopal clergy one and all, and he read with prejudice, skipping the preface, of course, which set forth the unusual impulse of a churchman to help the Church of his own day by pointing out the crimes and errors of the Church of an earlier day; a too, too rare appeal to truth for the sake of salvation by the way of truth. As Jim glanced angrily through the early pages, the pictures of life in the fifth century"
