,Etext Number,Keyword,Snippet,Title,Authors,LoCC,Bookshelves,Subjects,rights,Published Year,Normalised Authors,Author Gender,Author Nationality,Author Birth,Author Death,Author Info Source,Author Info Found,Number of books by author
91,173,opium,"afraid to trust you--yet. Be comforted, for there is one near who would have killed you had I wished it. Remember, I will come to you whenever you will take me and hide me."" Light footsteps pattered down the stairs. I heard a stifled cry from Mrs. Dolan as the mysterious visitor ran past her. The front door opened and closed. CHAPTER V ""Shen-Yan's is a dope-shop in one of the burrows off the old Ratcliff Highway,"" said Inspector Weymouth. ""'Singapore Charlie's,' they call it. It's a center for some of the Chinese societies, I believe, but all sorts of opium -smokers use it. There have never been any complaints that I know of. I don't understand this."" We stood in his room at New Scotland Yard, bending over a sheet of foolscap upon which were arranged some burned fragments from poor Cadby's grate, for so hurriedly had the girl done her work that combustion had not been complete. ""What do we make of this?"" said Smith. ""'. . . Hunchback . . . lascar went up . . . unlike others . . . not return . . . till Shen-Yan' (there is no doubt about the name, I think)",The Insidious Dr. Fu Manchu,"Rohmer, Sax",PR,Crime Fiction; Browsing: Crime/Mystery; Browsing: Literature; Browsing: Fiction,"Criminals -- Fiction ; Detective and mystery stories ; PR ; Fu Manchu, Doctor (Fictitious character) -- Fiction",Public domain in the USA.,1913,Sax Rohmer,male,English,1883.0,1959.0,Wikipedia,True,13
92,173,opium,"'lascar' as the dacoit who was murdered by Fu-Manchu! It is sheer supposition, however. But that Cadby meant to pay another visit to the place in a different 'make-up' or disguise, is evident, and that the Tuesday night proposed was last night is a reasonable deduction. The reference to a pigtail is principally interesting because of what was found on Cadby's body."" Inspector Weymouth nodded affirmatively, and Smith glanced at his watch. ""Exactly ten-twenty-three,"" he said. ""I will trouble you, Inspector, for the freedom of your fancy wardrobe. There is time to spend an hour in the company of Shen-Yan's opium friends."" Weymouth raised his eyebrows. ""It might be risky. What about an official visit?"" Nayland Smith laughed. ""Worse than useless! By your own showing, the place is open to inspection. No; guile against guile! We are dealing with a Chinaman, with the incarnate essence of Eastern subtlety, with the most stupendous genius that the modern Orient has produced."" ""I don't believe in disguises,"" said Weymouth, with a certain truculence. ""It's mostly played out, that game, and generally leads to failure. Still, if you're determined, sir, there's an end of it. Foster will make your face up. What disguise do you",The Insidious Dr. Fu Manchu,"Rohmer, Sax",PR,Crime Fiction; Browsing: Crime/Mystery; Browsing: Literature; Browsing: Fiction,"Criminals -- Fiction ; Detective and mystery stories ; PR ; Fu Manchu, Doctor (Fictitious character) -- Fiction",Public domain in the USA.,1913,Sax Rohmer,male,English,1883.0,1959.0,Wikipedia,True,13
93,173,opium,"""You are forgetting me, Smith,"" I said. He turned to me quickly. ""Petrie,"" he replied, ""it is MY business, unfortunately, but it is no sort of hobby."" ""You mean that you can no longer rely upon me?"" I said angrily. Smith grasped my hand, and met my rather frigid stare with a look of real concern on his gaunt, bronzed face. ""My dear old chap,"" he answered, ""that was really unkind. You know that I meant something totally different."" ""It's all right, Smith;"" I said, immediately ashamed of my choler, and wrung his hand heartily. ""I can pretend to smoke opium as well as another. I shall be going, too, Inspector."" As a result of this little passage of words, some twenty minutes later two dangerous-looking seafaring ruffians entered a waiting cab, accompanied by Inspector Weymouth, and were driven off into the wilderness of London's night. In this theatrical business there was, to my mind, something ridiculous--almost childish--and I could have laughed heartily had it not been that grim tragedy lurked so near to farce. The mere recollection that somewhere at our journey's end Fu-Manchu awaited us was sufficient to sober my reflections--Fu-Manchu, who, with all the powers represented by Nayland",The Insidious Dr. Fu Manchu,"Rohmer, Sax",PR,Crime Fiction; Browsing: Crime/Mystery; Browsing: Literature; Browsing: Fiction,"Criminals -- Fiction ; Detective and mystery stories ; PR ; Fu Manchu, Doctor (Fictitious character) -- Fiction",Public domain in the USA.,1913,Sax Rohmer,male,English,1883.0,1959.0,Wikipedia,True,13
94,173,opium,"could get through to the front and watch from there."" ""Good!"" cried the Inspector. ""See you are not spotted, though; and if you hear the whistle, don't mind doing a bit of damage, but be inside Shen-Yan's like lightning. Otherwise, wait for orders."" Inspector Ryman came in, glancing at the clock. ""Launch is waiting,"" he said. ""Right,"" replied Smith thoughtfully. ""I am half afraid, though, that the recent alarms may have scared our quarry--your man, Mason, and then Cadby. Against which we have that, so far as he is likely to know, there has been no clew pointing to this opium den. Remember, he thinks Cadby's notes are destroyed."" ""The whole business is an utter mystery to me,"" confessed Ryman. ""I'm told that there's some dangerous Chinese devil hiding somewhere in London, and that you expect to find him at Shen-Yan's. Supposing he uses that place, which is possible, how do you know he's there to-night?"" ""I don't,"" said Smith; ""but it is the first clew we have had pointing to one of his haunts, and time means precious lives where Dr. Fu-Manchu is concerned."" ""Who is he, sir, exactly, this Dr. Fu-Manchu?"" ""I have only the vaguest idea, Inspector; but",The Insidious Dr. Fu Manchu,"Rohmer, Sax",PR,Crime Fiction; Browsing: Crime/Mystery; Browsing: Literature; Browsing: Fiction,"Criminals -- Fiction ; Detective and mystery stories ; PR ; Fu Manchu, Doctor (Fictitious character) -- Fiction",Public domain in the USA.,1913,Sax Rohmer,male,English,1883.0,1959.0,Wikipedia,True,13
95,173,opium,"I was with this form of gentle persuasion. ""Kop 'old o' that,"" he said, and thrust a coin into the Chinaman's yellow paw. ""Keep me waitin' an' I'll pull the dam' shop down, Charlie. You can lay to it."" ""No hab got pipee--"" began the other. Smith raised his fist, and Yan capitulated. ""Allee lightee,"" he said. ""Full up--no loom. You come see."" He dived behind the dirty curtain, Smith and I following, and ran up a dark stair. The next moment I found myself in an atmosphere which was literally poisonous. It was all but unbreathable, being loaded with opium fumes. Never before had I experienced anything like it. Every breath was an effort. A tin oil-lamp on a box in the middle of the floor dimly illuminated the horrible place, about the walls of which ten or twelve bunks were ranged and all of them occupied. Most of the occupants were lying motionless, but one or two were squatting in their bunks noisily sucking at the little metal pipes. These had not yet attained to the opium-smoker's Nirvana. ""No loom--samee tella you,"" said Shen-Yan, complacently testing Smith's shilling with his yellow, decayed teeth. Smith walked to a corner and",The Insidious Dr. Fu Manchu,"Rohmer, Sax",PR,Crime Fiction; Browsing: Crime/Mystery; Browsing: Literature; Browsing: Fiction,"Criminals -- Fiction ; Detective and mystery stories ; PR ; Fu Manchu, Doctor (Fictitious character) -- Fiction",Public domain in the USA.,1913,Sax Rohmer,male,English,1883.0,1959.0,Wikipedia,True,13
96,173,opium,"stair. The next moment I found myself in an atmosphere which was literally poisonous. It was all but unbreathable, being loaded with opium fumes. Never before had I experienced anything like it. Every breath was an effort. A tin oil-lamp on a box in the middle of the floor dimly illuminated the horrible place, about the walls of which ten or twelve bunks were ranged and all of them occupied. Most of the occupants were lying motionless, but one or two were squatting in their bunks noisily sucking at the little metal pipes. These had not yet attained to the opium -smoker's Nirvana. ""No loom--samee tella you,"" said Shen-Yan, complacently testing Smith's shilling with his yellow, decayed teeth. Smith walked to a corner and dropped cross-legged, on the floor, pulling me down with him. ""Two pipe quick,"" he said. ""Plenty room. Two piecee pipe--or plenty heap trouble."" A dreary voice from one of the bunks came: ""Give 'im a pipe, Charlie, curse yer! an' stop 'is palaver."" Yan performed a curious little shrug, rather of the back than of the shoulders, and shuffled to the box which bore the smoky lamp. Holding a needle in the flame, he dipped it, when",The Insidious Dr. Fu Manchu,"Rohmer, Sax",PR,Crime Fiction; Browsing: Crime/Mystery; Browsing: Literature; Browsing: Fiction,"Criminals -- Fiction ; Detective and mystery stories ; PR ; Fu Manchu, Doctor (Fictitious character) -- Fiction",Public domain in the USA.,1913,Sax Rohmer,male,English,1883.0,1959.0,Wikipedia,True,13
97,173,opium,"his yellow, decayed teeth. Smith walked to a corner and dropped cross-legged, on the floor, pulling me down with him. ""Two pipe quick,"" he said. ""Plenty room. Two piecee pipe--or plenty heap trouble."" A dreary voice from one of the bunks came: ""Give 'im a pipe, Charlie, curse yer! an' stop 'is palaver."" Yan performed a curious little shrug, rather of the back than of the shoulders, and shuffled to the box which bore the smoky lamp. Holding a needle in the flame, he dipped it, when red-hot, into an old cocoa tin, and withdrew it with a bead of opium adhering to the end. Slowly roasting this over the lamp, he dropped it into the bowl of the metal pipe which he held ready, where it burned with a spirituous blue flame. ""Pass it over,"" said Smith huskily, and rose on his knees with the assumed eagerness of a slave to the drug. Yan handed him the pipe, which he promptly put to his lips, and prepared another for me. ""Whatever you do, don't inhale any,"" came Smith's whispered injunction. It was with a sense of nausea greater even than that occasioned by the disgusting atmosphere of the den that",The Insidious Dr. Fu Manchu,"Rohmer, Sax",PR,Crime Fiction; Browsing: Crime/Mystery; Browsing: Literature; Browsing: Fiction,"Criminals -- Fiction ; Detective and mystery stories ; PR ; Fu Manchu, Doctor (Fictitious character) -- Fiction",Public domain in the USA.,1913,Sax Rohmer,male,English,1883.0,1959.0,Wikipedia,True,13
98,173,opium,"me that we were on the right scent--that this was one of the doctor's servants. How I came to that conclusion, I cannot explain; but with no doubt in my mind that this was a member of the formidable murder group, I saw the yellow man creep nearer, nearer, silently, bent and peering. He was watching us. Of another circumstance I became aware, and a disquieting circumstance. There were fewer murmurings and sighings from the surrounding bunks. The presence of the crouching figure had created a sudden semi-silence in the den, which could only mean that some of the supposed opium -smokers had merely feigned coma and the approach of coma. Nayland Smith lay like a dead man, and trusting to the darkness, I, too, lay prone and still, but watched the evil face bending lower and lower, until it came within a few inches of my own. I completely closed my eyes. Delicate fingers touched my right eyelid. Divining what was coming, I rolled my eyes up, as the lid was adroitly lifted and lowered again. The man moved away. I had saved the situation! And noting anew the hush about me--a hush in which I fancied many pairs of",The Insidious Dr. Fu Manchu,"Rohmer, Sax",PR,Crime Fiction; Browsing: Crime/Mystery; Browsing: Literature; Browsing: Fiction,"Criminals -- Fiction ; Detective and mystery stories ; PR ; Fu Manchu, Doctor (Fictitious character) -- Fiction",Public domain in the USA.,1913,Sax Rohmer,male,English,1883.0,1959.0,Wikipedia,True,13
99,173,opium,"Chinaman. I expect that's why she managed to slip away."" I recalled how I had been dragged from the pit by the false queue, how the strange discovery which had brought death to poor Cadby had brought life to me, and I seemed to remember, too, that Smith had dropped it as he threw his arm about me on the ladder. Her mask the girl might have retained, but her wig, I felt certain, had been dropped into the water. It was later that night, when the brigade still were playing upon the blackened shell of what had been Shen-Yan's opium -shop, and Smith and I were speeding away in a cab from the scene of God knows how many crimes, that I had an idea. ""Smith,"" I said, ""did you bring the pigtail with you that was found on Cadby?"" ""Yes. I had hoped to meet the owner."" ""Have you got it now?"" ""No. I met the owner."" I thrust my hands deep into the pockets of the big pea-jacket lent to me by Inspector Ryman, leaning back in my corner. ""We shall never really excel at this business,"" continued Nayland Smith. ""We are far too sentimental. I knew what",The Insidious Dr. Fu Manchu,"Rohmer, Sax",PR,Crime Fiction; Browsing: Crime/Mystery; Browsing: Literature; Browsing: Fiction,"Criminals -- Fiction ; Detective and mystery stories ; PR ; Fu Manchu, Doctor (Fictitious character) -- Fiction",Public domain in the USA.,1913,Sax Rohmer,male,English,1883.0,1959.0,Wikipedia,True,13
100,173,opium,"continued Fu-Manchu, ""to meddle with a world-change. Poor spiders--caught in the wheels of the inevitable! You have linked my name with the futility of the Young China Movement--the name of Fu-Manchu! Mr. Smith, you are an incompetent meddler--I despise you! Dr. Petrie, you are a fool--I am sorry for you!"" He rested one bony hand on his hip, narrowing the long eyes as he looked down on us. The purposeful cruelty of the man was inherent; it was entirely untheatrical. Still Smith remained silent. ""So I am determined to remove you from the scene of your blunders!"" added Fu-Manchu. "" Opium will very shortly do the same for you!"" I rapped at him savagely. Without emotion he turned the narrowed eyes upon me. ""That is a matter of opinion, Doctor,"" he said. ""You may have lacked the opportunities which have been mine for studying that subject--and in any event I shall not be privileged to enjoy your advice in the future."" ""You will not long outlive me,"" I replied. ""And our deaths will not profit you, incidentally; because--"" Smith's foot touched mine. ""Because?"" inquired Fu-Manchu softly. ""Ah! Mr. Smith is so prudent! He is thinking that I have FILES!"" He pronounced",The Insidious Dr. Fu Manchu,"Rohmer, Sax",PR,Crime Fiction; Browsing: Crime/Mystery; Browsing: Literature; Browsing: Fiction,"Criminals -- Fiction ; Detective and mystery stories ; PR ; Fu Manchu, Doctor (Fictitious character) -- Fiction",Public domain in the USA.,1913,Sax Rohmer,male,English,1883.0,1959.0,Wikipedia,True,13
101,173,opium,"strung up. A line of light showed a few feet from where we lay. It widened--became an oblong. A trap was lifted, and within a yard of me, there rose a dimly seen head. Horror I had expected--and death, or worse. Instead, I saw a lovely face, crowned with a disordered mass of curling hair; I saw a white arm upholding the stone slab, a shapely arm clasped about the elbow by a broad gold bangle. The girl climbed into the cellar and placed the lantern on the stone floor. In the dim light she was unreal--a figure from an opium vision, with her clinging silk draperies and garish jewelry, with her feet encased in little red slippers. In short, this was the houri of my vision, materialized. It was difficult to believe that we were in modern, up-to-date England; easy to dream that we were the captives of a caliph, in a dungeon in old Bagdad. ""My prayers are answered,"" said Smith softly. ""She has come to save YOU."" ""S-sh!"" warned the girl, and her wonderful eyes opened widely, fearfully. ""A sound and he will kill us all."" She bent over me; a key jarred in the lock which had",The Insidious Dr. Fu Manchu,"Rohmer, Sax",PR,Crime Fiction; Browsing: Crime/Mystery; Browsing: Literature; Browsing: Fiction,"Criminals -- Fiction ; Detective and mystery stories ; PR ; Fu Manchu, Doctor (Fictitious character) -- Fiction",Public domain in the USA.,1913,Sax Rohmer,male,English,1883.0,1959.0,Wikipedia,True,13
102,173,opium,"over the marshes in his oddly alert way. He turned to me, and his tanned face wore a peculiar expression. ""You don't think it's a trap?"" he jerked. ""We are trusting her blindly."" Strange it may seem, but something within me rose in arms against the innuendo. ""I don't,"" I said shortly. He nodded. We pressed on. Ten minutes' steady tramping brought us within sight of the Thames. Smith and I both had noticed how Fu-Manchu's activities centered always about the London river. Undoubtedly it was his highway, his line of communication, along which he moved his mysterious forces. The opium den off Shadwell Highway, the mansion upstream, at that hour a smoldering shell; now the hulk lying off the marshes. Always he made his headquarters upon the river. It was significant; and even if to-night's expedition should fail, this was a clew for our future guidance. ""Bear to the right,"" directed Smith. ""We must reconnoiter before making our attack."" We took a path that led directly to the river bank. Before us lay the gray expanse of water, and out upon it moved the busy shipping of the great mercantile city. But this life of the river seemed widely removed",The Insidious Dr. Fu Manchu,"Rohmer, Sax",PR,Crime Fiction; Browsing: Crime/Mystery; Browsing: Literature; Browsing: Fiction,"Criminals -- Fiction ; Detective and mystery stories ; PR ; Fu Manchu, Doctor (Fictitious character) -- Fiction",Public domain in the USA.,1913,Sax Rohmer,male,English,1883.0,1959.0,Wikipedia,True,13
103,173,opium,"right,"" directed Smith. ""We must reconnoiter before making our attack."" We took a path that led directly to the river bank. Before us lay the gray expanse of water, and out upon it moved the busy shipping of the great mercantile city. But this life of the river seemed widely removed from us. The lonely spot where we stood had no kinship with human activity. Its dreariness illuminated by the brilliant moon, it looked indeed a fit setting for an act in such a drama as that wherein we played our parts. When I had lain in the East End opium den, when upon such another night as this I had looked out upon a peaceful Norfolk countryside, the same knowledge of aloofness, of utter detachment from the world of living men, had come to me. Silently Smith stared out at the distant moving lights. ""Karamaneh merely means a slave,"" he said irrelevantly. I made no comment. ""There's the hulk,"" he added. The bank upon which we stood dipped in mud slopes to the level of the running tide. Seaward it rose higher, and by a narrow inlet--for we perceived that we were upon a kind of promontory--a rough pier showed.",The Insidious Dr. Fu Manchu,"Rohmer, Sax",PR,Crime Fiction; Browsing: Crime/Mystery; Browsing: Literature; Browsing: Fiction,"Criminals -- Fiction ; Detective and mystery stories ; PR ; Fu Manchu, Doctor (Fictitious character) -- Fiction",Public domain in the USA.,1913,Sax Rohmer,male,English,1883.0,1959.0,Wikipedia,True,13
104,173,opium,"in my memory. In his long, yellow robe, his masklike, intellectual face bent forward amongst the riot of singular objects upon the table, his great, high brow gleaming in the light of the shaded lamp above him, and with the abnormal eyes, filmed and green, raised to us, he seemed a figure from the realms of delirium. But, most amazing circumstance of all, he and his surroundings tallied, almost identically, with the dream-picture which had come to me as I lay chained in the cell! Some of the large jars about the place held anatomy specimens. A faint smell of opium hung in the air, and playing with the tassel of one of the cushions upon which, as upon a divan, Fu-Manchu was seated, leaped and chattered a little marmoset. That was an electric moment. I was prepared for anything--for anything except for what really happened. The doctor's wonderful, evil face betrayed no hint of emotion. The lids flickered over the filmed eyes, and their greenness grew momentarily brighter, and filmed over again. ""Put up your hands!"" rapped Smith, ""and attempt no tricks."" His voice quivered with excitement. ""The game's up, Fu-Manchu. Find something to tie him up with, Petrie."" I",The Insidious Dr. Fu Manchu,"Rohmer, Sax",PR,Crime Fiction; Browsing: Crime/Mystery; Browsing: Literature; Browsing: Fiction,"Criminals -- Fiction ; Detective and mystery stories ; PR ; Fu Manchu, Doctor (Fictitious character) -- Fiction",Public domain in the USA.,1913,Sax Rohmer,male,English,1883.0,1959.0,Wikipedia,True,13
105,173,opium,"new generation which veneers its Confucianism with Western polish. These youthful and unbalanced reformers, in conjunction with older but no less ill-balanced provincial politicians, may be said to represent Young China. Amid such turmoils as this we invariably look for, and invariably find, a Third Party. In my opinion, Dr. Fu-Manchu was one of the leaders of such a party. Another question often put to me was: Where did the Doctor hide during the time that he pursued his operations in London? This is more susceptible of explanation. For a time Nayland Smith supposed, as I did myself, that the opium den adjacent to the old Ratcliff Highway was the Chinaman's base of operations; later we came to believe that the mansion near Windsor was his hiding-place, and later still, the hulk lying off the downstream flats. But I think I can state with confidence that the spot which he had chosen for his home was neither of these, but the East End riverside building which I was the first to enter. Of this I am all but sure; for the reason that it not only was the home of Fu-Manchu, of Karamaneh, and of her brother, Aziz, but the home",The Insidious Dr. Fu Manchu,"Rohmer, Sax",PR,Crime Fiction; Browsing: Crime/Mystery; Browsing: Literature; Browsing: Fiction,"Criminals -- Fiction ; Detective and mystery stories ; PR ; Fu Manchu, Doctor (Fictitious character) -- Fiction",Public domain in the USA.,1913,Sax Rohmer,male,English,1883.0,1959.0,Wikipedia,True,13
106,173,opium,"of him my heart leaped--and seemed to suspend its functions, so intense was the horror which this man's presence inspired in me. My hand clutching the curtain, I stood watching him. The lids veiled the malignant green eyes, but the thin lips seemed to smile. Then Smith silently pointed to the hand which held a little pipe. A sickly perfume assailed my nostrils, and the explanation of the hushed silence, and the ease with which we had thus far executed our plan, came to me. The cunning mind was torpid--lost in a brutish world of dreams. Fu-Manchu was in an opium sleep! The dim light traced out a network of tiny lines, which covered the yellow face from the pointed chin to the top of the great domed brow, and formed deep shadow pools in the hollows beneath his eyes. At last we had triumphed. I could not determine the depth of his obscene trance; and mastering some of my repugnance, and forgetful of Karamaneh's warning, I was about to step forward into the room, loaded with its nauseating opium fumes, when a soft breath fanned my cheek. ""Do not go in!"" came Karamaneh's warning voice--hushed--trembling. Her little hand grasped my",The Insidious Dr. Fu Manchu,"Rohmer, Sax",PR,Crime Fiction; Browsing: Crime/Mystery; Browsing: Literature; Browsing: Fiction,"Criminals -- Fiction ; Detective and mystery stories ; PR ; Fu Manchu, Doctor (Fictitious character) -- Fiction",Public domain in the USA.,1913,Sax Rohmer,male,English,1883.0,1959.0,Wikipedia,True,13
107,173,opium,"executed our plan, came to me. The cunning mind was torpid--lost in a brutish world of dreams. Fu-Manchu was in an opium sleep! The dim light traced out a network of tiny lines, which covered the yellow face from the pointed chin to the top of the great domed brow, and formed deep shadow pools in the hollows beneath his eyes. At last we had triumphed. I could not determine the depth of his obscene trance; and mastering some of my repugnance, and forgetful of Karamaneh's warning, I was about to step forward into the room, loaded with its nauseating opium fumes, when a soft breath fanned my cheek. ""Do not go in!"" came Karamaneh's warning voice--hushed--trembling. Her little hand grasped my arm. She drew Smith and myself back from the door. ""There is danger there!"" she whispered. ""Do not enter that room! The police must reach him in some way--and drag him out! Do not enter that room!"" The girl's voice quivered hysterically; her eyes blazed into savage flame. The fierce resentment born of dreadful wrongs was consuming her now; but fear of Fu-Manchu held her yet. Inspector Weymouth came down the stairs and joined us. ""I have sent the",The Insidious Dr. Fu Manchu,"Rohmer, Sax",PR,Crime Fiction; Browsing: Crime/Mystery; Browsing: Literature; Browsing: Fiction,"Criminals -- Fiction ; Detective and mystery stories ; PR ; Fu Manchu, Doctor (Fictitious character) -- Fiction",Public domain in the USA.,1913,Sax Rohmer,male,English,1883.0,1959.0,Wikipedia,True,13
108,173,opium,"the inert body of Inspector Weymouth. And I found time to compare the strength of the little brown man with that of a Nile beetle, which can raise many times its own weight. Then, behind him, appeared a second figure, which immediately claimed the whole of my errant attention. ""Fu-Manchu!"" hissed my friend, from the darkness which concealed him. It was indeed none other than Fu-Manchu--the Fu-Manchu whom we had thought to be helpless. The deeps of the Chinaman's cunning--the fine quality of his courage, were forced upon me as amazing facts. He had assumed the appearance of a drugged opium -smoker so well as to dupe me--a medical man; so well as to dupe Karamaneh--whose experience of the noxious habit probably was greater than my own. And, with the gallows dangling before him, he had waited--played the part of a lure--whilst a body of police actually surrounded the place! I have since thought that the room probably was one which he actually used for opium debauches, and the device of the trap was intended to protect him during the comatose period. Now, holding a lantern above his head, the deviser of the trap whereinto we, mouselike, had blindly entered, came",The Insidious Dr. Fu Manchu,"Rohmer, Sax",PR,Crime Fiction; Browsing: Crime/Mystery; Browsing: Literature; Browsing: Fiction,"Criminals -- Fiction ; Detective and mystery stories ; PR ; Fu Manchu, Doctor (Fictitious character) -- Fiction",Public domain in the USA.,1913,Sax Rohmer,male,English,1883.0,1959.0,Wikipedia,True,13
109,173,opium,"than Fu-Manchu--the Fu-Manchu whom we had thought to be helpless. The deeps of the Chinaman's cunning--the fine quality of his courage, were forced upon me as amazing facts. He had assumed the appearance of a drugged opium-smoker so well as to dupe me--a medical man; so well as to dupe Karamaneh--whose experience of the noxious habit probably was greater than my own. And, with the gallows dangling before him, he had waited--played the part of a lure--whilst a body of police actually surrounded the place! I have since thought that the room probably was one which he actually used for opium debauches, and the device of the trap was intended to protect him during the comatose period. Now, holding a lantern above his head, the deviser of the trap whereinto we, mouselike, had blindly entered, came through the cellars, following the brown man who carried Weymouth. The faint rays of the lantern (it apparently contained a candle) revealed a veritable forest of the gigantic fungi--poisonously colored--hideously swollen--climbing from the floor up the slimy walls--climbing like horrid parasites to such part of the arched roof as was visible to me. Fu-Manchu picked his way through the fungi ranks as daintily as though",The Insidious Dr. Fu Manchu,"Rohmer, Sax",PR,Crime Fiction; Browsing: Crime/Mystery; Browsing: Literature; Browsing: Fiction,"Criminals -- Fiction ; Detective and mystery stories ; PR ; Fu Manchu, Doctor (Fictitious character) -- Fiction",Public domain in the USA.,1913,Sax Rohmer,male,English,1883.0,1959.0,Wikipedia,True,13
110,173,narcotic,"of Fu-Manchu? Is some peculiarly unique outrage contemplated--something calling for the presence of the master?"" ""He may have to prevent Eltham's leaving England without killing him."" ""Quite so. He probably has instructions to be merciful. But God help the victim of Chinese mercy!"" I went to my own room then. But I did not even undress, refilling my pipe and seating myself at the open window. Having looked upon the awful Chinese doctor, the memory of his face, with its filmed green eyes, could never leave me. The idea that he might be near at that moment was a poor narcotic . The howling and baying of the mastiff was almost continuous. When all else in Redmoat was still the dog's mournful note yet rose on the night with something menacing in it. I sat looking out across the sloping turf to where the shrubbery showed as a black island in a green sea. The moon swam in a cloudless sky, and the air was warm and fragrant with country scents. It was in the shrubbery that Denby's collie had met his mysterious death--that the thing seen by Miss Eltham had disappeared. What uncanny secret did it hold? Caesar became silent.",The Insidious Dr. Fu Manchu,"Rohmer, Sax",PR,Crime Fiction; Browsing: Crime/Mystery; Browsing: Literature; Browsing: Fiction,"Criminals -- Fiction ; Detective and mystery stories ; PR ; Fu Manchu, Doctor (Fictitious character) -- Fiction",Public domain in the USA.,1913,Sax Rohmer,male,English,1883.0,1959.0,Wikipedia,True,13
111,173,narcotic,"whom you, personally, may at some time unwittingly, have been--I am aware that much must be omitted. I have no space for lengthy examinations of the many points but ill illuminated with which it is dotted. This incident at the docks is but one such point. Another is the singular vision which appeared to me whilst I lay in the cellar of the house near Windsor. It has since struck me that it possessed peculiarities akin to those of a hashish hallucination. Can it be that we were drugged on that occasion with Indian hemp? Cannabis indica is a treacherous narcotic , as every medical man knows full well; but Fu-Manchu's knowledge of the drug was far in advance of our slow science. West's experience proved so much. I may have neglected opportunities--later, you shall judge if I did so--opportunities to glean for the West some of the strange knowledge of the secret East. Perhaps, at a future time, I may rectify my errors. Perhaps that wisdom--the wisdom stored up by Fu-Manchu--is lost forever. There is, however, at least a bare possibility of its survival, in part; and I do not wholly despair of one day publishing a scientific sequel to",The Insidious Dr. Fu Manchu,"Rohmer, Sax",PR,Crime Fiction; Browsing: Crime/Mystery; Browsing: Literature; Browsing: Fiction,"Criminals -- Fiction ; Detective and mystery stories ; PR ; Fu Manchu, Doctor (Fictitious character) -- Fiction",Public domain in the USA.,1913,Sax Rohmer,male,English,1883.0,1959.0,Wikipedia,True,13
112,173,narcotic,"must fit almost hermetically. It was much cooler here than in the place through which we had passed, and the nausea began to leave me, my brain to grow more clear. Had I known what was to follow I should have cursed the lucidity of mind which now came to me; I should have prayed for oblivion--to be spared the sight of that which ensued. ""It's Logan!"" cried Inspector Weymouth; and I could tell that he was struggling to free himself of his bonds. From his voice it was evident that he, too, was recovering from the effects of the narcotic which had been administered to us all. ""Logan!"" he cried. ""Logan! This way--HELP!"" But the cry beat back upon us in that enclosed space and seemed to carry no farther than the invisible walls of our prison. ""The door fits well,"" came Fu-Manchu's mocking voice. ""It is fortunate for us all that it is so. This is my observation window, Dr. Petrie, and you are about to enjoy an unique opportunity of studying fungology. I have already drawn your attention to the anaesthetic properties of the lycoperdon, or common puff-ball. You may have recognized the fumes? The chamber into which",The Insidious Dr. Fu Manchu,"Rohmer, Sax",PR,Crime Fiction; Browsing: Crime/Mystery; Browsing: Literature; Browsing: Fiction,"Criminals -- Fiction ; Detective and mystery stories ; PR ; Fu Manchu, Doctor (Fictitious character) -- Fiction",Public domain in the USA.,1913,Sax Rohmer,male,English,1883.0,1959.0,Wikipedia,True,13
358,1182,opium,"again. He stood on the tiger-skin rug before the fender, watching his cousin and smoking furiously. “Firstly, then,” continued Margaret, “please throw that cigarette in the fire, Quentin.” Gray removed the cigarette from between his lips, and stared at it dazedly. He looked at the girl, and the clear grey eyes were watching him with an inscrutable expression. “Right-o!” he said awkwardly, and tossed the cigarette in the fire. “You used to smoke like a furnace, Margaret. Is this some new ‘cult’?” “I still smoke a great deal more than is good for me,” she confessed, “but I don’t smoke opium .” The effect of these words upon the two men who listened was curious. Gray turned an angry glance upon the brown packet lying on the table, and “Faugh!” he exclaimed, and drawing a handkerchief from his sleeve began disgustedly to wipe his lips. Seton stared hard at the speaker, tossed his cheroot into the fire, and taking up the packet withdrew a cigarette and sniffed at it critically. Margaret watched him. He tore the wrapping off, and tasted a strand of the tobacco. “Good heavens!” he whispered. “Gray, these things are doped!” CHAPTER X. SIR LUCIEN’S STUDY WINDOW Old",Dope,"Rohmer, Sax",PR,Crime Fiction; Browsing: Crime/Mystery; Browsing: Fiction,Detective and mystery stories ; Drug traffic -- Fiction ; PR,Public domain in the USA.,1919,Sax Rohmer,male,English,1883.0,1959.0,Wikipedia,True,13
359,1182,opium,"her marriage. But she did not care for him in the least—in that way.” “Then in what way did she care for him?” rapped Kerry. “Well—now we are coming to the point.” Momentarily she hesitated, then: “They were both addicted—” “Yes?” “—to drugs.” “Eh?” Kerry’s eyes grew hard and fierce in a moment. “What drugs?” “All sorts of drugs. Shortly after I became acquainted with Rita Irvin I learned that she was a victim of the drug habit, and I tried to cure her. I regret to say that I failed. At that time she had acquired a taste for opium .” Kerry said not a word, and Margaret raised her head and looked at him pathetically. “I can see that you have no pity for the victims of this ghastly vice, Inspector Kerry,” she said. “I haven’t!” he snapped fiercely. “I admit I haven’t, miss. It’s bad enough in the heathens, but for an Englishwoman to dope herself is downright unchristian and beastly.” “Yet I have come across so many of these cases, during the war and since, that I have begun to understand how easy, how dreadfully easy it is, for a woman especially, to fall into the fatal",Dope,"Rohmer, Sax",PR,Crime Fiction; Browsing: Crime/Mystery; Browsing: Fiction,Detective and mystery stories ; Drug traffic -- Fiction ; PR,Public domain in the USA.,1919,Sax Rohmer,male,English,1883.0,1959.0,Wikipedia,True,13
360,1182,opium,"Irvin’s case is less excusable. I think she must have begun drug-taking because of the mental and nervous exhaustion resulting from late hours and over-much gaiety. The demands of her profession proved too great for her impaired nervous energy, and she sought some stimulant which would enable her to appear bright on the stage when actually she should have been recuperating, in sleep, that loss of vital force which can be recuperated in no other way.” “But _opium!_” snapped Kerry. “I am afraid her other drug habits had impaired her will, and shaken her self-control. She was tempted to try opium by its promise of a new and novel excitement.” “Her husband, I take it, was ignorant of all this?” “I believe he was. Quentin—Mr. Gray—had no idea of it either.” “Then it was Sir Lucien Pyne who was in her confidence in the matter?” Margaret nodded slowly, still tapping the blotting-pad. “He used to accompany her to places where drugs could be obtained, and on several occasions—I cannot say how many—I believe he went with her to some den in Chinatown. It may have been due to Mr. Irvin’s discovery that his wife could not satisfactorily account for some of",Dope,"Rohmer, Sax",PR,Crime Fiction; Browsing: Crime/Mystery; Browsing: Fiction,Detective and mystery stories ; Drug traffic -- Fiction ; PR,Public domain in the USA.,1919,Sax Rohmer,male,English,1883.0,1959.0,Wikipedia,True,13
361,1182,opium,"offered some slight deterrent at this stage of Rita’s descent, but the girl had quitted her suburban home as soon as her salary had rendered her sufficiently independent to do so, and had established herself in a small but elegant flat situated in the heart of theatreland. But if she had walked blindly into the clutches of cocaine and veronal, her subsequent experiments with _chandu_ were prompted by indefensible curiosity, and a false vanity which urged her to do everything that was “done” by the ultra-smart and vicious set of which she had become a member. Her first introduction to opium -smoking was made under the auspices of an American comedian then appearing in London, an old devotee of the poppy, and it took place shortly after Sir Lucien Pyne had proposed marriage to Rita. This proposal she had not rejected outright; she had pleaded time for consideration. Monte Irvin was away, and Rita secretly hoped that on his return he would declare himself. Meanwhile she indulged in every new craze which became fashionable among her associates. A _chandu_ party took place at the American’s flat in Duke Street, and Rita, who had been invited, and who had consented to go",Dope,"Rohmer, Sax",PR,Crime Fiction; Browsing: Crime/Mystery; Browsing: Fiction,Detective and mystery stories ; Drug traffic -- Fiction ; PR,Public domain in the USA.,1919,Sax Rohmer,male,English,1883.0,1959.0,Wikipedia,True,13
362,1182,opium,"he would declare himself. Meanwhile she indulged in every new craze which became fashionable among her associates. A _chandu_ party took place at the American’s flat in Duke Street, and Rita, who had been invited, and who had consented to go with Sir Lucien Pyne, met there for the first time the woman variously known as “Lola” and “Mrs. Sin.” CHAPTER XIII. A CHANDU PARTY From the restaurant at which she had had supper with Sir Lucien, Rita proceeded to Duke Street. Alighting from Pyne’s car at the door, they went up to the flat of the organizer of the opium party—Mr. Cyrus Kilfane. One other guest was already present—a slender, fair woman, who was introduced by the American as Mollie Gretna, but whose weakly pretty face Rita recognized as that of a notorious society divorcée, foremost in the van of every new craze, a past-mistress of the smartest vices. Kilfane had sallow, expressionless features and drooping, light-colored eyes. His straw-hued hair, brushed back from a sloping brow, hung lankly down upon his coat-collar. Long familiarity with China’s ruling vice and contact with those who practiced it had brought about that mysterious physical alteration—apparently reflecting a mental change—so often to be",Dope,"Rohmer, Sax",PR,Crime Fiction; Browsing: Crime/Mystery; Browsing: Fiction,Detective and mystery stories ; Drug traffic -- Fiction ; PR,Public domain in the USA.,1919,Sax Rohmer,male,English,1883.0,1959.0,Wikipedia,True,13
363,1182,opium,"“Do you seek forgetfulness of old joys?” he asked. “This is my own case and Pyne’s. Or do you, as Mollie does, seek new joys—youth’s eternal quest?” Rita laughed with a careless abandon which belonged to that part of her character veiled from the outer world. “I think I agree with Miss Gretna,” she said lightly. “There is not so much happiness in life that I want to forget the little I have had.” “Happiness,” murmured Kilfane. “There is no real happiness. Happiness is smoke. Let us smoke.” “I am curious, but half afraid,” declared Rita. “I have heard that opium sometimes has no other effect than to make one frightfully ill.” “Oh, my dear!” cried Miss Gretna, with a foolish giggling laugh, “you will love it! Such fascinating dreams! Such delightful adventures!” “Other drugs,” drawled Sir Lucien, “merely stimulate one’s normal mental activities. _Chandu_ is a key to another life. Cocaine, for instance enhances our capacity for work. It is only a heretic like De Quincey who prostitutes the magic gum to such base purposes. _Chandu_ is misunderstood in Europe; in Asia it is the companion of the aesthete’s leisure.” “But surely,” said Rita, “one pipe of opium will not",Dope,"Rohmer, Sax",PR,Crime Fiction; Browsing: Crime/Mystery; Browsing: Fiction,Detective and mystery stories ; Drug traffic -- Fiction ; PR,Public domain in the USA.,1919,Sax Rohmer,male,English,1883.0,1959.0,Wikipedia,True,13
364,1182,opium,"heard that opium sometimes has no other effect than to make one frightfully ill.” “Oh, my dear!” cried Miss Gretna, with a foolish giggling laugh, “you will love it! Such fascinating dreams! Such delightful adventures!” “Other drugs,” drawled Sir Lucien, “merely stimulate one’s normal mental activities. _Chandu_ is a key to another life. Cocaine, for instance enhances our capacity for work. It is only a heretic like De Quincey who prostitutes the magic gum to such base purposes. _Chandu_ is misunderstood in Europe; in Asia it is the companion of the aesthete’s leisure.” “But surely,” said Rita, “one pipe of opium will not produce all these wonders.” “Some people never experience them at all,” interrupted Miss Gretna. “The great idea is to get into a comfortable position, and just resign yourself—let yourself go. Oh, it’s heavenly!” Cyrus Kilfane turned his dull eyes in Rita’s direction. “A question of temperament and adaptability,” he murmured. “De Quincey, Pyne”—slowly turning towards the baronet—“is didactic, of course; but his _Confessions_ may be true, nevertheless. He forgets, you see, that he possessed an unusual constitution, and the temperament of a Norwegian herring. He forgets, too, that he was a laudanum drinker, not an opium smoker. Now",Dope,"Rohmer, Sax",PR,Crime Fiction; Browsing: Crime/Mystery; Browsing: Fiction,Detective and mystery stories ; Drug traffic -- Fiction ; PR,Public domain in the USA.,1919,Sax Rohmer,male,English,1883.0,1959.0,Wikipedia,True,13
365,1182,opium,"be delightful. Trust your Uncle Cy.” Leaving Rita chatting with Miss Gretna, Kilfane took Pyne aside, offering him a cigarette from an ornate, jewelled case. “Hello,” said the baronet, “can you still get these?” “With the utmost difficulty,” murmured Kilfane, returning the case to his pocket. “Lola charges me five guineas a hundred for them, and only supplies them as a favor. I shall be glad to get back home, Pyne. The right stuff is the wrong price in London.” Sir Lucien laughed sardonically, lighting Kilfane’s cigarette and then his own. “I find it so myself,” he said. “Everything except opium is to be had at Kazmah’s, and nothing except opium interests me.” “He supplies me with cocaine,” murmured the comedian. “His figure works out, as nearly as I can estimate it, at 10s 7½d. a grain. I saw him about it yesterday afternoon, pointing out to the brown guy that as the wholesale price is roughly 2¼d., I regarded his margin of profit as somewhat broad.” “Indeed!” “The first time I had ever seen him, Pyne. I brought an introduction from Dr. Silver, of New York, and Kazmah supplied me without question—at a price.” “You always saw Rashîd?” “Yes. If",Dope,"Rohmer, Sax",PR,Crime Fiction; Browsing: Crime/Mystery; Browsing: Fiction,Detective and mystery stories ; Drug traffic -- Fiction ; PR,Public domain in the USA.,1919,Sax Rohmer,male,English,1883.0,1959.0,Wikipedia,True,13
366,1182,opium,"I waited. But yesterday I made a personal appointment with Kazmah. He pretended to think I had come to have a dream interpreted. He is clever, Pyne. He never moved a muscle throughout the interview. But finally he assured me that all the receivers in England had amalgamated, and that the price he charged represented a very narrow margin of profit. Of course he is a liar. He is making a fortune. Do you know him personally?” “No,” replied Sir Lucien, “outside his Bond Street home of mystery he is unknown. A clever man, as you say. You obtain your opium from Lola?” “Yes. Kazmah sent her to me. She keeps me on ridiculously low rations, and if I had not brought my own outfit I don’t think she would have sold me one. Of course, her game is beating up clients for the Limehouse dive.” “You have visited ‘The House of a Hundred Raptures’?” “Many times, at week-ends. Opium, like wine, is better enjoyed in company.” “Does she post you the opium?” “Oh, no; my man goes to Limehouse for it. Ah! here she is.” A woman came in, carrying a brown leather attaché case. She had left her hat",Dope,"Rohmer, Sax",PR,Crime Fiction; Browsing: Crime/Mystery; Browsing: Fiction,Detective and mystery stories ; Drug traffic -- Fiction ; PR,Public domain in the USA.,1919,Sax Rohmer,male,English,1883.0,1959.0,Wikipedia,True,13
367,1182,opium,"Do you know him personally?” “No,” replied Sir Lucien, “outside his Bond Street home of mystery he is unknown. A clever man, as you say. You obtain your opium from Lola?” “Yes. Kazmah sent her to me. She keeps me on ridiculously low rations, and if I had not brought my own outfit I don’t think she would have sold me one. Of course, her game is beating up clients for the Limehouse dive.” “You have visited ‘The House of a Hundred Raptures’?” “Many times, at week-ends. Opium, like wine, is better enjoyed in company.” “Does she post you the opium ?” “Oh, no; my man goes to Limehouse for it. Ah! here she is.” A woman came in, carrying a brown leather attaché case. She had left her hat and coat in the hall, and wore a smart blue serge skirt and a white blouse. She was not tall, but she possessed a remarkably beautiful figure which the cut of her garments was not intended to disguise, and her height was appreciably increased by a pair of suéde shoes having the most wonderful heels which Rita ever remembered to have seen worn on or off the stage. They seemed to",Dope,"Rohmer, Sax",PR,Crime Fiction; Browsing: Crime/Mystery; Browsing: Fiction,Detective and mystery stories ; Drug traffic -- Fiction ; PR,Public domain in the USA.,1919,Sax Rohmer,male,English,1883.0,1959.0,Wikipedia,True,13
368,1182,opium,"new supply?” “Oh no, indeed,” replied Mrs. Sin, tossing her head in a manner oddly reminiscent of a once famous Spanish dancer. “Next Tuesday you get some more. Ah! it is no good! You talk and talk and it cannot alter anything. Until they come I cannot give them to you.” “But it appears to me,” murmured Kilfane, “that the supply is always growing less.” “Of course. The best goes all to Edinburgh now. I have only three sticks of Yezd left of all my stock.” “But the cigarettes.” “Are from Buenos Ayres? Yes. But Buenos Ayres must get the opium before we get the cigarettes, eh? Five cases come to London on Tuesday, Cy. Be of good courage, my dear.” She patted the sallow cheek of the American with her jewelled fingers, and turned aside, glancing about her. “Yes,” murmured Kilfane. “We are all present, Lola. I have had the room prepared. Come, my children, let us enter the poppy portico.” He opened a door and stood aside, waving one thin yellow hand between the first two fingers of which smouldered the drugged cigarette. Led by Mrs. Sin the company filed into an apartment evidently intended for a drawing-room, but",Dope,"Rohmer, Sax",PR,Crime Fiction; Browsing: Crime/Mystery; Browsing: Fiction,Detective and mystery stories ; Drug traffic -- Fiction ; PR,Public domain in the USA.,1919,Sax Rohmer,male,English,1883.0,1959.0,Wikipedia,True,13
369,1182,opium,"cases come to London on Tuesday, Cy. Be of good courage, my dear.” She patted the sallow cheek of the American with her jewelled fingers, and turned aside, glancing about her. “Yes,” murmured Kilfane. “We are all present, Lola. I have had the room prepared. Come, my children, let us enter the poppy portico.” He opened a door and stood aside, waving one thin yellow hand between the first two fingers of which smouldered the drugged cigarette. Led by Mrs. Sin the company filed into an apartment evidently intended for a drawing-room, but which had been hastily transformed into an opium divan. Tables, chairs, and other items of furniture had been stacked against one of the walls and the floor spread with rugs, skins, and numerous silk cushions. A gas fire was alight, but before it had been placed an ornate Japanese screen whereon birds of dazzling plumage hovered amid the leaves of gilded palm trees. In the centre of the room stood a small card-table, and upon it were a large brass tray and an ivory pedestal exquisitely carved in the form of a nude figure having one arm upraised. The figure supported a lamp, the light of which was",Dope,"Rohmer, Sax",PR,Crime Fiction; Browsing: Crime/Mystery; Browsing: Fiction,Detective and mystery stories ; Drug traffic -- Fiction ; PR,Public domain in the USA.,1919,Sax Rohmer,male,English,1883.0,1959.0,Wikipedia,True,13
370,1182,opium,"of cushions stacked in a recess beside the fireplace. “I am going to take off my shoes. The last time, Cyrus, when I woke up my feet were quite numb.” “You should come down to my place,” said Mrs. Sin, setting the leather case on the little card-table beside the lamp. “You have there your own little room and silken sheets to lie in, and it is quiet—so quiet.” “Oh!” cried Mollie Gretna, “I _must_ come! But I daren’t go alone. Will you come with me, dear?” turning to Rita. “I don’t know,” was the reply. “I may not like opium .” “But if you do—and I know you will?” “Why,” said Rita, glancing rapidly at Pyne, “I suppose it would be a novel experience.” “Let me arrange it for you,” came the harsh voice of Mrs. Sin. “Lucy will drive you both down—won’t you, my dear?” The shadowed eyes glanced aside at Sir Lucien Pyne. “Certainly,” he replied. “I am always at the ladies’ service.” Rita Dresden settled herself luxuriously into a nest of silk and fur in another corner of the room, regarding the baronet coquettishly through her half-lowered lashes. “I won’t go unless it is my party, Lucy,”",Dope,"Rohmer, Sax",PR,Crime Fiction; Browsing: Crime/Mystery; Browsing: Fiction,Detective and mystery stories ; Drug traffic -- Fiction ; PR,Public domain in the USA.,1919,Sax Rohmer,male,English,1883.0,1959.0,Wikipedia,True,13
371,1182,opium,"with a familiarity bred of habit. “What a strange woman!” whispered Rita to Pyne. “Is she an oriental?” “Cuban-Jewess,” he replied in a low voice. Mrs. Sin carefully lighted the lamp, which burned with a short, bluish flame, and, opening the lacquered box, she dipped the spatula into the thick gummy substance which it contained and twisted the little instrument round and round between her fingers, presently withdrawing it with a globule of _chandu_, about the size of a bean, adhering to the end. She glanced aside at Kilfane. “Chinese way, eh?” she said. She began to twirl the prepared opium above the flame of the lamp. From it a slight, sickly smelling vapor arose. No one spoke, but all watched her closely; and Rita was conscious of a growing, pleasurable excitement. When by evaporation the _chandu_ had become reduced to the size of a small pea, and a vague spirituous blue flame began to dance round the end of the spatula, Mrs. Sin pressed it adroitly into the tiny bowl of one of the ivory pipes, having first held the bowl inverted for a moment over the lamp. She turned to Rita. “The guest of the evening,” she said. “Do",Dope,"Rohmer, Sax",PR,Crime Fiction; Browsing: Crime/Mystery; Browsing: Fiction,Detective and mystery stories ; Drug traffic -- Fiction ; PR,Public domain in the USA.,1919,Sax Rohmer,male,English,1883.0,1959.0,Wikipedia,True,13
372,1182,opium,"the party. The second “pill” was no more than half consumed when a growing feeling of nausea seized upon the novice, becoming so marked that she dropped the ivory pipe weakly and uttered a faint moan. Instantly, silently, Mrs. Sin was beside her. “Lean forward—so,” she whispered, softly, as if fearful of intruding her voice upon these sacred rites. “In a moment you will be better. Then, if you feel faint, lie back. It is the sleep. Do not fight against it.” The influence of the stronger will prevailed. Self-control and judgment are qualities among the first to succumb to opium . Rita ceased to think longingly of the clean, fresh air, of escape from these sickly fumes which seemed now to fill the room with a moving vacuum. She bent forward, her chin resting upon her breast, and gradually the deathly sickness passed. Mentally, she underwent a change, too. From an active state of resistance the ego traversed a descending curve ending in absolute passivity. The floor had seemingly begun to revolve and was moving insidiously, so that the pattern of the carpet formed a series of concentric rings. She found this imaginary phenomenon to be soothing rather than otherwise,",Dope,"Rohmer, Sax",PR,Crime Fiction; Browsing: Crime/Mystery; Browsing: Fiction,Detective and mystery stories ; Drug traffic -- Fiction ; PR,Public domain in the USA.,1919,Sax Rohmer,male,English,1883.0,1959.0,Wikipedia,True,13
373,1182,opium,"lonely palm to the remote horizon, a thousand elfin fires arose—blue-tongued and spirituous. Grey pencilings of smoke stole straightly upward to the sky, so that look where she would Rita could discern nothing but these countless thin, faintly wavering, vertical lines of vapor. The dimensions of the lacquered casket had increased so vastly as to conceal the kneeling figure of Mrs. Sin, and staring at it wonderingly, Rita suddenly perceived that it was not an ordinary casket. She knew at last why its shape had struck her as being unusual. It was a Chinese coffin. The smell of the burning opium was stifling her. Those remorseless threads of smoke were closing in, twining themselves about her throat. It was becoming cold, too, and the moonlight was growing dim. The position of the moon had changed, of course, as the night had stolen on towards morning, and now it hung dimly before her. The smoke obscured it. But was this smoke obscuring the moon? Rita moved her hands for the first time since she had found herself under the palm tree, weakly fending off those vaporous tentacles which were seeking to entwine themselves about her throat. Of course, it was not smoke",Dope,"Rohmer, Sax",PR,Crime Fiction; Browsing: Crime/Mystery; Browsing: Fiction,Detective and mystery stories ; Drug traffic -- Fiction ; PR,Public domain in the USA.,1919,Sax Rohmer,male,English,1883.0,1959.0,Wikipedia,True,13
374,1182,opium,"expression of mystic rapture like that characterizing the features of some Chinese Buddhas. Fear, unaccountable but uncontrollable, suddenly seized upon Rita. She felt weak and dizzy, but she struggled partly upright. “Lucy!” she whispered. Her voice was not under control, and once more she strove to call to Pyne. “Lucy!” came the hoarse whisper again. The fire continued its muted roaring, but no other sound answered to the appeal. A horror of the companionship in which she found herself thereupon took possession of the girl. She must escape from these sleepers, whose spirits had been expelled by the potent necromancer, opium , from these empty tenements whose occupants had fled. The idea of the cool night air in the open streets was delicious. She staggered to her feet, swaying drunkenly, but determined to reach the door. She shuddered, because of a feeling of internal chill which assailed her, but step by step crept across the room, opened the door, and tottered out into the hallway. There was no sound in the flat. Presumably Kilfane’s man had retired, or perhaps he, too, was a devotee. Rita’s fur coat hung upon the rack, and although her fingers appeared to have lost all their",Dope,"Rohmer, Sax",PR,Crime Fiction; Browsing: Crime/Mystery; Browsing: Fiction,Detective and mystery stories ; Drug traffic -- Fiction ; PR,Public domain in the USA.,1919,Sax Rohmer,male,English,1883.0,1959.0,Wikipedia,True,13
375,1182,opium,"She had luncheon with Monte Irvin, and had listened almost dazedly to his plans for the future. His wealth was even greater than her mother had estimated it to be, and Rita’s most cherished dreams were dwarfed by the prospects which Monte Irvin opened up before her. It almost seemed as though he knew and shared her dearest ambitions. She was to winter beneath real Southern palms and to possess a cruising yacht, not one of boards and canvas like that which figured in _The Maid of the Masque_. Real Southern palms, she mused guiltily, not those conjured up by opium . That he was solicitous for her health the nature of his schemes revealed. They were to visit Switzerland, and proceed thence to a villa which he owned in Italy. Christmas they would spend in Cairo, explore the Nile to Assouan in a private _dahabîyeh_, and return home via the Riviera in time to greet the English spring. Rita’s delicate, swiftly changing color, her almost ethereal figure, her intense nervous energy he ascribed to a delicate constitution. She wondered if she would ever dare to tell him the truth; if she ought to tell him. Pyne came to her dressing-room",Dope,"Rohmer, Sax",PR,Crime Fiction; Browsing: Crime/Mystery; Browsing: Fiction,Detective and mystery stories ; Drug traffic -- Fiction ; PR,Public domain in the USA.,1919,Sax Rohmer,male,English,1883.0,1959.0,Wikipedia,True,13
376,1182,opium,"many times thought before, of cutting adrift from the entire clique, but there was no return of that sincere emotional desire to reform which she had experienced on the day that Monte Irvin had taken her hand, in blind trust, and had asked her to be his wife. Had she analyzed, or been capable of analyzing, her intentions with regard to the future, she would have learned that daily they inclined more and more towards compromise. The drug habit was sapping will and weakening morale, insidiously, imperceptibly. She was caught in a current of that “sacred river” seen in an opium -trance by Coleridge, and which ran— “Through caverns measureless to man Down to a sunless sea.” Pyne’s big car was at the stage-door on the fateful Saturday night, for Rita had brought her dressing-case to the theatre, and having called for Kilfane and Mollie Gretna they were to proceed direct to Limehouse. Rita, as she entered the car, noticed that Juan Mareno, Sir Lucien’s man, and not the chauffeur with whom she was acquainted, sat at the wheel. As they drove off: “Why is Mareno driving tonight, Lucy?” she asked. Sir Lucien glanced aside at her. “He is in my",Dope,"Rohmer, Sax",PR,Crime Fiction; Browsing: Crime/Mystery; Browsing: Fiction,Detective and mystery stories ; Drug traffic -- Fiction ; PR,Public domain in the USA.,1919,Sax Rohmer,male,English,1883.0,1959.0,Wikipedia,True,13
377,1182,opium,"back of the house, furnished comfortably but in execrably bad taste. A cheerful fire was burning in the grate, the flue of which had been ingeniously diverted by Sin Sin Wa so that the smoke issued from a chimney of the adjoining premises. On the mantelshelf, which was garishly draped, were a number of photographs of Mrs. Sin in Spanish dancing costume. Pyne seated himself in an armchair and lighted a cigarette. Except for the ticking of a clock the room was silent as a padded cell. Upon a little Moorish table beside a deep, low settee lay a complete opium -smoking outfit. Lolling back in the chair and crossing his legs, Sir Lucien became lost in abstraction, and he was thus seated when, some ten minutes later, Mrs. Sin came in. “Ah!” she said, her harsh voice softened to a whisper. “I wondered. So you wait to smoke with me?” Pyne slowly turned his head, staring at her as she stood in the doorway, one hand resting on her hip and her shapely figure boldly outlined by the kimono. “No,” he replied. “I don’t want to smoke. Are they all provided for?” Mrs. Sin shook her head. “Not Cy,” she",Dope,"Rohmer, Sax",PR,Crime Fiction; Browsing: Crime/Mystery; Browsing: Fiction,Detective and mystery stories ; Drug traffic -- Fiction ; PR,Public domain in the USA.,1919,Sax Rohmer,male,English,1883.0,1959.0,Wikipedia,True,13
378,1182,opium,"hip and her shapely figure boldly outlined by the kimono. “No,” he replied. “I don’t want to smoke. Are they all provided for?” Mrs. Sin shook her head. “Not Cy,” she said. “Two pipes are nothing to him. He will need two more—perhaps three. But you are not going to smoke?” “Not tonight, Lola.” She frowned, and was about to speak, when: “Lola, my dear,” came a distant, querulous murmur. “Give me another pipe.” Sin tossed her head, turned, and went out again. Sir Lucien lighted another cigarette. When finally the woman came back, Cyrus Kilfane had presumably attained the opium -smoker’s paradise, for Lola closed the door and seated herself upon the arm of Sir Lucien’s chair. She bent down, resting her dusky cheek against his. “You smoke with me?” she whispered coaxingly. “No, Lola, not tonight,” he said, patting her jewel-laden hand and looking aside into the dark eyes which were watching him intently. Mrs. Sin became silent for a few moments. “Something has changed in you,” she said at last. “You are different—lately.” “Indeed!” drawled Sir Lucien. “Possibly you are right. Others have said the same thing.” “You have lots of money now. Your investments have been good.",Dope,"Rohmer, Sax",PR,Crime Fiction; Browsing: Crime/Mystery; Browsing: Fiction,Detective and mystery stories ; Drug traffic -- Fiction ; PR,Public domain in the USA.,1919,Sax Rohmer,male,English,1883.0,1959.0,Wikipedia,True,13
379,1182,opium,"Besides, Monte Irvin is a good fellow.” Gradually, as he spoke, the rigid arms relaxed and the lithe body ceased to quiver. Finally, Lola sank back against his shoulder, sighing. “I don’t believe you,” she whispered. “You are telling me lies. But you have always told me lies; one more does not matter, I suppose. How strong you are. You have hurt my wrists. You will smoke with me now?” For a moment Pyne hesitated, then: “Very well,” he said. “Go and lie down. I will roast the _chandu_.” CHAPTER XVIII. THE DREAM OF SIN SIN WA For a habitual opium -smoker to abstain when the fumes of _chandu_ actually reach his nostrils is a feat of will-power difficult adequately to appraise. An ordinary tobacco smoker cannot remain for long among those who are enjoying the fragrant weed without catching the infection and beginning to smoke also. Twice to redouble the lure of my lady Nicotine would be but loosely to estimate the seductiveness of the Spirit of the Poppy; yet Sir Lucien Pyne smoked one pipe with Mrs. Sin, and perceiving her to be already in a state of dreamy abstraction, loaded a second, but in his own case with",Dope,"Rohmer, Sax",PR,Crime Fiction; Browsing: Crime/Mystery; Browsing: Fiction,Detective and mystery stories ; Drug traffic -- Fiction ; PR,Public domain in the USA.,1919,Sax Rohmer,male,English,1883.0,1959.0,Wikipedia,True,13
380,1182,opium,"was that rare type of character whose possessor remains master of his vices. Following the fourth pipe—Pyne, after the second, had ceased to trouble to repeat his feat of legerdemain, “The sleep” claimed Mrs. Sin. Her languorous eyes closed, and her face assumed that rapt expression of Buddha-like beatitude which Rita had observed at Kilfane’s flat. According to some scientific works on the subject, sleep is not invariably induced in the case of Europeans by the use of _chandu_. Loosely, this is true. But this type of European never becomes an habitué; the habitué always sleeps. That dream-world to which opium alone holds the key becomes the real world “for the delights of which the smoker gladly resigns all mundane interests.” The exiled Chinaman returns again to the sampan of his boyhood, floating joyously on the waters of some willow-lined canal; the Malay hears once more the mystic whispering in the mangrove swamps, or scents the fragrance of nutmeg and cinnamon in the far-off golden Chersonese. Mrs. Sin doubtless lived anew the triumphs of earlier days in Buenos Ayres, when she had been La Belle Lola, the greatly beloved, and before she had met and married Sin Sin Wa. _Chandu_ gives",Dope,"Rohmer, Sax",PR,Crime Fiction; Browsing: Crime/Mystery; Browsing: Fiction,Detective and mystery stories ; Drug traffic -- Fiction ; PR,Public domain in the USA.,1919,Sax Rohmer,male,English,1883.0,1959.0,Wikipedia,True,13
381,1182,opium,"of earlier days in Buenos Ayres, when she had been La Belle Lola, the greatly beloved, and before she had met and married Sin Sin Wa. _Chandu_ gives much, but claims all, and he who would open the poppy-gates must close the door of ambition and bid farewell to manhood. Sir Lucien stood looking at the woman, and although one pipe had affected him but slightly, his imagination momentarily ran riot and a pageant of his life swept before him, so that his jaw grew hard and grim and he clenched his hands convulsively. An unbroken stillness prevailed in the opium -house of Sin Sin Wa. Recovering from his fit of abstraction, Pyne, casting a final keen glance at the sleeper, walked out of the room. He looked along the carpeted corridor in the direction of the cubicles, paused, and then opened the heavy door masking the recess behind the cupboard. Next opening the false back of the cupboard, he passed through to the lumber-room beyond, and partly closed the second door. He descended the stair and went along the passage; but ere he reached the door of the room on the ground floor: “Hello! hello! Sin Sin! Sin Sin Wa!”",Dope,"Rohmer, Sax",PR,Crime Fiction; Browsing: Crime/Mystery; Browsing: Fiction,Detective and mystery stories ; Drug traffic -- Fiction ; PR,Public domain in the USA.,1919,Sax Rohmer,male,English,1883.0,1959.0,Wikipedia,True,13
382,1182,opium,"admitted two constables. The raven, remaining perched upon his shoulder, shrieked, “Smartest leg in Buenos Ayres,” and, fully awakened, rattled invisible castanets. The police strode into the stuffy little room without ceremony, a pair of burly fellows, fresh-complexioned, and genial as men are wont to be who have reached a welcome resting-place on a damp and cheerless night. They stood by the stove, warming their hands; and one of them stooped, took up the little poker, and stirred the embers to a brighter glow. “Been havin’ a pipe, Sin?” he asked, winking at his companion. “I can smell something like opium !” “No smokee opium,” murmured Sin Sin Wa complacently. “Smokee Woodbine.” “Ho, ho!” laughed the other constable. “I _don’t_ think.” “You likee tly one piecee pipee one time?” inquired the Chinaman. “Gotchee fliend makee smokee.” The man who had poked the fire slapped his companion on the back. “Now’s your chance, Jim!” he cried. “You always said you’d like to have a cut at it.” “H’m!” muttered the other. “A ‘double’ o’ that fifteen over-proof Jamaica of yours, Sin, would hit me in a tender spot tonight.” “Lum?” murmured Sin Sin blandly. “No hate got.” He resumed his seat on",Dope,"Rohmer, Sax",PR,Crime Fiction; Browsing: Crime/Mystery; Browsing: Fiction,Detective and mystery stories ; Drug traffic -- Fiction ; PR,Public domain in the USA.,1919,Sax Rohmer,male,English,1883.0,1959.0,Wikipedia,True,13
383,1182,opium,"can be. Your father was neither a ship’s carpenter nor a shopkeeper. This I know. Your age I do not know and cannot guess, but you are no longer young. You covet wealth. For what purpose, Sin Sin Wa?” Standing behind the Chinaman, Sir Lucien’s dark face, since he made no effort to hide his feelings, revealed the fact that he attached to this seemingly abstract discussion a greater importance than his tone of voice might have led one to suppose. Sin Sin Wa remained silent for some time, then: “Most honorable sir,” he replied, “when I have smoked the opium , before my eyes—for in dreams I have two—a certain picture arises. It is that of a farm in the province of Ho-Nan. Beyond the farm stretch paddy-fields as far as one can see. Men and women and boys and girls move about the farm, happy in their labors, and far, far away dwell the mountain gods, who send the great Yellow River sweeping down through the valleys where the poppy is in bloom. It is to possess that farm, most honorable sir, and those paddy-fields that I covet wealth.” “And in spite of the opium which you consume, you",Dope,"Rohmer, Sax",PR,Crime Fiction; Browsing: Crime/Mystery; Browsing: Fiction,Detective and mystery stories ; Drug traffic -- Fiction ; PR,Public domain in the USA.,1919,Sax Rohmer,male,English,1883.0,1959.0,Wikipedia,True,13
384,1182,opium,"“when I have smoked the opium, before my eyes—for in dreams I have two—a certain picture arises. It is that of a farm in the province of Ho-Nan. Beyond the farm stretch paddy-fields as far as one can see. Men and women and boys and girls move about the farm, happy in their labors, and far, far away dwell the mountain gods, who send the great Yellow River sweeping down through the valleys where the poppy is in bloom. It is to possess that farm, most honorable sir, and those paddy-fields that I covet wealth.” “And in spite of the opium which you consume, you have never lost sight of this ideal?” “Never.” “But—your wife?” Sin Sin Wa performed a curious shrugging movement, peculiarly racial. “A man may not always have the same wife,” he replied cryptically. “The honorable wife who now attends to my requirements, laboring unselfishly in my miserable house and scorning the love of other men as she has always done—and as an honorable and upright woman is expected to do—may one day be gathered to her ancestors. A man never knows. Or she may leave me. I am not a good husband. It may be that some",Dope,"Rohmer, Sax",PR,Crime Fiction; Browsing: Crime/Mystery; Browsing: Fiction,Detective and mystery stories ; Drug traffic -- Fiction ; PR,Public domain in the USA.,1919,Sax Rohmer,male,English,1883.0,1959.0,Wikipedia,True,13
385,1182,opium,"Ho-Nan, most honorable sir,” he answered, “and it is this: ‘He who has tasted the poppy-cup has nothing to ask of love.’ She will cook for me, this little one, and stroke my brow when I am weary, and light my pipe. My eye will rest upon her with pleasure. It is all I ask.” There came a soft rapping on the outer door—three raps, a pause, and then two raps. The raven opened his beady eye. “Sin Sin Wa,” he croaked, “number one p’lice chop, lo!” Sin Sin Wa glanced aside at Sir Lucien. “The traffic. A consignment of opium ,” he said. “Sam Tûk calls.” Sir Lucien consulted his watch, and: “I should like to go with you, Sin Sin Wa,” he said. “Would it be safe to leave the house—with the upper door unlocked?” Sin Sin Wa glanced at him again. “All are sleeping, most honorable sir?” “All.” “I will lock the room above and the outer door. It is safe.” He raised a yellow hand, and the raven stepped sedately from his shoulder on to his wrist. “Come, Tling-a-Ling,” crooned Sin Sin Wa, “you go to bed, my little black friend, and one day you, too, shall",Dope,"Rohmer, Sax",PR,Crime Fiction; Browsing: Crime/Mystery; Browsing: Fiction,Detective and mystery stories ; Drug traffic -- Fiction ; PR,Public domain in the USA.,1919,Sax Rohmer,male,English,1883.0,1959.0,Wikipedia,True,13
386,1182,opium,"Sin Wa. “Gotchee no use for tin-tack. Gotchee no use for glue.” “Bran!” roared the man, his glance and pose very menacing. “Tin-tacks and glue! Who the flamin’ ’ell ever tried to sell _you_ glue?” “Me only wantchee lemindee you,” said Sin Sin Wa. “No pidgin.” “George” glared for a moment, breathing heavily; then he stooped and resumed his task, Sin Sin Wa and Sir Lucien watching him in silence. A sound of lapping water was faintly audible. Opening the canvas wrappings, the man began to take out and place upon the counter a number of reddish balls of “leaf” opium , varying in weight from about eight ounces to a pound or more. “H’m!” murmured Sin Sin Wa. “Smyrna stuff.” From a pocket of his pea-jacket he drew a long bodkin, and taking up one of the largest balls he thrust the bodkin in and then withdrew it, the steel stained a coffee color. Sin Sin Wa smelled and tasted the substance adhering to the bodkin, weighed the ball reflectively in his yellow palm, and then set it aside. He took up a second, whereupon: “’Alf a mo’, guvnor!” cried the seaman furiously. “D’you think I’m going to wait ’ere",Dope,"Rohmer, Sax",PR,Crime Fiction; Browsing: Crime/Mystery; Browsing: Fiction,Detective and mystery stories ; Drug traffic -- Fiction ; PR,Public domain in the USA.,1919,Sax Rohmer,male,English,1883.0,1959.0,Wikipedia,True,13
387,1182,opium,"He directed a glance of his beady eye upon the man. “Bloody liar,” he murmured sweetly. “Lobber.” “Who’s a robber?” shouted George, his face flushing darkly, and apparently not resenting the earlier innuendo; “Who’s a robber?” “One sarcee Smyrna feller packee stuff so fashion,” murmured Sin Sin Wa. “Thief-feller lobbee poor sailorman.” George jerked his peaked cap from his head, revealing a tangle of unkempt red hair. He scratched his skull with savage vigor. “Blimey!” he said pathetically. “’Ere’s a go! I been done brown, guv’nor.” “Lough luck,” murmured Sin Sin Wa, and resumed his examination of the cakes of opium . The man watched him now in silence, only broken by exclamations of “Blimey” and “Flaming hell” when more shot was discovered. The tests concluded: “Gotchee some more?” asked Sin Sin Wa. From the canvas wrapping George took out and tossed on the counter a square packet wrapped in grease-paper. “H’m,” murmured Sin Sin Wa, “Patna. Where you catchee?” “Off of a lascar,” growled the man. The cake of Indian opium was submitted to the same careful scrutiny as that which the balls of Turkish had already undergone, but the Patna opium proved to be unadulterated. Reaching over the counter",Dope,"Rohmer, Sax",PR,Crime Fiction; Browsing: Crime/Mystery; Browsing: Fiction,Detective and mystery stories ; Drug traffic -- Fiction ; PR,Public domain in the USA.,1919,Sax Rohmer,male,English,1883.0,1959.0,Wikipedia,True,13
388,1182,opium,"skull with savage vigor. “Blimey!” he said pathetically. “’Ere’s a go! I been done brown, guv’nor.” “Lough luck,” murmured Sin Sin Wa, and resumed his examination of the cakes of opium. The man watched him now in silence, only broken by exclamations of “Blimey” and “Flaming hell” when more shot was discovered. The tests concluded: “Gotchee some more?” asked Sin Sin Wa. From the canvas wrapping George took out and tossed on the counter a square packet wrapped in grease-paper. “H’m,” murmured Sin Sin Wa, “Patna. Where you catchee?” “Off of a lascar,” growled the man. The cake of Indian opium was submitted to the same careful scrutiny as that which the balls of Turkish had already undergone, but the Patna opium proved to be unadulterated. Reaching over the counter Sin Sin Wa produced a pair of scales, and, watched keenly by George, weighed the leaf and then the cake. “Ten-six Smyrna; one ’leben Patna,” muttered Sin Sin Wa. “You catchee eighty jimmies.” “Eh?” roared George. “Eighty quid! Eighty quid! Flamin’ blind o’ Riley! D’you think I’m up the pole? Eighty quid? You’re barmy!” “Eighty-ten,” murmured Sin Sin Wa. “Eighty jimmies opium; ten bob lead.” “I give more’n that for it!”",Dope,"Rohmer, Sax",PR,Crime Fiction; Browsing: Crime/Mystery; Browsing: Fiction,Detective and mystery stories ; Drug traffic -- Fiction ; PR,Public domain in the USA.,1919,Sax Rohmer,male,English,1883.0,1959.0,Wikipedia,True,13
389,1182,opium,"a lascar,” growled the man. The cake of Indian opium was submitted to the same careful scrutiny as that which the balls of Turkish had already undergone, but the Patna opium proved to be unadulterated. Reaching over the counter Sin Sin Wa produced a pair of scales, and, watched keenly by George, weighed the leaf and then the cake. “Ten-six Smyrna; one ’leben Patna,” muttered Sin Sin Wa. “You catchee eighty jimmies.” “Eh?” roared George. “Eighty quid! Eighty quid! Flamin’ blind o’ Riley! D’you think I’m up the pole? Eighty quid? You’re barmy!” “Eighty-ten,” murmured Sin Sin Wa. “Eighty jimmies opium ; ten bob lead.” “I give more’n that for it!” cried the seaman. “An’ I damn near hit a police boat comin’ in, too!” Sir Lucien spoke a few words rapidly in Chinese. Sin Sin Wa performed his curious oriental shrug, and taking a fat leather wallet from his hip-pocket, counted out the sum of eighty-five pounds upon the counter. “You catchee eighty-five,” he murmured. “Too muchee price.” The man grabbed the money and pocketed it without a word of acknowledgment. He turned and strode along the room, his heavy, iron-clamped boots ringing on the paved floor. “Fetch a grim,",Dope,"Rohmer, Sax",PR,Crime Fiction; Browsing: Crime/Mystery; Browsing: Fiction,Detective and mystery stories ; Drug traffic -- Fiction ; PR,Public domain in the USA.,1919,Sax Rohmer,male,English,1883.0,1959.0,Wikipedia,True,13
390,1182,opium,"adventurer. Smiling his mirthless, eternal smile, Sin Sin Wa placed the newly purchased stock upon a shelf immediately behind Sam Tûk; and Sam Tûk exhibited the first evidence of animation which had escaped him throughout the progress of the “deal.” He slowly nodded his hairless head. CHAPTER XX. KAZMAH’S METHODS Rita Dresden married Monte Irvin in the spring and bade farewell to the stage. The goal long held in view was attained at last. But another farewell which at one time she had contemplated eagerly no longer appeared desirable or even possible. To cocamania had been added a tolerance for opium , and at the last _chandu_ party given by Cyrus Kilfane she had learned that she could smoke nearly as much opium as the American habitué. The altered attitude of Sir Lucien surprised and annoyed her. He, who had first introduced her to the spirit of the coca leaf and to the goddess of the poppy, seemed suddenly to have determined to convince her of the folly of these communions. He only succeeded in losing her confidence. She twice visited the “House of a Hundred Raptures” with Mollie Gretna, and once with Mollie and Kilfane, unknown to Sir Lucien. Urgent",Dope,"Rohmer, Sax",PR,Crime Fiction; Browsing: Crime/Mystery; Browsing: Fiction,Detective and mystery stories ; Drug traffic -- Fiction ; PR,Public domain in the USA.,1919,Sax Rohmer,male,English,1883.0,1959.0,Wikipedia,True,13
391,1182,opium,"need was imperative. Nevertheless, she endeavored to find another drug dealer, and after a time was again successful. At a certain supper club she was introduced to a suave little man, quite palpably an uninterned alien, who smilingly offered to provide her with any drug to be found in the British Pharmacopeia, at most moderate charges. With this little German-Jew villain she made a pact, reflecting that, provided that his wares were of good quality, she had triumphed over Kazmah. The craving for _chandu_ seized her sometimes and refused to be exorcised by morphia, laudanum, or any other form of opium ; but she had not dared to spend a night at the “House of a Hundred Raptures” since her marriage. Her new German friend volunteered to supply the necessary gum, outfit, and to provide an apartment where she might safely indulge in smoking. She declined—at first. But finally, on Mollie Gretna’s return from France, where she had been acting as a nurse, Rita and Mollie accepted the suave alien’s invitation to spend an evening in his private opium divan. Many thousands of careers were wrecked by the war, and to the war and the consequent absence of her husband Rita",Dope,"Rohmer, Sax",PR,Crime Fiction; Browsing: Crime/Mystery; Browsing: Fiction,Detective and mystery stories ; Drug traffic -- Fiction ; PR,Public domain in the USA.,1919,Sax Rohmer,male,English,1883.0,1959.0,Wikipedia,True,13
392,1182,opium,"her increasing subjection to drugs. She was in a particularly gay humor, as the supplies from Kazmah had been regular, and she laughingly fenced with him when he reminded her of her declared intention to reform when her husband should return. “You are really as bad as Margaret,” she declared. “There is nothing the matter with me. You talk of ‘curing’ me as though I were ill. Physician, heal thyself.” The sardonic smile momentarily showed upon Pyne’s face, and: “I know when and where to pull up, Rita,” he said. “A woman never knows this. If I were deprived of opium tomorrow I could get along without it.” “I have given up opium,” replied Rita. “It’s too much trouble, and the last time Mollie and I went—” She paused, glancing quickly at Sir Lucien. “Go on,” he said grimly. “I know you have been to Sin Sin Wa’s. What happened the last time?” “Well,” continued Rita hurriedly, “Monte seemed to be vaguely suspicious. Besides, Mrs. Sin charged me most preposterously. I really cannot afford it, Lucy.” “I am glad you cannot. But what I was about to say was this: suppose _you_ were to be deprived, not of _chandu_, but of",Dope,"Rohmer, Sax",PR,Crime Fiction; Browsing: Crime/Mystery; Browsing: Fiction,Detective and mystery stories ; Drug traffic -- Fiction ; PR,Public domain in the USA.,1919,Sax Rohmer,male,English,1883.0,1959.0,Wikipedia,True,13
393,1182,opium,"Kazmah was still away. “This evening he tell me that he see your friend if he come, my lady.” As if the Fates sought to test her endurance to the utmost, Quentin Gray called shortly afterwards and invited her to dine with him and go to a theatre that evening. For five age-long seconds Rita hesitated. If no plan offered itself by nightfall she knew that her last scruple would be conquered. “After all,” whispered a voice within her brain, “Quentin is a man. Even if I took him to Kazmah’s and he was in some way induced to try opium , or even cocaine, he would probably never become addicted to drug-taking. But I should have done my part—” “Very well, Quentin,” she heard herself saying aloud. “Will you call for me?” But when he had gone Rita sat for more than half an hour, quite still, her hands clenched and her face a tragic mask. (Gunn, of Spinker’s Agency, reported telephonically to Monte Irvin in the City that the Hon. Quentin Gray had called and had remained about twenty-five minutes; that he had proceeded to the Prince’s Restaurant, and from there to Mudie’s, where he had booked a box",Dope,"Rohmer, Sax",PR,Crime Fiction; Browsing: Crime/Mystery; Browsing: Fiction,Detective and mystery stories ; Drug traffic -- Fiction ; PR,Public domain in the USA.,1919,Sax Rohmer,male,English,1883.0,1959.0,Wikipedia,True,13
394,1182,opium,"made a note on the block. “Sin Sin _Wa_, and he has a pet raven, you say, who talks?” “Who positively talks like some horrid old woman!” cried Mollie. “He has only one eye.” “The raven?” “The raven, yes—and also the Chinaman.” “What!” “Oh! it’s a nightmare to behold them together!” declared Mollie, clasping her hands and bending forward. She was gaining courage, and now looked almost boldly into the fierce eyes of the Chief Inspector. “Describe the house,” he said succinctly. “Take your time and use your own words.” Thereupon Mollie launched into a description of Sin Sin Wa’s opium -house. Kerry, his eyes fixed upon her face, listened silently. Then: “These little rooms are really next door?” he asked. “I suppose so, Inspector. We always went through the back of a cupboard!” “Can you give me names of others who used this place?” “Well”—Mollie hesitated—“poor Rita, of course and Sir Lucien. Then, Cyrus Kilfane used to go.” “Kilfane? The American actor?” “Yes.” “H’m. He’s back in America, Sir Lucien is dead, and Mrs. Irvin is missing. Nobody else?” Mollie shook her head. “Who first took you there?” “Cyrus Kilfane.” “Not Sir Lucien?” “Oh, no. But both of them had",Dope,"Rohmer, Sax",PR,Crime Fiction; Browsing: Crime/Mystery; Browsing: Fiction,Detective and mystery stories ; Drug traffic -- Fiction ; PR,Public domain in the USA.,1919,Sax Rohmer,male,English,1883.0,1959.0,Wikipedia,True,13
395,1182,opium,"you give me names of others who used this place?” “Well”—Mollie hesitated—“poor Rita, of course and Sir Lucien. Then, Cyrus Kilfane used to go.” “Kilfane? The American actor?” “Yes.” “H’m. He’s back in America, Sir Lucien is dead, and Mrs. Irvin is missing. Nobody else?” Mollie shook her head. “Who first took you there?” “Cyrus Kilfane.” “Not Sir Lucien?” “Oh, no. But both of them had been before.” “What was Kazmah’s connection with Mrs. Sin and her husband?” “I have no idea, Inspector. Kazmah used to supply cocaine and veronal and trional and heroin, but those who wanted to smoke opium he sent to Mrs. Sin.” “What! he gave them her address?” “No, no! He gave her _their_ address.” “I see. She called?” “Yes. Oh, Inspector”—Mollie bent farther forward—“I can see in your eyes that you think I am fabulously wicked! Shall I be arrested?” Kerry coughed drily and stood up. “Probably not, miss. But you may be required to give evidence.” “Oh, actually?” cried Mollie, also standing up and approaching nearer. “Yes. Shall you object?” Mollie looked into his eyes. “Not if I can be of the slightest assistance to _you_, Inspector.” A theory to explain why this social butterfly",Dope,"Rohmer, Sax",PR,Crime Fiction; Browsing: Crime/Mystery; Browsing: Fiction,Detective and mystery stories ; Drug traffic -- Fiction ; PR,Public domain in the USA.,1919,Sax Rohmer,male,English,1883.0,1959.0,Wikipedia,True,13
396,1182,opium,"Wa!” The flat note of a police whistle followed. “Sin Sin is at home,” declared Bryce. “That’s the raven.” “Does he take the thing about with him, then?” “I don’t think so. But he puts it in a cupboard when he goes out, and it never talks unless it can see a light.” Bolts were unfastened and the door was opened. Out through the moving curtain of fog shone the red glow from a stove. A grotesque silhouette appeared outlined upon the dim redness. “You wantchee me?” crooned Sin Sin Wa. “I do!” rapped Kerry. “I’ve called to look for opium .” He stepped past the Chinaman into the dimly lighted room. As he did so, the cause of an apparent deformity which had characterized the outline of Sin Sin Wa became apparent. From his left shoulder the raven partly arose, moving his big wings, and: “Smartest leg!” it shrieked in Kerry’s ear and rattled imaginary castanets. The Chief Inspector started, involuntarily. “Damn the thing!” he muttered. “Come in, Bryce, and shut the door. What’s this?” On a tea-chest set beside the glowing stove, the little door of which was open, stood a highly polished squat wooden image, gilded and colored",Dope,"Rohmer, Sax",PR,Crime Fiction; Browsing: Crime/Mystery; Browsing: Fiction,Detective and mystery stories ; Drug traffic -- Fiction ; PR,Public domain in the USA.,1919,Sax Rohmer,male,English,1883.0,1959.0,Wikipedia,True,13
397,1182,opium,"upon the smiling countenance of Detective-Sergeant Coombes. “If that smile gets any worse,” he said irritably, “they’ll have to move your ears back. Anything to report?” “Sin Sin Wa went to bed an hour ago.” “Any visitors?” “No.” “Has he been out?” “No.” “Got the ladder?” “Yes.” “All quiet in the neighborhood?” “All quiet.” “Good.” The street in which this conversation took place was one running roughly parallel with that in which the house of Sin Sin Wa was situated. A detailed search of the Chinaman’s premises had failed to bring to light any scrap of evidence to show that opium had ever been smoked there. Of the door described by Mollie Gretna, and said to communicate with the adjoining establishment, not a trace could be found. But the fact that such a door had existed did not rest solely upon Mollie’s testimony. From one of the “beat-ups” interviewed that day, Kerry had succeeded in extracting confirmatory evidence. Inquiries conducted in the neighborhood of Poplar had brought to light the fact that four of the houses in this particular street, including that occupied by Sin Sin Wa and that adjoining it, belonged to a certain Mr. Jacobs, said to reside abroad.",Dope,"Rohmer, Sax",PR,Crime Fiction; Browsing: Crime/Mystery; Browsing: Fiction,Detective and mystery stories ; Drug traffic -- Fiction ; PR,Public domain in the USA.,1919,Sax Rohmer,male,English,1883.0,1959.0,Wikipedia,True,13
398,1182,opium,"He tossed the jemmy up to Coombes, and Coombes succeeded in catching it. Then Kerry raised the glass-less sash of the window and stepped into a little room, which he surveyed by the light of his electric torch. It was filthy and littered with rubbish, but showed no sign of having been occupied for a long time. The ceiling was nearly black, and so were the walls. He went out into a narrow passage similar to that in the house of Sin Sin Wa and leading to a stair. Walking quietly, he began to ascend. Mollie Gretna’s description of the opium -house had been most detailed and lurid, and he was prepared for some extravagant scene. He found three bare, dirty rooms, having all the windows boarded up. “Hell!” he said succinctly. Resting his torch upon a dust-coated ledge of the room, which presumably was situated in the front of the house, he deposited a cud of chewing-gum in the empty grate and lovingly selected a fresh piece from the packet which he always carried. Once more chewing he returned to the narrow passage, which he knew must be that in which the secret doorway had opened. It was uncarpeted and",Dope,"Rohmer, Sax",PR,Crime Fiction; Browsing: Crime/Mystery; Browsing: Fiction,Detective and mystery stories ; Drug traffic -- Fiction ; PR,Public domain in the USA.,1919,Sax Rohmer,male,English,1883.0,1959.0,Wikipedia,True,13
399,1182,opium,"haven’t—” “For Irvin’s sake I hope not, Chief Inspector. There are two very curious points in the case—apart from the mystery which surrounds the man Kazmah: the fact that Mareno, palpably an accomplice, stayed to face the music, and the fact that Sin Sin Wa likewise has made no effort to escape. Do you see what it means? They are covering the big man—Kazmah. Once he and Mrs. Irvin are out of the way, we can prove nothing against Mareno and Sin Sin Wa! And the most we could do for Mrs. Sin would be to convict her of selling opium .” “To do even that we should have to take a witness to court,” said Kerry gloomily; “and all the satisfaction we’d get would be to see her charged ten pounds!” Silence fell between them again. It was that kind of sympathetic silence which is only possible where harmony exists; and, indeed, of all the things strange and bizarre which characterized the inquiry, this sudden amity between Kerry and Seton Pasha was not the least remarkable. It represented the fruit of a mutual respect. There was something about the lean, unshaven face of Seton Pasha, and something, too, in his",Dope,"Rohmer, Sax",PR,Crime Fiction; Browsing: Crime/Mystery; Browsing: Fiction,Detective and mystery stories ; Drug traffic -- Fiction ; PR,Public domain in the USA.,1919,Sax Rohmer,male,English,1883.0,1959.0,Wikipedia,True,13
400,1182,opium,"such as that described by Mollie Gretna into a filthy deserted dwelling such as that visited by Kerry, within the space of some thirty-six hours, was well nigh incredible. But the Chief Inspector had deduced (correctly) that the exotic appointments depicted by Mollie were all of a detachable nature—merely masking the filthiness beneath; so that at the shortest notice the House of a Hundred Raptures could be dismantled. The communicating door was a larger proposition, but that it was one within the compass of Sin Sin Wa its effectual disappearance sufficiently demonstrated. Doubtless (Kerry mused savagely) the appointments of the opium -house had been smuggled into that magically hidden cache which now concealed the conjurer Sin Sin Wa as well as the other members of the Kazmah company. How any man of flesh and blood could have escaped from a six-roomed house surrounded by detectives surpassed Kerry’s powers of imagination. How any apartment large enough to contain a mouse, much less half a dozen human beings, could exist anywhere within the area covered by the search-party he failed to understand, nor was he prepared to admit it humanly possible. Kerry chartered a taxicab by Brixton Town Hall and directed the man",Dope,"Rohmer, Sax",PR,Crime Fiction; Browsing: Crime/Mystery; Browsing: Fiction,Detective and mystery stories ; Drug traffic -- Fiction ; PR,Public domain in the USA.,1919,Sax Rohmer,male,English,1883.0,1959.0,Wikipedia,True,13
401,1182,opium,"big jail. Unhappily Seton had failed to elicit the slightest information from the saturnine Mareno. Unmoved alike by promises or threats, he had coolly adhered to his original evidence. So, while the authorities worked feverishly and all England reading of the arrest of Mareno inquired indignantly, “But who is Kazmah, and where is Mrs. Monte Irvin?” Sin Sin Wa placidly pursued his arrangements for immediate departure to the paddyfields of Ho-Nan, and sometimes in the weird crooning voice with which he addressed the raven he would sing a monotonous chant dealing with the valley of the Yellow River where the opium -poppy grows. Hidden in the cunning vault, the search had passed above him; and watchful on a quay on the Surrey shore whereto his dinghy was fastened, George Martin awaited the signal which should tell him that Kazmah and Company were ready to leave. Any time after dark he expected to see the waving lantern and to collect his last payment from the traffic. At the very hour that Kerry was hastening to Prince’s Gate, Sin Sin Wa sat before the stove in the drug cache, the green-eyed joss upon his knee. With a fragment of chamois leather he lovingly",Dope,"Rohmer, Sax",PR,Crime Fiction; Browsing: Crime/Mystery; Browsing: Fiction,Detective and mystery stories ; Drug traffic -- Fiction ; PR,Public domain in the USA.,1919,Sax Rohmer,male,English,1883.0,1959.0,Wikipedia,True,13
402,1182,opium,"ancient Sam Tûk and at intervals of five minutes or more he would slowly nod his hairless head. The sliding door which concealed the inner room was partly open, and from the opening there shone forth a dim red light, cast by the paper-shaded lamp which illuminated the place. The coarse voice of the Cuban-Jewess rose and fell in a ceaseless half-muttered soliloquy, indescribably unpleasant but to which Sin Sin Wa was evidently indifferent. Propped up amid cushions on the divan which once had formed part of the furniture of the House of a Hundred Raptures, Mrs. Sin was smoking opium . The long bamboo pipe had fallen from her listless fingers, and her dark eyes were partly glazed. Buddha-like immobility was claiming her, but it had not yet effaced that expression of murderous malice with which the smoker contemplated the unconscious woman who lay upon the bed at the other end of the room. As the moments passed the eyes of Mrs. Sin grew more and more glazed. Her harsh voice became softened, and presently: “Ah!” she whispered; “so you wait to smoke with me?” Immobile she sat propped up amid the cushions, and only her full lips moved. “Two",Dope,"Rohmer, Sax",PR,Crime Fiction; Browsing: Crime/Mystery; Browsing: Fiction,Detective and mystery stories ; Drug traffic -- Fiction ; PR,Public domain in the USA.,1919,Sax Rohmer,male,English,1883.0,1959.0,Wikipedia,True,13
403,1182,opium,"How can I keep her from it except by making the price so high that she cannot afford to buy it? I tell you I do it. I bargain for the pink and white boy, Quentin, because I want her to be indebted to him—because I want her to be so sorry for him that she lets him take her away from _you!_ Why should you _respect_ her—” Silence fell upon the drugged speaker. Sin Sin Wa could be heard crooning softly about the Yellow River and the mountain gods who sent it sweeping down through the valleys where the opium -poppy grows. “Go, Juan,” hissed Mrs. Sin. “I say—_go!_” Her voice changed eerily to a deep, mocking bass; and Rita Irvin lying, a pallid wraith of her once lovely self, upon the untidy bed, stirred slightly—her lashes quivering. Her eyes opened and stared straightly upward at the low, dirty ceiling, horror growing in their shadowy depths. CHAPTER XXXV. BEYOND THE VEIL Rita Irvin’s awakening was no awakening in the usually accepted sense of the word; it did not even represent a lifting of the veil which cut her off from the world, but no more than a momentary perception of",Dope,"Rohmer, Sax",PR,Crime Fiction; Browsing: Crime/Mystery; Browsing: Fiction,Detective and mystery stories ; Drug traffic -- Fiction ; PR,Public domain in the USA.,1919,Sax Rohmer,male,English,1883.0,1959.0,Wikipedia,True,13
404,1182,opium,"glittered greenly in the light of lamps globular and suspended in immeasurable space, were hurled at her in showers.... Sir Lucien stood before her, supporting her; and all the knives buried themselves in his body. She tried to cry out, but no sound could she utter. Darkness fell again.... A Chinaman was bending over her. His hands were tucked in his loose sleeves. He smiled, and his smile was hideous but friendly. He was strangely like Sin Sin Wa, save that he did not lack an eye. Rita found herself lying in an untidy bed in a room laden with opium fumes and dimly lighted. On a table beside her were the remains of a meal. She strove to recall having partaken of food, but was unsuccessful.... There came a blank—then a sharp, stabbing pain in her right arm. She thought it was the knife, and shrieked wildly again and again.... Years seemingly elapsed, years of agony spent amid oblique eyes which floated in space unattached to any visible body, amid reeking fumes and sounds of ceaseless conflict. Once she heard the cry of some bird, and thought it must be the parakeet which eternally sat on a branch of a",Dope,"Rohmer, Sax",PR,Crime Fiction; Browsing: Crime/Mystery; Browsing: Fiction,Detective and mystery stories ; Drug traffic -- Fiction ; PR,Public domain in the USA.,1919,Sax Rohmer,male,English,1883.0,1959.0,Wikipedia,True,13
405,1182,opium,"left; his jaws worked automatically. Sam Tûk sat motionless, his hands concealed in his sleeves, bending decrepitly forward in his chair. Then: “Hi! Guy Fawkes!” rapped Kerry, striding forward. “Who’s been letting off fire-works?” Sam Tûk nodded senilely, but spoke not a word. Kerry stooped and stared into the heart of the fire. A dense coat of white ash lay upon the embers. He grasped the shoulder of the aged Chinaman, and pushed him back so that he could look into the bleared eyes behind the owlish spectacles. “Been cleaning up the ‘evidence,’ eh?” he shouted. “This joint stinks of opium and a score of other dopes. Where are the gang?” He shook the yielding, ancient frame. “Where’s the smart with one eye?” But Sam Tûk merely nodded, and as Kerry released his hold sank forward again, nodding incessantly. “H’m, you’re a hard case,” said the Chief Inspector. “A couple of witnesses like you and the jury would retire to Bedlam!” He stood glaring fiercely at the limp frame of the old Chinaman, and as he glared his expression changed. Lying on the dirty floor not a yard from Sam Tûk’s feet was a ball of leaf opium! “Ha!” exclaimed Kerry,",Dope,"Rohmer, Sax",PR,Crime Fiction; Browsing: Crime/Mystery; Browsing: Fiction,Detective and mystery stories ; Drug traffic -- Fiction ; PR,Public domain in the USA.,1919,Sax Rohmer,male,English,1883.0,1959.0,Wikipedia,True,13
406,1182,opium,"joint stinks of opium and a score of other dopes. Where are the gang?” He shook the yielding, ancient frame. “Where’s the smart with one eye?” But Sam Tûk merely nodded, and as Kerry released his hold sank forward again, nodding incessantly. “H’m, you’re a hard case,” said the Chief Inspector. “A couple of witnesses like you and the jury would retire to Bedlam!” He stood glaring fiercely at the limp frame of the old Chinaman, and as he glared his expression changed. Lying on the dirty floor not a yard from Sam Tûk’s feet was a ball of leaf opium ! “Ha!” exclaimed Kerry, and he stooped to pick it up. As he did so, with a lightning movement of which the most astute observer could never have supposed him capable, Sam Tûk whipped a loaded rubber tube from his sleeve and struck Kerry a shrewd blow across the back of the skull. The Chief Inspector, without word or cry, collapsed upon his knees, and then fell gently forward—forward—and toppled face downwards before his assailant. His bowler fell off and rolled across the dirty floor. Sam Tûk sank deeply into his chair, and his toothless jaws worked convulsively. The skinny",Dope,"Rohmer, Sax",PR,Crime Fiction; Browsing: Crime/Mystery; Browsing: Fiction,Detective and mystery stories ; Drug traffic -- Fiction ; PR,Public domain in the USA.,1919,Sax Rohmer,male,English,1883.0,1959.0,Wikipedia,True,13
407,1182,opium,"the other impressive impedimenta which characterize the table of a Secretary of State. Quentin Gray, unable to conceal his condition of nervous excitement, stared from a window down into Whitehall. “I take it, then, Seton,” Lord Wrexborough was saying, “that in your opinion—although perhaps it is somewhat hastily formed—there is and has been no connivance between officials and receivers of drugs?” “That is my opinion, sir. The traffic has gradually and ingeniously been ‘ringed’ by a wealthy group. Smaller dealers have been bought out or driven out, and today I believe it would be difficult, if not impossible, to obtain opium , cocaine, or veronal illicitly anywhere in London. Kazmah and Company had the available stock cornered. Of course, now that they are out of business, no doubt others will step in. It is a trade that can never be suppressed under existing laws.” “I see, I see,” muttered Lord Wrexborough, adjusting his pince-nez. “You also believe that Kazmah and Company are in hiding within what you term”—he consulted a written page—“the ‘Causeway area’? And you believe that the man called Sin Sin Wa is the head of the organization?” “I believe the late Sir Lucien Pyne was the actual head",Dope,"Rohmer, Sax",PR,Crime Fiction; Browsing: Crime/Mystery; Browsing: Fiction,Detective and mystery stories ; Drug traffic -- Fiction ; PR,Public domain in the USA.,1919,Sax Rohmer,male,English,1883.0,1959.0,Wikipedia,True,13
408,1182,opium,"on Tuesday. I suppose you are off again, Seton?” “I am,” was the reply. “Chief Inspector Kerry is moving heaven and earth to find the Kazmah establishment, and I don’t want to come in a poor second.” Lord Wrexborough cleared his throat and turned in the padded revolving chair. “Honestly, Seton,” he said, “what do you think of your chance of success?” Seton Pasha smiled grimly. “Many ascribe success to wit,” he replied, “and failure to bad luck; but the Arab says ‘Kismet.’” CHAPTER XXXVIII. THE SONG OF SIN SIN WA Mrs. Sin, aroused by her husband from the deep opium sleep, came out into the fume-laden vault. Her dyed hair was disarranged, and her dark eyes stared glassily before her; but even in this half-drugged state she bore herself with the lithe carriage of a dancer, swinging her hips lazily and pointing the toes of her high-heeled slippers. “Awake, my wife,” crooned Sin Sin Wa. “Only a fool seeks the black smoke when the jackals sit in a ring.” Mrs. Sin gave him a glance of smiling contempt—a glance which, passing him, rested finally upon the prone body of Chief Inspector Kerry lying stretched upon the floor before the stove.",Dope,"Rohmer, Sax",PR,Crime Fiction; Browsing: Crime/Mystery; Browsing: Fiction,Detective and mystery stories ; Drug traffic -- Fiction ; PR,Public domain in the USA.,1919,Sax Rohmer,male,English,1883.0,1959.0,Wikipedia,True,13
409,1182,opium,"your way and I go mine. No stinking Yellow River for me. New York is good enough until it’s safe to go to Buenos Ayres.” “Smartest leg in Buenos Ayres,” croaked the raven from his wicker cage, which was set upon the counter. Sin Sin Wa regarded him smilingly. “Yes, yes, my little friend,” he crooned in Chinese, while Tling-a-Ling rattled ghostly castanets. “In Ho-Nan they will say that you are a devil and I am a wizard. That which is unknown is always thought to be magical, my Tling-a-Ling.” Mrs. Sin, who was rapidly throwing off the effects of opium and recovering her normal self-confident personality, glanced at her husband scornfully. “Tell me,” she said, “what has happened? How did he come here?” “Blinga filly doggy,” murmured Sin Sin Wa. “Knockee Ah Fung on him head and comee down here, lo. Ah Fung allee lightee now—topside. Chasee filly doggy. Allee velly proper. No bhobbery.” “Talk less and act more,” said Mrs. Sin. “Tie him up, and if you _must_ talk, talk Chinese. Tie him up.” She pointed to Kerry. Sin Sin Wa tucked his hands into his sleeves and shuffled towards the masked door communicating with the inner room. “Only",Dope,"Rohmer, Sax",PR,Crime Fiction; Browsing: Crime/Mystery; Browsing: Fiction,Detective and mystery stories ; Drug traffic -- Fiction ; PR,Public domain in the USA.,1919,Sax Rohmer,male,English,1883.0,1959.0,Wikipedia,True,13
410,1182,opium,"failure of the one-eyed Chinaman to recognize these preparations for attack nonplussed the Chief Inspector. His outstanding vice as an investigator was the directness of his own methods and of his mental outlook, so that he frequently experienced great difficulty in penetrating to the motives of a tortuous brain such as that of Sin Sin Wa. That Sin Sin Wa thought him to be still unconscious he did not believe. He was confident that his tactics had deceived the Jewess, but he entertained an almost superstitious respect for the cleverness of the Chinaman. The trick with the ball of leaf opium was painfully fresh in his memory. Kerry, in common with many members of the Criminal Investigation Department, rarely carried firearms. He was a man with a profound belief in his bare hands—aided when necessary by his agile feet. At the moment that Sin Sin Wa had checked the woman’s murderous and half insane outburst Kerry had been contemplating attack. The sudden change of language on the part of the Chinaman had arrested him in the act; and, realizing that he was listening to a confession which placed the hangman’s rope about the neck of Mrs. Sin, he lay still and",Dope,"Rohmer, Sax",PR,Crime Fiction; Browsing: Crime/Mystery; Browsing: Fiction,Detective and mystery stories ; Drug traffic -- Fiction ; PR,Public domain in the USA.,1919,Sax Rohmer,male,English,1883.0,1959.0,Wikipedia,True,13
411,1182,opium,"himself for a pariah capable of the worst crimes, and who may therefore be robbed, beaten and even murdered by his white neighbors with impunity. But when the police seek information from Chinatown, Chinatown takes its revenge—and is silent. Out on the river, above and below Limehouse, patrols watched for signals from the Asiatic quarter, and from a carefully selected spot on the Surrey side George Martin watched also. Not even the lure of a neighboring tavern could draw him from his post. Hour after hour he waited patiently—for Sin Sin Wa paid fair prices, and tonight he bought neither opium nor cocaine, but liberty. Seton Pasha, passing from point to point, and nowhere receiving news of Kerry, began to experience a certain anxiety respecting the safety of the intrepid Chief Inspector. His mind filled with troubled conjectures, he passed the house formerly occupied by the one-eyed Chinaman—where he found Detective-Sergeant Coombes on duty and very much on the alert—and followed the bank of the Thames in the direction of Limehouse Basin. The narrow, ill-lighted street was quite deserted. Bad weather and the presence of many police had driven the Asiatic inhabitants indoors. But from the river and the docks arose",Dope,"Rohmer, Sax",PR,Crime Fiction; Browsing: Crime/Mystery; Browsing: Fiction,Detective and mystery stories ; Drug traffic -- Fiction ; PR,Public domain in the USA.,1919,Sax Rohmer,male,English,1883.0,1959.0,Wikipedia,True,13
412,1182,opium,"under circumstances legally very different. Sometimes Kerry could hear him singing his weird crooning song, and twice Mrs. Sin had shrieked blasphemous execrations at him because of it. But why should Sin Sin Wa sing? What hope had he of escape? In the case of any other criminal Kerry would have answered “None,” but the ease with which this one-eyed singing Chinaman had departed from his abode under the very noses of four detectives had shaken the Chief Inspector’s confidence in the efficiency of ordinary police methods where this Chinese conjurer was concerned. A man who could convert an elaborate opium house into a dirty ruin in so short a time, too, was capable of other miraculous feats, and it would not have surprised Kerry to learn that Sin Sin Wa, at a moment’s notice, could disguise himself as a chest of tea, or pass invisible through solid walls. For evidence that Seton Pasha or any of the men from Scotland Yard had penetrated to the secret of Sam Tûk’s cellar Kerry listened in vain. What was about to happen he could not imagine, nor if his life was to be spared. In the confession so curiously extorted from Mrs. Sin",Dope,"Rohmer, Sax",PR,Crime Fiction; Browsing: Crime/Mystery; Browsing: Fiction,Detective and mystery stories ; Drug traffic -- Fiction ; PR,Public domain in the USA.,1919,Sax Rohmer,male,English,1883.0,1959.0,Wikipedia,True,13
413,1182,opium,"recently been paid off after a long voyage and had been lucky at cards. The result of the night’s traffic, then, spelled failure for British justice, the S.S. _Mahratta_ sailed one stewardess short of her complement; but among the Chinese crew of another steamer Eastward bound was one, Chung Chow, formerly known as Sin Sin Wa. And sometimes in the night watches there arose before him the picture of a black bird resting upon the knees of an aged Chinaman. Beyond these figures dimly he perceived the paddy-fields of Ho-Nan and the sweeping valley of the Yellow River, where the opium poppy grows. It was about an hour before the sailing of the ship which numbered Chung Chow among the yellow members of its crew that Seton Pasha returned once more to the deserted wharf whereon he had found Mrs. Monte Irvin’s spaniel. Afterwards, in the light of ascertained facts, he condemned himself for a stupidity passing the ordinary. For while he had conducted a careful search of the wharf and adjoining premises, convinced that there was a cellar of some kind below, he had omitted to look for a water-gate to this hypothetical cache. Perhaps his self-condemnation was deserved, but",Dope,"Rohmer, Sax",PR,Crime Fiction; Browsing: Crime/Mystery; Browsing: Fiction,Detective and mystery stories ; Drug traffic -- Fiction ; PR,Public domain in the USA.,1919,Sax Rohmer,male,English,1883.0,1959.0,Wikipedia,True,13
414,1182,opium,"In Buenos Ayres—the exact date does not matter—he made the acquaintance of a variety artiste known as La Belle Lola, a Cuban-Jewess, good-looking and unscrupulous. I cannot say if Sir Lucien was aware from the outset of his affair with La Belle that she was a married woman. But it is certain that her husband, Sin Sin Wa, very early learned of the intrigue, and condoned it. “How Sir Lucien came to get into the clutches of the pair I do not know. But that he did so we have ascertained beyond doubt. I think, personally, that his third vice— opium —was probably responsible. For Sin Sin Wa appears throughout in the character of a drug dealer. “These three people really become interesting from the time that La Belle Lola quitted the stage and joined her husband in the conducting of a concern in Buenos Ayres, which was the parent, if I may use the term, of the Kazmah business later established in Bond Street. From a music-hall illusionist, who came to grief during a South American tour, they acquired the oriental waxwork figure which subsequently mystified so many thousands of dupes. It was the work of a famous French artist",Dope,"Rohmer, Sax",PR,Crime Fiction; Browsing: Crime/Mystery; Browsing: Fiction,Detective and mystery stories ; Drug traffic -- Fiction ; PR,Public domain in the USA.,1919,Sax Rohmer,male,English,1883.0,1959.0,Wikipedia,True,13
415,1182,laudanum,"surely,” said Rita, “one pipe of opium will not produce all these wonders.” “Some people never experience them at all,” interrupted Miss Gretna. “The great idea is to get into a comfortable position, and just resign yourself—let yourself go. Oh, it’s heavenly!” Cyrus Kilfane turned his dull eyes in Rita’s direction. “A question of temperament and adaptability,” he murmured. “De Quincey, Pyne”—slowly turning towards the baronet—“is didactic, of course; but his _Confessions_ may be true, nevertheless. He forgets, you see, that he possessed an unusual constitution, and the temperament of a Norwegian herring. He forgets, too, that he was a laudanum drinker, not an opium smoker. Now you, my daughter”—the lustreless eyes again sought Rita’s flushed face—“are vivid—intensely vital. If you can succeed in resigning yourself to the hypnosis induced your experiences will be delightful. Trust your Uncle Cy.” Leaving Rita chatting with Miss Gretna, Kilfane took Pyne aside, offering him a cigarette from an ornate, jewelled case. “Hello,” said the baronet, “can you still get these?” “With the utmost difficulty,” murmured Kilfane, returning the case to his pocket. “Lola charges me five guineas a hundred for them, and only supplies them as a favor. I shall be glad to get",Dope,"Rohmer, Sax",PR,Crime Fiction; Browsing: Crime/Mystery; Browsing: Fiction,Detective and mystery stories ; Drug traffic -- Fiction ; PR,Public domain in the USA.,1919,Sax Rohmer,male,English,1883.0,1959.0,Wikipedia,True,13
416,1182,heroin,"the deeper shadows, then reclosed the water-gate and ascended to the room where Sir Lucien awaited. Such was the receiving office of Sin Sin Wa. While the wharf remained untenanted it was not likely to be discovered by the authorities, for even at low tide the river-door was invisible from passing craft. Prospective lessees who had taken the trouble to inquire about the rental had learned that it was so high as to be prohibitive. Sin Sin Wa paid fair prices and paid cash. This was no more than a commercial necessity. For those who have opium, cocaine, veronal, or heroin to sell can always find a ready market in London and elsewhere. But one sufficiently curious and clever enough to have solved the riddle of the vacant wharf would have discovered that the mysterious owner who showed himself so loath to accept reasonable offers for the property could well afford to be thus independent. Those who control “the traffic” control El Dorado—a city of gold which, unlike the fabled Manoa, actually exists and yields its riches to the unscrupulous adventurer. Smiling his mirthless, eternal smile, Sin Sin Wa placed the newly purchased stock upon a shelf immediately behind Sam Tûk;",Dope,"Rohmer, Sax",PR,Crime Fiction; Browsing: Crime/Mystery; Browsing: Fiction,Detective and mystery stories ; Drug traffic -- Fiction ; PR,Public domain in the USA.,1919,Sax Rohmer,male,English,1883.0,1959.0,Wikipedia,True,13
417,1182,heroin,"the scapegoat whenever the voice of scandal breathes the word ‘dope,’ but we rarely hear the names of the worst offenders even whispered. I have thought for a long time that the authorities must know the names of the receivers and distributors of cocaine, veronal, opium, and the other drugs, huge quantities of which find their way regularly to the West End of London. Pharmacists sometimes experience the greatest difficulty in obtaining the drugs which they legitimately require, and the prices have increased extraordinarily. Cocaine, for instance, has gone up from five and sixpence an ounce to eighty-seven shillings, and heroin from three and sixpence to over forty shillings, while opium that was once about twenty shillings a pound is now eight times the price.” Monte Irvin listened attentively. “In the course of my Guildhall duties,” he said slowly, “I have been brought in contact frequently with police officers of all ranks. If influential people are really at work protecting these villains who deal illicitly in drugs, I don’t think, and I am not prepared to believe, that they have corrupted the police.” “Neither do I believe so, Mr. Irvin!” said Margaret eagerly. “But,” Irvin pursued, exhibiting greater animation, “you inform",Dope,"Rohmer, Sax",PR,Crime Fiction; Browsing: Crime/Mystery; Browsing: Fiction,Detective and mystery stories ; Drug traffic -- Fiction ; PR,Public domain in the USA.,1919,Sax Rohmer,male,English,1883.0,1959.0,Wikipedia,True,13
418,1182,morphine,"not be afraid. Inhale—oh, so gentle—and blow the smoke from the nostrils. You know how to smoke?” “The same as a cigarette?” asked Rita excitedly, as Mrs. Sin bent over her. “The same, but very, very gentle.” Rita took the pipe and raised the mouthpiece to the lips. CHAPTER XIV. IN THE SHADE OF THE LONELY PALM Persian opium of good quality contains from ten to fifteen percent morphine, and _chandu_ made from opium of Yezd would contain perhaps twenty-five per cent of this potent drug; but because in the act of smoking distillation occurs, nothing like this quantity of morphine reaches the smoker. To the distilling process, also, may be due the different symptoms resulting from smoking _chandu_ and injecting morphia—or drinking tincture of opium, as De Quincey did. Rita found the flavor of the preparation to be not entirely unpleasant. Having overcome an initial aversion, caused by its marked medicinal tang, she grew reconciled to it and finished her first smoke without experiencing any other effect than a sensation of placid contentment. Deftly, Mrs. Sin renewed the pipe. Silence had fallen upon the party. The second “pill” was no more than half consumed when a growing feeling of nausea",Dope,"Rohmer, Sax",PR,Crime Fiction; Browsing: Crime/Mystery; Browsing: Fiction,Detective and mystery stories ; Drug traffic -- Fiction ; PR,Public domain in the USA.,1919,Sax Rohmer,male,English,1883.0,1959.0,Wikipedia,True,13
419,1182,morphine,"and must have piqued the curiosity of anyone but a drug-slave. Having seen him once, in his oracular cave, Rita had been accepted as one of the initiated. Thereafter she had had no occasion to interview the strange, immobile Egyptian, nor had she experienced any desire to do so. The method of obtaining drugs was a simple one. She had merely to present herself at the establishment in Bond Street and to purchase either a flask of perfume or a box of sweetmeats. There were several varieties of perfume, and each corresponded to a particular drug. The sweetmeats corresponded to morphine . Rashîd, the attendant, knew all Kazmah’s clients, and with the box or flask he gave them a quantity of the required drug. This scheme was precautionary. For if a visitor should chance to be challenged on leaving the place, there was the legitimate purchase to show in evidence of the purpose of the visit. No conversation was necessary, merely the selection of a scent and the exchange of a sum of money. Rashîd retired to wrap up the purchase, and with it a second and smaller package was slipped into the customer’s hand. That the prices charged were excessive—nay,",Dope,"Rohmer, Sax",PR,Crime Fiction; Browsing: Crime/Mystery; Browsing: Fiction,Detective and mystery stories ; Drug traffic -- Fiction ; PR,Public domain in the USA.,1919,Sax Rohmer,male,English,1883.0,1959.0,Wikipedia,True,13
420,1182,morphine,"precautionary. For if a visitor should chance to be challenged on leaving the place, there was the legitimate purchase to show in evidence of the purpose of the visit. No conversation was necessary, merely the selection of a scent and the exchange of a sum of money. Rashîd retired to wrap up the purchase, and with it a second and smaller package was slipped into the customer’s hand. That the prices charged were excessive—nay, ridiculous—did not concern Rita, for, in common with the rest of her kind, she was careless of expenditure. _Chandu_, alone, Kazmah did not sell. He sold morphine , tincture of opium, and other preparations; but those who sought the solace of the pipe were compelled to deal with Mrs. Sin. She would arrange _chandu_ parties, or would prepare the “Hundred Raptures” in Limehouse for visitors; but, except in the form of opiated cigarettes, she could rarely be induced to part with any of the precious gum. Thus she cleverly kept a firm hold upon the devotees of the poppy. Drug-takers form a kind of brotherhood, and outside the charmed circle they are secretive as members of the Mafia, the Camorra, or the Catouse-Menegant. In this secrecy, which,",Dope,"Rohmer, Sax",PR,Crime Fiction; Browsing: Crime/Mystery; Browsing: Fiction,Detective and mystery stories ; Drug traffic -- Fiction ; PR,Public domain in the USA.,1919,Sax Rohmer,male,English,1883.0,1959.0,Wikipedia,True,13
421,1182,morphine,"her marriage. Her new German friend volunteered to supply the necessary gum, outfit, and to provide an apartment where she might safely indulge in smoking. She declined—at first. But finally, on Mollie Gretna’s return from France, where she had been acting as a nurse, Rita and Mollie accepted the suave alien’s invitation to spend an evening in his private opium divan. Many thousands of careers were wrecked by the war, and to the war and the consequent absence of her husband Rita undoubtedly owed her relapse into opium-smoking. That she would have continued secretly to employ cocaine, veronal, and possibly morphine was probable enough; but the constant society of Monte Irvin must have made it extremely difficult for her to indulge the craving for _chandu_. She began to regret the gaiety of her old life. Loneliness and monotony plunged her into a state of suicidal depression, and she grasped eagerly at every promise of excitement. It was at about this time that she met Margaret Halley, and between the two, so contrary in disposition, a close friendship arose. The girl doctor ere long discovered Rita’s secret, of course, and the discovery was hastened by an event which occurred shortly after they",Dope,"Rohmer, Sax",PR,Crime Fiction; Browsing: Crime/Mystery; Browsing: Fiction,Detective and mystery stories ; Drug traffic -- Fiction ; PR,Public domain in the USA.,1919,Sax Rohmer,male,English,1883.0,1959.0,Wikipedia,True,13
422,1182,morphine,"and fattening on gilded fools. Unless I’m greatly mistaken, Mrs. Sin is the link between the doped cigarettes and the missing Kazmah.” “Does anyone know where she lives?” “Lots of ’em know!” snapped Kerry. “But it’s making them speak.” “To whom do you more particularly refer, Chief Inspector?” “To the moneyed asses and the brainless women belonging to a certain West End set, sir,” said Kerry savagely. “They go in for every monstrosity from Buenos Ayres, Port Said and Pekin. They get up dances that would make a wooden horse blush. They eat _hashish_ and they smoke opium. They inject morphine , and they would have their hair dyed blue if they heard it was ‘being done.’” “Ah,” sighed the Assistant Commissioner, “a very delicate and complex case, Chief Inspector. The agony of mind which Mr. Irvin must be suffering is too horrible for one to contemplate. An admirable man, too; honorable and generous. I can conceive no theory to account for the disappearance of Mrs. Irvin other than that she was a party to the murder.” “No, sir,” said Kerry guardedly. “But we have the dope clue to work on. That the Chinese receive stuff in the East End and",Dope,"Rohmer, Sax",PR,Crime Fiction; Browsing: Crime/Mystery; Browsing: Fiction,Detective and mystery stories ; Drug traffic -- Fiction ; PR,Public domain in the USA.,1919,Sax Rohmer,male,English,1883.0,1959.0,Wikipedia,True,13
423,1182,chandu,*** START OF THE PROJECT GUTENBERG EBOOK 1182 *** [Illustration] Dope By Sax Rohmer CONTENTS PART FIRST—KAZMAH THE DREAM-READER CHAPTER I. A MESSAGE FOR IRVIN CHAPTER II. THE APARTMENTS OF KAZMAH CHAPTER III. KAZMAH CHAPTER IV. THE CLOSED DOOR CHAPTER V. THE DOOR IS OPENED CHAPTER VI. RED KERRY CHAPTER VII. FURTHER EVIDENCE CHAPTER VIII. KERRY CONSULTS THE ORACLE CHAPTER IX. A PACKET OF CIGARETTES CHAPTER X. SIR LUCIEN’S STUDY WINDOW CHAPTER XI. THE DRUG SYNDICATE PART SECOND—MRS. SIN CHAPTER XII. THE MAID OF THE MASQUE CHAPTER XIII. A CHANDU PARTY CHAPTER XIV. IN THE SHADE OF THE LONELY PALM CHAPTER XV. METAMORPHOSIS CHAPTER XVI. LIMEHOUSE CHAPTER XVII. THE BLACK SMOKE CHAPTER XVIII. THE DREAM OF SIN SIN WA CHAPTER XIX. THE TRAFFIC CHAPTER XX. KAZMAH’S METHODS CHAPTER XXI. THE CIGARETTES FROM BUENOS AYRES CHAPTER XXII. THE STRANGLE-HOLD PART THIRD—THE MAN FROM WHITEHALL CHAPTER XXIII. CHIEF INSPECTOR KERRY RESIGNS CHAPTER XXIV. TO INTRODUCE 719 CHAPTER XXV. NIGHT-LIFE OF SOHO CHAPTER XXVI. THE MOODS OF MOLLIE CHAPTER XXVII. CROWN EVIDENCE CHAPTER XXVIII. THE GILDED JOSS CHAPTER XXIX. DOUBTS AND FEARS CHAPTER XXX. THE FIGHT IN THE DARK CHAPTER XXXI. THE STORY,Dope,"Rohmer, Sax",PR,Crime Fiction; Browsing: Crime/Mystery; Browsing: Fiction,Detective and mystery stories ; Drug traffic -- Fiction ; PR,Public domain in the USA.,1919,Sax Rohmer,male,English,1883.0,1959.0,Wikipedia,True,13
424,1183,opium,"friend of old and dreadful days, a little grayer above the temples, which I set down for a record of former horrors, but deliberate, stoical, thorough, as ever. His blue eyes melted in the old generous way as he saw me, and he gripped my hand in greeting. “Once again,” he said, “your dark-eyed friend has been too clever for me, Doctor. But the track as far as I could follow, leads to the old spot. In fact,”--he turned to Smith, who, grim-faced and haggard, looked thoroughly ill in that gray light--“I believe Fu-Manchu’s lair is somewhere near the former opium -den of Shen-Yan--‘Singapore Charlie.’” Smith nodded. “We will turn our attention in that direction,” he replied, “at a very early date.” Inspector Weymouth looked down at the body of Abel Slattin. “How was it done?” he asked softly. “Clumsily for Fu-Manchu,” I replied. “A snake was introduced into the house by some means--” “By Karamaneh!” rapped Smith. “Very possibly by Karamaneh,” I continued firmly. “The thing has escaped us.” “My own idea,” said Smith, “is that it was concealed about his clothing. When he fell by the open door it glided out of the house. We must have the garden",The Return of Dr. Fu-Manchu,"Rohmer, Sax",PR,Crime Fiction; Browsing: Crime/Mystery; Browsing: Fiction,"Criminal investigation -- Fiction ; China -- Fiction ; Mystery fiction ; Secret societies -- Fiction ; Adventure stories ; Fu Manchu, Doctor (Fictitious character) -- Fiction ; Poisoning -- Fiction ; PR",Public domain in the USA.,1916,Sax Rohmer,male,English,1883.0,1959.0,Wikipedia,True,13
425,1183,opium,"heart seemed to stand still) I suffered from the singular delusion that the oblique green eyes of Dr. Fu-Manchu peered out from the shadows between two stalls. It was mere phantasy, of course, the sick imaginings of a mind overwrought. I had not slept and had scarcely tasted food for more than thirty hours; for, following up a faint clue supplied by Burke, Slattin’s man, and, like his master, an ex-officer of New York Police, my friend, Nayland Smith, on the previous evening had set out in quest of some obscene den where the man called Shen-Yan--former keeper of an opium -shop--was now said to be in hiding. Shen-Yan we knew to be a creature of the Chinese doctor, and only a most urgent call had prevented me from joining Smith upon this promising, though hazardous expedition. At any rate, Fate willing it so, he had gone without me; and now--although Inspector Weymouth, assisted by a number of C. I. D. men, was sweeping the district about me--to the time of my departure nothing whatever had been heard of Smith. The ordeal of waiting finally had proved too great to be borne. With no definite idea of what I proposed to",The Return of Dr. Fu-Manchu,"Rohmer, Sax",PR,Crime Fiction; Browsing: Crime/Mystery; Browsing: Fiction,"Criminal investigation -- Fiction ; China -- Fiction ; Mystery fiction ; Secret societies -- Fiction ; Adventure stories ; Fu Manchu, Doctor (Fictitious character) -- Fiction ; Poisoning -- Fiction ; PR",Public domain in the USA.,1916,Sax Rohmer,male,English,1883.0,1959.0,Wikipedia,True,13
426,1183,opium,"most fearsome apparitions which I have witnessed. I knew that I was frozen with a sort of supernatural terror. I stood there with hands clenched, staring--staring at that white shape, which seemed to float. As I stared, every nerve in my body thrilling, I distinguished the outline of the phantom. With a subdued cry, I stepped forward. A new sensation claimed me. In that one stride I passed from the horrible to the bizarre. I found myself confronted with something tangible, certainly, but something whose presence in that place was utterly extravagant--could only be reconcilable in the dreams of an opium slave. Was I awake, was I sane? Awake and sane beyond doubt, but surely moving, not in the purlieus of Limehouse, but in the fantastic realms of fairyland. Swooping, with open arms, I rounded up in an angle against the building and gathered in this screaming thing which had inspired in me so keen a terror. The great, ghostly fan was closed as I did so, and I stumbled back toward the stair with my struggling captive tucked under my arm; I mounted into one of London’s darkest slums, carrying a beautiful white peacock! CHAPTER XII. DARK EYES LOOKED INTO",The Return of Dr. Fu-Manchu,"Rohmer, Sax",PR,Crime Fiction; Browsing: Crime/Mystery; Browsing: Fiction,"Criminal investigation -- Fiction ; China -- Fiction ; Mystery fiction ; Secret societies -- Fiction ; Adventure stories ; Fu Manchu, Doctor (Fictitious character) -- Fiction ; Poisoning -- Fiction ; PR",Public domain in the USA.,1916,Sax Rohmer,male,English,1883.0,1959.0,Wikipedia,True,13
427,1183,opium,"than five inches high, the fourth opened almost to the wire roof of the box or cage; and a fifth, which was but little higher than the first, was cut in the actual end of the contrivance. So intent was I upon this device, the purpose of which I was wholly unable to divine, that I directed the whole of my attention upon it. Then, as the Burman paused in the doorway, resting a corner of the cage upon the brilliant carpet, I glanced toward Fu-Manchu. He was watching Nayland Smith, and revealing his irregular yellow teeth--the teeth of an opium smoker--in the awful mirthless smile which I knew. “God!” whispered Smith--“the Six Gates!” “The knowledge of my beautiful country serves you well,” replied Fu-Manchu gently. Instantly I looked to my friend... and every drop of blood seemed to recede from my heart, leaving it cold in my breast. If I did not know the purpose of the cage, obviously Smith knew it all too well. His pallor had grown more marked, and although his gray eyes stared defiantly at the Chinaman, I, who knew him, could read a deathly horror in their depths. The dacoit, in obedience to a guttural",The Return of Dr. Fu-Manchu,"Rohmer, Sax",PR,Crime Fiction; Browsing: Crime/Mystery; Browsing: Fiction,"Criminal investigation -- Fiction ; China -- Fiction ; Mystery fiction ; Secret societies -- Fiction ; Adventure stories ; Fu Manchu, Doctor (Fictitious character) -- Fiction ; Poisoning -- Fiction ; PR",Public domain in the USA.,1916,Sax Rohmer,male,English,1883.0,1959.0,Wikipedia,True,13
575,2028,opium,"DIFFER VI AT SCOTLAND YARD VII THE MAN IN THE LIMOUSINE VIII CABMEN TWO IX THE MAN IN BLACK X THE GREAT UNDERSTANDING XI PRESENTING M. GASTON MAX XII MR. GIANAPOLIS XIII THE DRAFT ON PARIS XIV EAST 18642 XV CAVE OF THE GOLDEN DRAGON XVI HO-PIN'S CATACOMBS XVII KAN-SUH CONCESSIONS XVIII THE WORLD ABOVE XIX THE LIVING DEAD XX ABRAHAM LEVINSKY BUTTS IN XXI THE STUDIO IN SOHO XXII M. MAX MOUNTS CAGLIOSTRO'S STAIRCASE XXIII RAID IN THE RUE ST.-CLAUDE XXIV OPIUM XXV FATE'S SHUTTLECOCK XXVI “OUR LADY OF THE POPPIES” XXVII GROVE OF A MILLION APES XXVIII THE OPIUM AGENT XXIX M. MAX OF LONDON AND M. MAX OF PARIS XXX MAHARA XXXI MUSK AND ROSES XXXII BLUE BLINDS XXXIII LOGIC VS. INTUITION XXXIV M. MAX REPORTS PROGRESS XXXV TRACKER TRACKED XXXVI IN DUNBAR'S ROOM XXXVII THE WHISTLE XXXVIII THE SECRET TRAPS XXXIX THE LABYRINTH XL DAWN AT THE NORE XLI WESTMINSTER--MIDNIGHT THE YELLOW CLAW I THE LADY OF THE CIVET FURS Henry Leroux wrote busily on. The light of the table-lamp, softened and enriched by its mosaic shade, gave an appearance of added opulence to the already handsome appointments of the room. The little table-clock ticked merrily from",The Yellow Claw,"Rohmer, Sax",PR,Crime Fiction; Browsing: Culture/Civilization/Society; Browsing: Crime/Mystery; Browsing: Fiction,London (England) -- Social life and customs -- Fiction ; Murder -- Fiction ; Hoodlums -- Fiction ; Detective and mystery stories ; PR,Public domain in the USA.,1915,Sax Rohmer,male,English,1883.0,1959.0,Wikipedia,True,13
576,2028,opium,"limited intellect, Luke Soames had been at a loss for many days to reconcile Block A and its temporary occupants with any comprehensible scheme of things. Whereas some of the rooms would be laden with nauseating fumes, others would be free of these; the occupants, again, exhibited various symptoms. That he was a servant of an opium-den de luxe did not for some time become apparent to him; then, when first the theory presented itself, he was staggered by a discovery so momentous. But it satisfied his mind only partially. Some men whom he valeted might have been doped with opium , certainly, but all did not exhibit those indications which, from hearsay, he associated with the resin of the white poppy. Knowing nothing of the numerous and exotic vices which have sprung from the soil of the Orient, he was at a loss for a full explanation of the facts as he saw them. Finding himself unmolested, and noting, in the privacy of his own apartment, how handsomely his tips were accumulating, Soames was rapidly becoming reconciled to his underground existence, more especially as it spelt safety to a man wanted by the police. His duties thus far had never",The Yellow Claw,"Rohmer, Sax",PR,Crime Fiction; Browsing: Culture/Civilization/Society; Browsing: Crime/Mystery; Browsing: Fiction,London (England) -- Social life and customs -- Fiction ; Murder -- Fiction ; Hoodlums -- Fiction ; Detective and mystery stories ; PR,Public domain in the USA.,1915,Sax Rohmer,male,English,1883.0,1959.0,Wikipedia,True,13
577,2028,opium,"calculated to prejudice us in the eyes of our patrons, and although your own name, Soames”... Soames started and clutched at the bedcover. “Although your own name has been freely mentioned on all sides, it is not generally accepted that you perpetrated the deed.” Soames discovered his hair to be bristling; his skin tingled with a nervous apprehension. “That I,” he began dryly, paused and swallowed--“that I perpetrated.... Has it been”... “It has been hinted at by one or two Fleet Street theorists--yes, Soames! But the post-mortem examination of--the victim, revealed the fact that she was addicted to drugs”... “ Opium ?” asked Soames, eagerly. Gianapolis smiled. “What an observant mind you have, Soames!” he said. “So you have perceived that these groves are sacred to our Lady of the Poppies? Well, in part that is true. Here, under the auspices of Mr. Ho-Pin, fretful society seeks the solace of the brass pipe; yes, Soames, that is true. Have you ever tried opium?” “Never!” declared Soames, with emphasis, “never!” “Well, it is a delight in store for you! But the reason of our existence as an institution, Soames, is not far to seek. Once the joys of Chandu become perceptible to",The Yellow Claw,"Rohmer, Sax",PR,Crime Fiction; Browsing: Culture/Civilization/Society; Browsing: Crime/Mystery; Browsing: Fiction,London (England) -- Social life and customs -- Fiction ; Murder -- Fiction ; Hoodlums -- Fiction ; Detective and mystery stories ; PR,Public domain in the USA.,1915,Sax Rohmer,male,English,1883.0,1959.0,Wikipedia,True,13
578,2028,opium,"in the case.” “There's opium in the case, isn't there?” said Dunbar, adding more water to his whisky, “and where there's opium there is pretty frequently a Chinaman.” “But to my mind,” persisted Sowerby, his eyebrows drawn together in a frown of concentration, “the place where Mrs. Vernon used to get the opium was the place we raided in Gillingham Street.” “Nurse Proctor's!” cried Stringer, banging his fist on the table. “Exactly my idea! There may have been a Chinaman concerned in the management of the Gillingham Street stunt, or there may not, but I'll swear that was where the opium was supplied. In fact I don't think that there's any doubt about it. Medical evidence (opinions differed a bit, certainly) went to show that she had been addicted to opium for some years. Other evidence--you got it yourself, Inspector--went to show that she came from Gillingham Street on the night of the murder. Gillingham Street crowd vanished like a beautiful dream before we had time to nab them! What more do you want? What are we up to, messing about in Limehouse and Wapping?” Sowerby partook of a long drink and turned his eyes upon Dunbar, awaiting the inspector's reply.",The Yellow Claw,"Rohmer, Sax",PR,Crime Fiction; Browsing: Culture/Civilization/Society; Browsing: Crime/Mystery; Browsing: Fiction,London (England) -- Social life and customs -- Fiction ; Murder -- Fiction ; Hoodlums -- Fiction ; Detective and mystery stories ; PR,Public domain in the USA.,1915,Sax Rohmer,male,English,1883.0,1959.0,Wikipedia,True,13
579,2028,opium,"group which I knew, beyond any tiny doubt, to have its claws deep in Parisian society. I refer to an opium syndicate”... Dr. Cumberly started and seemed about to speak; but he restrained himself, bending forward and awaiting the detective's next words with even keener interest than hitherto. “I had been trying--all vainly--to trace the source from which the opium was obtained, and the place where it was used. I have devoted much attention to the subject, and have spent some twelve months in the opium provinces of China, you understand. I know how insidious a thing it is, this opium , and how dreadful a curse it may become when it gets a hold upon a community. I was formerly engaged upon a most sensational case in San Francisco; and the horrors of the discoveries which we made there--the American police and myself--have remained with me ever since. Pardieu! I cannot forget them! Therefore when I learnt that an organized attempt was being made to establish elaborate opium dens upon a most up-to-date plan, in Paris, I exerted myself to the utmost to break up this scheme in its infancy”... Dr. Cumberly was hanging upon every word. “Apart from the",The Yellow Claw,"Rohmer, Sax",PR,Crime Fiction; Browsing: Culture/Civilization/Society; Browsing: Crime/Mystery; Browsing: Fiction,London (England) -- Social life and customs -- Fiction ; Murder -- Fiction ; Hoodlums -- Fiction ; Detective and mystery stories ; PR,Public domain in the USA.,1915,Sax Rohmer,male,English,1883.0,1959.0,Wikipedia,True,13
580,2028,opium,"was used. I have devoted much attention to the subject, and have spent some twelve months in the opium provinces of China, you understand. I know how insidious a thing it is, this opium, and how dreadful a curse it may become when it gets a hold upon a community. I was formerly engaged upon a most sensational case in San Francisco; and the horrors of the discoveries which we made there--the American police and myself--have remained with me ever since. Pardieu! I cannot forget them! Therefore when I learnt that an organized attempt was being made to establish elaborate opium dens upon a most up-to-date plan, in Paris, I exerted myself to the utmost to break up this scheme in its infancy”... Dr. Cumberly was hanging upon every word. “Apart from the physical and moral ruin attendant upon the vice,” continued Max, “the methods of this particular organization have brought financial ruin to many.” He shook his finger at Dr. Cumberly as if to emphasize his certainty upon this point. “I will not go into particulars now, but there is a system of wholesale robbery--sapristi! of most ingenious brigandage--being practised by this group. Therefore I congratulated myself upon the inspiration",The Yellow Claw,"Rohmer, Sax",PR,Crime Fiction; Browsing: Culture/Civilization/Society; Browsing: Crime/Mystery; Browsing: Fiction,London (England) -- Social life and customs -- Fiction ; Murder -- Fiction ; Hoodlums -- Fiction ; Detective and mystery stories ; PR,Public domain in the USA.,1915,Sax Rohmer,male,English,1883.0,1959.0,Wikipedia,True,13
581,2028,opium,"can so term that apartment--was like the scene of Rimsky Korsakov's Sheherezade; I could see that very heavy charges were made at this establishment. I will not bore you with further particulars, but I will tell you of my disappointment.” “Your disappointment?” “Yes, I was disappointed. True, I had brought about the closing of that house, but of the huge sums of money fraudulently obtained from victims, I could find no trace in the accounts of Madame Jean. She defied me with silence, simply declining to give any account of herself beyond admitting that she conducted an hotel at which opium might be smoked if desired. Blagueur! Sen, the Chinaman, who professed to speak nothing but Chinese--ah! cochon!--was equally a difficult case, Nom d'un nom! I was in despair, for apart from frauds connected with the concern, I had more than small suspicions that at least one death--that of a wealthy banker--could be laid at the doors of the establishment in Rue St. Claude.”... Dr. Cumberly bent yet lower, watching the speaker's face. “A murder!” he whispered. “I do not say so,” replied Max, “but it certainly might have been. The case then must, indeed, have ended miserably, as far as",The Yellow Claw,"Rohmer, Sax",PR,Crime Fiction; Browsing: Culture/Civilization/Society; Browsing: Crime/Mystery; Browsing: Fiction,London (England) -- Social life and customs -- Fiction ; Murder -- Fiction ; Hoodlums -- Fiction ; Detective and mystery stories ; PR,Public domain in the USA.,1915,Sax Rohmer,male,English,1883.0,1959.0,Wikipedia,True,13
582,2028,opium,"wealthy banker--could be laid at the doors of the establishment in Rue St. Claude.”... Dr. Cumberly bent yet lower, watching the speaker's face. “A murder!” he whispered. “I do not say so,” replied Max, “but it certainly might have been. The case then must, indeed, have ended miserably, as far as I was concerned, if I had not chanced upon a letter which the otherwise prudent Madame Jean had forgotten to destroy. Triomphe! It was a letter of instruction, and definitely it proved that she was no more than a kind of glorified concierge, and that the chief of the opium group was in London.” “Undoubtedly in London. There was no address on the letter, and no date, and it was curiously signed: Mr. King.” “Mr. King!” Dr. Cumberly rose slowly from his chair, and took a step toward M. Max. “You are interested?” said the detective, and shrugged his shoulders, whilst his mobile mouth shaped itself in a grim smile. “Pardieu! I knew you would be! Acting upon another clue which the letter--priceless letter--contained, I visited the Credit Lyonnais. I discovered that an account had been opened there by Mr. Henry Leroux of London on behalf of his wife, Mira",The Yellow Claw,"Rohmer, Sax",PR,Crime Fiction; Browsing: Culture/Civilization/Society; Browsing: Crime/Mystery; Browsing: Fiction,London (England) -- Social life and customs -- Fiction ; Murder -- Fiction ; Hoodlums -- Fiction ; Detective and mystery stories ; PR,Public domain in the USA.,1915,Sax Rohmer,male,English,1883.0,1959.0,Wikipedia,True,13
583,2028,opium,"do not doubt that it would have been impossible, knowing the London press,” replied Dr. Cumberly, “but I, too, am glad that it has been achieved; for in the light of your Paris discoveries, I begin at last to understand.” “You were not Mrs. Leroux's medical adviser?” “I was not,” replied Cumberly, glancing sharply at Max. “Good heavens, to think that I had never realized the truth!” “It is not so wonderful at all. Of course, as I have seen from the evidence which you gave to the police, you knew that Mrs. Vernon was addicted to the use of opium ?” “It was perfectly evident,” replied Cumberly; “painfully evident. I will not go into particulars, but her entire constitution was undermined by the habit. I may add, however, that I did not associate the vice with her violent end, except”... “Ah!” interrupted Max, shaking his finger at the physician, “you are coming to the point upon which you disagreed with the divisional surgeon! Now, it is an important point. You are of opinion that the injection in Mrs. Vernon's shoulder--which could not have been self-administered”... “She was not addicted to the use of the needle,” interrupted Cumberly; “she was an",The Yellow Claw,"Rohmer, Sax",PR,Crime Fiction; Browsing: Culture/Civilization/Society; Browsing: Crime/Mystery; Browsing: Fiction,London (England) -- Social life and customs -- Fiction ; Murder -- Fiction ; Hoodlums -- Fiction ; Detective and mystery stories ; PR,Public domain in the USA.,1915,Sax Rohmer,male,English,1883.0,1959.0,Wikipedia,True,13
584,2028,opium,"opium?” “It was perfectly evident,” replied Cumberly; “painfully evident. I will not go into particulars, but her entire constitution was undermined by the habit. I may add, however, that I did not associate the vice with her violent end, except”... “Ah!” interrupted Max, shaking his finger at the physician, “you are coming to the point upon which you disagreed with the divisional surgeon! Now, it is an important point. You are of opinion that the injection in Mrs. Vernon's shoulder--which could not have been self-administered”... “She was not addicted to the use of the needle,” interrupted Cumberly; “she was an opium SMOKER.” “Quite so, quite so,” said Max: “it makes the point all the more clear. You are of opinion that this injection was made at least eight hours before the woman's death?” “At least eight hours--yes.” “Eh bien!” said Max; “and have you had extensive experience of such injections?” Dr. Cumberly stared at him in some surprise. “In a general way,” he said, “a fair number of such cases have come under my notice; but it chances that one of my patients, a regular patient--is addicted to the vice.” “Injections?” “Only as a makeshift. He has periodical bouts of opium",The Yellow Claw,"Rohmer, Sax",PR,Crime Fiction; Browsing: Culture/Civilization/Society; Browsing: Crime/Mystery; Browsing: Fiction,London (England) -- Social life and customs -- Fiction ; Murder -- Fiction ; Hoodlums -- Fiction ; Detective and mystery stories ; PR,Public domain in the USA.,1915,Sax Rohmer,male,English,1883.0,1959.0,Wikipedia,True,13
585,2028,opium,"opium SMOKER.” “Quite so, quite so,” said Max: “it makes the point all the more clear. You are of opinion that this injection was made at least eight hours before the woman's death?” “At least eight hours--yes.” “Eh bien!” said Max; “and have you had extensive experience of such injections?” Dr. Cumberly stared at him in some surprise. “In a general way,” he said, “a fair number of such cases have come under my notice; but it chances that one of my patients, a regular patient--is addicted to the vice.” “Injections?” “Only as a makeshift. He has periodical bouts of opium smoking--what I may term deliberate debauches.” “Ah!” Max was keenly interested. “This patient is a member of good society?” “He's a member of Parliament,” replied Cumberly, a faint, humorous glint creeping into his gray eyes; “but, of course, that is not an answer to your question! Yes, he is of an old family, and is engaged to the daughter of a peer.” “Dr. Cumberly,” said Max, “in a case like the present--apart from the fact that the happiness--pardieu! the life--of one of your own friends is involved... should you count it a breach of professional etiquette to divulge the name",The Yellow Claw,"Rohmer, Sax",PR,Crime Fiction; Browsing: Culture/Civilization/Society; Browsing: Crime/Mystery; Browsing: Fiction,London (England) -- Social life and customs -- Fiction ; Murder -- Fiction ; Hoodlums -- Fiction ; Detective and mystery stories ; PR,Public domain in the USA.,1915,Sax Rohmer,male,English,1883.0,1959.0,Wikipedia,True,13
586,2028,opium,"for this gentleman's name, and you, as witness in the case, cannot refuse to give it.” “I can refuse until I stand in the witness-box!” replied Cumberly, turning, a wry smile upon his face. “With the result,” interposed Max, “that the ends of justice might be defeated, and the wrong man hanged!” “True,” said Cumberly; “I am splitting hairs. It is distinctly a breach of professional etiquette, nevertheless, and I cannot disguise the fact from myself. However, since the knowledge will never go any further, and since tremendous issues are at stake, I will give you the name of my opium patient. It is Sir Brian Malpas!” “I am much indebted to you, Dr. Cumberly,” said Max; “a thousand thanks;” but in his eyes there was a far-away look. “Malpas--Malpas! Where in this case have I met with the name of Malpas?” “Inspector Dunbar may possibly have mentioned it to you in reference to the evidence of Mr. John Exel, M. P. Mr. Exel, you may remember”... “I have it!” cried Max; “Nom d'un nom! I have it! It was from Sir Brian Malpas that he had parted at the corner of Victoria Street on the night of the murder, is",The Yellow Claw,"Rohmer, Sax",PR,Crime Fiction; Browsing: Culture/Civilization/Society; Browsing: Crime/Mystery; Browsing: Fiction,London (England) -- Social life and customs -- Fiction ; Murder -- Fiction ; Hoodlums -- Fiction ; Detective and mystery stories ; PR,Public domain in the USA.,1915,Sax Rohmer,male,English,1883.0,1959.0,Wikipedia,True,13
587,2028,opium,"at the corner of Victoria Street on the night of the murder, is it not so?” “Your memory is very good, M. Max!” “Then Mr. Exel is a personal friend of Sir Brian Malpas? “Excellent! Kismet aids me still! I come to you hoping that you may be acquainted with the constitution of Mrs. Leroux, but no! behold me disappointed in this. Then--morbleu! among your patients I find a possible client of the opium syndicate!” “What! Malpas? Good God! I had not thought of that! Of course, he must retire somewhere from the ken of society to indulge in these opium orgies”... “Quite so. I have hopes. Since it would never do for Sir Brian Malpas to know who I am and what I seek, a roundabout introduction is provided by kindly Providence--Ah! that good little angel of mine!--in the person of Mr. John Exel, M. P.” “I will introduce you to Mr. Exel with pleasure.” “Eh bien! Let it be arranged as soon as possible,” said M. Max. “To Mr. John Exel I will be, as to Miss Ryland (morbleu! I hate me!) and Miss Cumberly (pardieu! I loathe myself!), M. Gaston! It is ten o'clock, and already I hear",The Yellow Claw,"Rohmer, Sax",PR,Crime Fiction; Browsing: Culture/Civilization/Society; Browsing: Crime/Mystery; Browsing: Fiction,London (England) -- Social life and customs -- Fiction ; Murder -- Fiction ; Hoodlums -- Fiction ; Detective and mystery stories ; PR,Public domain in the USA.,1915,Sax Rohmer,male,English,1883.0,1959.0,Wikipedia,True,13
588,2028,opium,"M. Gaston! It is ten o'clock, and already I hear your first patient ringing at the front-door bell. Good morning, Dr. Cumberly.” Dr. Cumberly grasped his hand cordially. “Good morning, M. Max!” The famous detective was indeed retiring, when: “M. Max!” He turned--and looked into the troubled gray eyes of Dr. Cumberly. “You would ask me where is she--Mrs. Leroux?” he said. “My friend--I may call you my friend, may I not?--I cannot say if she is living or is dead. Some little I know of the Chinese, quite a little; nom de dieu!... I hope she is dead!”... XXIV OPIUM Denise Ryland was lunching that day with Dr. Cumberly and his daughter at Palace Mansions; and as was usually the case when this trio met, the conversation turned upon the mystery. “I have just seen Leroux,” said the physician, as he took his seat, “and I have told him that he must go for a drive to-morrow. I have released him from his room, and given him the run of the place again, but until he can get right away, complete recovery is impossible. A little cheerful company might be useful, though. You might look in and see him for",The Yellow Claw,"Rohmer, Sax",PR,Crime Fiction; Browsing: Culture/Civilization/Society; Browsing: Crime/Mystery; Browsing: Fiction,London (England) -- Social life and customs -- Fiction ; Murder -- Fiction ; Hoodlums -- Fiction ; Detective and mystery stories ; PR,Public domain in the USA.,1915,Sax Rohmer,male,English,1883.0,1959.0,Wikipedia,True,13
589,2028,opium,"an irritant?” “That depends,” pronounced Denise Ryland, “on the nature of... your news.” “I suppose I have no right to conceal it from him. Therefore, we will tell him to-day. But although, beyond doubt, his mind will be relieved upon one point, the real facts are almost, if not quite, as bad.” “I learnt, this morning,” he continued, lighting a cigarette, “certain facts which, had I been half as clever as I supposed myself, I should have deduced from the data already in my possession. I was aware, of course, that the unhappy victim--Mrs. Vernon--was addicted to the use of opium , and if a tangible link were necessary, it existed in the form of the written fragment which I myself took from the dead woman's hand.”... “A link!” said Denise Ryland. “A link between Mrs. Vernon and Mrs. Leroux,” explained the physician. “You see, it had never occurred to me that they knew one another.”... “And did they?” questioned his daughter, eagerly. “It is almost certain that they were acquainted, at any rate; and in view of certain symptoms, which, without giving them much consideration, I nevertheless had detected in Mrs. Leroux, I am disposed to think that the bond",The Yellow Claw,"Rohmer, Sax",PR,Crime Fiction; Browsing: Culture/Civilization/Society; Browsing: Crime/Mystery; Browsing: Fiction,London (England) -- Social life and customs -- Fiction ; Murder -- Fiction ; Hoodlums -- Fiction ; Detective and mystery stories ; PR,Public domain in the USA.,1915,Sax Rohmer,male,English,1883.0,1959.0,Wikipedia,True,13
590,2028,opium,"me that they knew one another.”... “And did they?” questioned his daughter, eagerly. “It is almost certain that they were acquainted, at any rate; and in view of certain symptoms, which, without giving them much consideration, I nevertheless had detected in Mrs. Leroux, I am disposed to think that the bond of sympathy which existed between them was”... He seemed to hesitate, looking at his daughter, whose gray eyes were fixed upon him intently, and then at Denise Ryland, who, with her chin resting upon her hands, and her elbows propped upon the table, was literally glaring at him. “ Opium !” he said. A look of horror began slowly to steal over Helen Cumberly's face; Denise Ryland's head commenced to sway from side to side. But neither woman spoke. “By the courtesy of Inspector Dunbar,” continued Dr. Cumberly, “I have been enabled to keep in touch with the developments of the case, as you know; and he had noted as a significant fact that the late Mrs. Vernon's periodical visits to Scotland corresponded, curiously, with those of Mrs. Leroux to Paris. I don't mean in regard to date; although in one or two instances (notably Mrs. Vernon's last journey to",The Yellow Claw,"Rohmer, Sax",PR,Crime Fiction; Browsing: Culture/Civilization/Society; Browsing: Crime/Mystery; Browsing: Fiction,London (England) -- Social life and customs -- Fiction ; Murder -- Fiction ; Hoodlums -- Fiction ; Detective and mystery stories ; PR,Public domain in the USA.,1915,Sax Rohmer,male,English,1883.0,1959.0,Wikipedia,True,13
591,2028,opium,"that Dunbar completely pooh-poohed the idea.” “I like Inspector Dunbar!” declared Helen; “he is so strong--a splendid man!” Denise Ryland stared at her cynically, but made no remark. “The inspector and myself,” continued Dr. Cumberly, “attached altogether a different significance to the circumstances. I am pleased to tell you that Debnam's unpleasant theories are already proved fallacious; the case goes deeper, far deeper, than a mere intrigue of that kind. In short, I am now assured--I cannot, unfortunately, name the source of my new information--but I am assured, that Mrs. Leroux, as well as Mrs. Vernon, was addicted to the opium vice.”... “Oh, my God! how horrible!” whispered Helen. “A certain notorious character,” resumed Dr. Cumberly... “Soames!” snapped Denise Ryland. “Since I heard... that man's name I knew him for... a villain... of the worst possible... description... imaginable.” “Soames,” replied Dr. Cumberly, smiling slightly, “was one of the group, beyond doubt--for I may as well explain that we are dealing with an elaborate organization; but the chief member, to whom I have referred, is a greater one than Soames. He is a certain shadowy being, known as Mr. King.” “The name on the paper!” said Helen, quickly. “But of course the",The Yellow Claw,"Rohmer, Sax",PR,Crime Fiction; Browsing: Culture/Civilization/Society; Browsing: Crime/Mystery; Browsing: Fiction,London (England) -- Social life and customs -- Fiction ; Murder -- Fiction ; Hoodlums -- Fiction ; Detective and mystery stories ; PR,Public domain in the USA.,1915,Sax Rohmer,male,English,1883.0,1959.0,Wikipedia,True,13
592,2028,opium,"being a Chinaman.” “A Chinaman!” cried Denise and Helen together. “It is not absolutely certain, but it is more than probable. The point is that Mrs. Leroux has not eloped with some unknown lover; she is in one of the opium establishments of Mr. King.” “Do you mean that she is detained there?” asked Helen. “It appears to me, now, to be certain that she is. My hypothesis is that she was an habitue of this place, as also was Mrs. Vernon. These unhappy women, by means of elaborate plans, made on their behalf by the syndicate, indulged in periodical opium orgies. It was a game well worth the candle, as the saying goes, from the syndicate's standpoint; for Mrs. Leroux, alone, has paid no less than a thousand pounds to the opium group!” “A thousand pounds!” cried Denise Ryland. “You don't mean to tell me that that... silly fool... of a man, Harry Leroux... has allowed himself to be swindled of... all that money?” “There is not the slightest doubt about it,” Dr. Cumberly assured her; “he opened a credit to that amount in Paris, and the entire sum has been absorbed by Mr. King!” “It's almost incredible!” said Helen.",The Yellow Claw,"Rohmer, Sax",PR,Crime Fiction; Browsing: Culture/Civilization/Society; Browsing: Crime/Mystery; Browsing: Fiction,London (England) -- Social life and customs -- Fiction ; Murder -- Fiction ; Hoodlums -- Fiction ; Detective and mystery stories ; PR,Public domain in the USA.,1915,Sax Rohmer,male,English,1883.0,1959.0,Wikipedia,True,13
593,2028,opium,"standpoint; for Mrs. Leroux, alone, has paid no less than a thousand pounds to the opium group!” “A thousand pounds!” cried Denise Ryland. “You don't mean to tell me that that... silly fool... of a man, Harry Leroux... has allowed himself to be swindled of... all that money?” “There is not the slightest doubt about it,” Dr. Cumberly assured her; “he opened a credit to that amount in Paris, and the entire sum has been absorbed by Mr. King!” “It's almost incredible!” said Helen. “I quite agree with you,” replied her father. “Of course, most people know that there are opium dens in London, as in almost every other big city, but the existence of these palatial establishments, conducted by Mr. King, although undoubtedly a fact, is a fact difficult to accept. It doesn't seem possible that such a place can be conducted secretly; whereas I am assured that all the efforts of Scotland Yard thus far have failed to locate the site of the London branch.” “But surely,” cried Denise Ryland, nostrils dilated indignantly, “some of the... customers of this... disgusting place... can be followed?”... “The difficulty is to identify them,” explained Cumberly. “Opium smoking is essentially a secret vice;",The Yellow Claw,"Rohmer, Sax",PR,Crime Fiction; Browsing: Culture/Civilization/Society; Browsing: Crime/Mystery; Browsing: Fiction,London (England) -- Social life and customs -- Fiction ; Murder -- Fiction ; Hoodlums -- Fiction ; Detective and mystery stories ; PR,Public domain in the USA.,1915,Sax Rohmer,male,English,1883.0,1959.0,Wikipedia,True,13
594,2028,opium,"every other big city, but the existence of these palatial establishments, conducted by Mr. King, although undoubtedly a fact, is a fact difficult to accept. It doesn't seem possible that such a place can be conducted secretly; whereas I am assured that all the efforts of Scotland Yard thus far have failed to locate the site of the London branch.” “But surely,” cried Denise Ryland, nostrils dilated indignantly, “some of the... customers of this... disgusting place... can be followed?”... “The difficulty is to identify them,” explained Cumberly. “Opium smoking is essentially a secret vice; a man does not visit an opium den openly as he would visit his club; and the elaborate precautions adopted by the women are illustrated in the case of Mrs. Vernon, and in the case of Mrs. Leroux. It is a pathetic fact almost daily brought home to me, that women who acquire a drug habit become more rapidly and more entirely enslaved by it than does a man. It becomes the center of the woman's existence; it becomes her god: all other claims, social and domestic, are disregarded. Upon this knowledge, Mr. King has established his undoubtedly extensive enterprise.”... Dr. Cumberly stood up. “I will go",The Yellow Claw,"Rohmer, Sax",PR,Crime Fiction; Browsing: Culture/Civilization/Society; Browsing: Crime/Mystery; Browsing: Fiction,London (England) -- Social life and customs -- Fiction ; Murder -- Fiction ; Hoodlums -- Fiction ; Detective and mystery stories ; PR,Public domain in the USA.,1915,Sax Rohmer,male,English,1883.0,1959.0,Wikipedia,True,13
595,2028,opium,"my care of her. I recognize that, and I accept my punishment; for I deserved it. But what now overwhelms me is the knowledge, the frightful knowledge, that in a sense I have misjudged her, that I have remained here inert, making no effort, thinking her absence voluntary, whilst--God help her!--she has been”... “Once again, Leroux,” interrupted Dr. Cumberly, “I must ask you not to take too black a view. I blame myself more than I blame you, for having failed to perceive what as an intimate friend I had every opportunity to perceive; that your wife was acquiring the opium habit. You have told me that you count her as dead”--he stood beside Leroux, resting both hands upon the bowed shoulders--“I have not encouraged you to change that view. One who has cultivated--the--vice, to a point where protracted absences become necessary--you understand me?--is, so far as my experience goes”... “Incurable! I quite understand,” jerked Leroux. “A thousand times better dead, indeed.” “The facts as I see them,” resumed the physician, “as I see them, are these: by some fatality, at present inexplicable, a victim of the opium syndicate met her death in this flat. Realizing that the inquiries brought to",The Yellow Claw,"Rohmer, Sax",PR,Crime Fiction; Browsing: Culture/Civilization/Society; Browsing: Crime/Mystery; Browsing: Fiction,London (England) -- Social life and customs -- Fiction ; Murder -- Fiction ; Hoodlums -- Fiction ; Detective and mystery stories ; PR,Public domain in the USA.,1915,Sax Rohmer,male,English,1883.0,1959.0,Wikipedia,True,13
596,2028,opium,"friend I had every opportunity to perceive; that your wife was acquiring the opium habit. You have told me that you count her as dead”--he stood beside Leroux, resting both hands upon the bowed shoulders--“I have not encouraged you to change that view. One who has cultivated--the--vice, to a point where protracted absences become necessary--you understand me?--is, so far as my experience goes”... “Incurable! I quite understand,” jerked Leroux. “A thousand times better dead, indeed.” “The facts as I see them,” resumed the physician, “as I see them, are these: by some fatality, at present inexplicable, a victim of the opium syndicate met her death in this flat. Realizing that the inquiries brought to bear would inevitably lead to the cross-examination of Mrs. Leroux, the opium syndicate has detained her; was forced to detain her.” “Where is the place,” began Leroux, in a voice rising higher with every syllable--“where is the infamous den to which--to which”... Dr. Cumberly pressed his hands firmly upon the speaker's shoulders. “It is only a question of time, Leroux,” he said, “and you will have the satisfaction of knowing that--though at a great cost to yourself--this dreadful evil has been stamped out, that this yellow peril",The Yellow Claw,"Rohmer, Sax",PR,Crime Fiction; Browsing: Culture/Civilization/Society; Browsing: Crime/Mystery; Browsing: Fiction,London (England) -- Social life and customs -- Fiction ; Murder -- Fiction ; Hoodlums -- Fiction ; Detective and mystery stories ; PR,Public domain in the USA.,1915,Sax Rohmer,male,English,1883.0,1959.0,Wikipedia,True,13
597,2028,opium,"aloofly, and a little negro boy proffered tiny cups of China tea. Denise Ryland distended her nostrils as her gaze swept the picture-covered walls; but she seemed to approve of the tea. The artist next extended to them an ivory box containing little yellow-wrapped cigarettes. Helen Cumberly smilingly refused, but Denise Ryland took one of the cigarettes, sniffed at it superciliously--and then replaced it in the box. “It has a most... egregiously horrible... odor,” she commented. “They are a special brand,” explained Olaf van Noord, distractedly, “which I have imported for me from Smyrna. They contain a small percentage of opium .” “Opium!” exclaimed Denise Ryland, glaring at the speaker and then at Helen Cumberly, as though the latter were responsible in some way for the vices of the painter. “Yes,” he said, reclosing the box, and pacing somberly to the door to greet a new arrival. “Did you ever in all your life,” said Denise Ryland, glancing about her, “see such an exhibition... of nightmares?” Certainly, the criticism was not without justification; the dauby-looking oil-paintings, incomprehensible water-colors, and riotous charcoal sketches which formed the mural decoration of the studio were distinctly “advanced.” But, since the center of interest seemed to",The Yellow Claw,"Rohmer, Sax",PR,Crime Fiction; Browsing: Culture/Civilization/Society; Browsing: Crime/Mystery; Browsing: Fiction,London (England) -- Social life and customs -- Fiction ; Murder -- Fiction ; Hoodlums -- Fiction ; Detective and mystery stories ; PR,Public domain in the USA.,1915,Sax Rohmer,male,English,1883.0,1959.0,Wikipedia,True,13
598,2028,opium,"asked Sir Brian. “Much better,” muttered M. Gaston, his face twitching nervously--“much better.” “Are you subject to these attacks?” “Since--I was in China--yes, unfortunately.” Sir Brian tugged at his fair mustache and seemed about to speak, then turned aside, and, walking to the table, poured out a peg of brandy and offered it to his guest. “Thanks,” said M. Gaston; “many thanks indeed, but already I recover. There is only one thing that would hasten my recovery, and that, I fear, is not available.” “What is that?” He looked again at M. Gaston's eyes with their very dilated pupils. “ Opium !” whispered M. Gaston. “What! you... you”... “I acquired the custom in China,” replied the Frenchman, his voice gradually growing stronger; “and for many years, now, I have regarded opium, as essential to my well-being. Unfortunately business has detained me in London, and I have been forced to fast for an unusually long time. My outraged constitution is protesting--that is all.” He shrugged his shoulders and glanced up at his host with an odd smile. “You have my sympathy,” said Sir Brian.... “In Paris,” continued the visitor, “I am a member of a select and cozy little club; near the",The Yellow Claw,"Rohmer, Sax",PR,Crime Fiction; Browsing: Culture/Civilization/Society; Browsing: Crime/Mystery; Browsing: Fiction,London (England) -- Social life and customs -- Fiction ; Murder -- Fiction ; Hoodlums -- Fiction ; Detective and mystery stories ; PR,Public domain in the USA.,1915,Sax Rohmer,male,English,1883.0,1959.0,Wikipedia,True,13
599,2028,opium,"he turned, facing his visitor across the large room. “I was a member, myself, during the time that I lived in Paris,” he said, in a hurried manner which did not entirely serve to cover his confusion. “My dear Sir Brian! We have at least one taste in common!” Sir Brian Malpas passed his hand across his brow with a weary gesture well-known to fellow Members of Parliament, for it often presaged the abrupt termination of a promising speech. “I curse the day that I was appointed to Pekin,” he said; “for it was in Pekin that I acquired the opium habit. I thought to make it my servant; it has made me”... “What! you would give it up?” Sir Brian surveyed the speaker with surprise again. “Do you doubt it?” “My dear Sir Brian!” cried the Frenchman, now completely restored, “my real life is lived in the land of the poppies; my other life is but a shadow! Morbleu! to be an outcast from that garden of bliss is to me torture excruciating. For the past three months I have regularly met in my trances.”... Sir Brian shuddered coldly. “In my explorations of that wonderland,” continued the Frenchman, “a most",The Yellow Claw,"Rohmer, Sax",PR,Crime Fiction; Browsing: Culture/Civilization/Society; Browsing: Crime/Mystery; Browsing: Fiction,London (England) -- Social life and customs -- Fiction ; Murder -- Fiction ; Hoodlums -- Fiction ; Detective and mystery stories ; PR,Public domain in the USA.,1915,Sax Rohmer,male,English,1883.0,1959.0,Wikipedia,True,13
600,2028,opium,"servitude and loathed and despised himself.”... “Ah, monsieur! to ME those words sound almost like a sacrilege!” “But,” continued Sir Brian, “your remarks interest me strangely; for two reasons. First, they confirm your assertion that you are, or were, an habitue of the Rue St. Claude, and secondly, they revive in my mind an old fancy--a superstition.” “What is that, Sir Brian?” inquired M. Max, whose opium vision was a faithful imitation of one related to him by an actual frequenter of the establishment near the Boulevard Beaumarchais. “Only once before, M. Gaston, have I compared notes with a fellow opium -smoker, and he, also, was a patron of Madame Jean; he, also, met in his dreams that Eastern Circe, in the grove of apes, just as I”... “Morbleu! Yes?” “As I meet her!” “But this is astounding!” cried Max, who actually thought it so. “Your fancy--your superstition--was this: that only habitues of Rue St. Claude met, in poppyland, this vision? And in your fancy you are now confirmed?” “It is singular, at least.” “It is more than that, Sir Brian! Can it be that some intelligence presides over that establishment and exercises--shall I call it a hypnotic influence upon the",The Yellow Claw,"Rohmer, Sax",PR,Crime Fiction; Browsing: Culture/Civilization/Society; Browsing: Crime/Mystery; Browsing: Fiction,London (England) -- Social life and customs -- Fiction ; Murder -- Fiction ; Hoodlums -- Fiction ; Detective and mystery stories ; PR,Public domain in the USA.,1915,Sax Rohmer,male,English,1883.0,1959.0,Wikipedia,True,13
601,2028,opium,"“Are you remaining for some time longer in London?” “Alas! for several weeks yet.” “Then I will introduce you to a gentleman who can secure you admission to an establishment in London--where you may even hope sometimes to find the orange grove--to meet your dream-bride!” “What!” cried M. Gaston, rising to his feet, his eyes bright with gratitude, “you will do that?” “With pleasure,” said Sir Brian Malpas, wearily; “nor am I jealous! But--no! do not thank me, for I do not share your views upon the subject, monsieur. You are a devout worshiper; I, an unhappy slave!” XXVIII THE OPIUM AGENT Into the Palm Court of the Hotel Astoria, Mr. Gianapolis came, radiant and bowing. M. Gaston rose to greet his visitor. M. Gaston was arrayed in a light gray suit and wore a violet tie of very chaste design; his complexion had assumed a quality of sallowness, and the pupils of his eyes had acquired (as on the occasion of his visit to the chambers of Sir Brian Malpas) a chatoyant quality; they alternately dilated and contracted in a most remarkable manner--in a manner which attracted the immediate attention of Mr. Gianapolis. “My dear sir,” he said, speaking in",The Yellow Claw,"Rohmer, Sax",PR,Crime Fiction; Browsing: Culture/Civilization/Society; Browsing: Crime/Mystery; Browsing: Fiction,London (England) -- Social life and customs -- Fiction ; Murder -- Fiction ; Hoodlums -- Fiction ; Detective and mystery stories ; PR,Public domain in the USA.,1915,Sax Rohmer,male,English,1883.0,1959.0,Wikipedia,True,13
602,2028,opium,"as the German regards his lager, whereas we know--you and I--that it is an Eleusinian mystery; that true communicants must retreat to the temple of the goddess if they would partake of Paradise with her.” “It is perhaps a question of temperament,” said M. Gaston, speaking in a singularly tremulous voice. “De Quincey apparently possessed the type of constitution which is cerebrally stimulated by opium. To such a being the golden gates are closed; and the Easterners, whom he despised for what he termed their beastly lethargies, have taught me the real secret of the poppy. I do not employ opium as an aid to my social activities; I regard it as nepenthe from them and as a key to a brighter realm. It has been my custom, M. Gianapolis, for many years, periodically to visit that fairyland. In Paris I regularly arranged my affairs in such a manner that I found myself occasionally at liberty to spend two or three days, as the case might be, in the company of my bright friends who haunted the Boulevard Beaumarchais.” “Ah! Our acquaintance has mentioned something of this to me, Monsieur. You knew Madame Jean?” “The dear Madame Jean! Name of a",The Yellow Claw,"Rohmer, Sax",PR,Crime Fiction; Browsing: Culture/Civilization/Society; Browsing: Crime/Mystery; Browsing: Fiction,London (England) -- Social life and customs -- Fiction ; Murder -- Fiction ; Hoodlums -- Fiction ; Detective and mystery stories ; PR,Public domain in the USA.,1915,Sax Rohmer,male,English,1883.0,1959.0,Wikipedia,True,13
603,2028,opium,"Gianapolis. “So!” he muttered--“we have branches in Europe, Asia, Africa and America! Eh, bien! to find all those would occupy five hundred detectives for a whole year. I have a better plan: crush the spider and the winds of heaven will disperse his web!” XXIX M. MAX OF LONDON AND M. MAX OF PARIS He seated himself in a cane armchair and, whilst the facts were fresh in his memory, made elaborate notes upon the recent conversation with the Greek. He had achieved almost more than he could have hoped for; but, knowing something of the elaborate organization of the opium group, he recognized that he owed some part of his information to the sense of security which this admirably conducted machine inspired in its mechanics. The introduction from Sir Brian Malpas had worked wonders, without doubt; and his own intimate knowledge of the establishment adjoining the Boulevard Beaumarchais, far from arousing the suspicions of Gianapolis, had evidently strengthened the latter's conviction that he had to deal with a confirmed opium slave. The French detective congratulated himself upon the completeness of his Paris operation. It was evident that the French police had succeeded in suppressing all communication between the detained members",The Yellow Claw,"Rohmer, Sax",PR,Crime Fiction; Browsing: Culture/Civilization/Society; Browsing: Crime/Mystery; Browsing: Fiction,London (England) -- Social life and customs -- Fiction ; Murder -- Fiction ; Hoodlums -- Fiction ; Detective and mystery stories ; PR,Public domain in the USA.,1915,Sax Rohmer,male,English,1883.0,1959.0,Wikipedia,True,13
604,2028,opium,"made elaborate notes upon the recent conversation with the Greek. He had achieved almost more than he could have hoped for; but, knowing something of the elaborate organization of the opium group, he recognized that he owed some part of his information to the sense of security which this admirably conducted machine inspired in its mechanics. The introduction from Sir Brian Malpas had worked wonders, without doubt; and his own intimate knowledge of the establishment adjoining the Boulevard Beaumarchais, far from arousing the suspicions of Gianapolis, had evidently strengthened the latter's conviction that he had to deal with a confirmed opium slave. The French detective congratulated himself upon the completeness of his Paris operation. It was evident that the French police had succeeded in suppressing all communication between the detained members of the Rue St. Claude den and the head office--which he shrewdly suspected to be situated in London. So confident were the group in the self-contained properties of each of their branches that the raid of any one establishment meant for them nothing more than a temporary financial loss. Failing the clue supplied by the draft on Paris, the case, so far as he was concerned, indeed, must have terminated",The Yellow Claw,"Rohmer, Sax",PR,Crime Fiction; Browsing: Culture/Civilization/Society; Browsing: Crime/Mystery; Browsing: Fiction,London (England) -- Social life and customs -- Fiction ; Murder -- Fiction ; Hoodlums -- Fiction ; Detective and mystery stories ; PR,Public domain in the USA.,1915,Sax Rohmer,male,English,1883.0,1959.0,Wikipedia,True,13
605,2028,opium,"himself upon the completeness of his Paris operation. It was evident that the French police had succeeded in suppressing all communication between the detained members of the Rue St. Claude den and the head office--which he shrewdly suspected to be situated in London. So confident were the group in the self-contained properties of each of their branches that the raid of any one establishment meant for them nothing more than a temporary financial loss. Failing the clue supplied by the draft on Paris, the case, so far as he was concerned, indeed, must have terminated with the raiding of the opium house. He reflected that he owed that precious discovery primarily to the promptness with which he had conducted the raid--to the finding of the letter (the ONE incriminating letter) from Mr. King. Evidently the group remained in ignorance of the fact that the little arrangement at the Credit Lyonnais had been discovered. He surveyed--and his eyes twinkled humorously--a small photograph which was contained in his writing-case. It represented a very typical Parisian gentleman, with a carefully trimmed square beard and well brushed mustache, wearing pince-nez and a white silk knot at his neck. The photograph was cut from a French",The Yellow Claw,"Rohmer, Sax",PR,Crime Fiction; Browsing: Culture/Civilization/Society; Browsing: Crime/Mystery; Browsing: Fiction,London (England) -- Social life and customs -- Fiction ; Murder -- Fiction ; Hoodlums -- Fiction ; Detective and mystery stories ; PR,Public domain in the USA.,1915,Sax Rohmer,male,English,1883.0,1959.0,Wikipedia,True,13
606,2028,opium,"along by the rails... following Gianapolis. No clear glimpse she had of it, for bat-like, it avoided the light, this sinister shape--and was gone. XXXI MUSK AND ROSES It is time to rejoin M. Gaston Max in the catacombs of Ho-Pin. Having prepared himself for drugged repose in the small but luxurious apartment to which he had been conducted by the Chinaman, he awaited with interest the next development. This took the form of the arrival of an Egyptian attendant, white-robed, red-slippered, and wearing the inevitable tarboosh. Upon the brass tray which he carried were arranged the necessities of the opium smoker. Placing the tray upon a little table beside the bed, he extracted from the lacquered box a piece of gummy substance upon the end of a long needle. This he twisted around, skilfully, in the lamp flame until it acquired a blue spirituous flame of its own. He dropped it into the bowl of the carven pipe and silently placed the pipe in M. Max's hand. Max, with simulated eagerness, rested the mouthpiece between his lips and EXHALED rapturously. Said stood watching him, without the slightest expression of interest being perceptible upon his immobile face. For some time the",The Yellow Claw,"Rohmer, Sax",PR,Crime Fiction; Browsing: Culture/Civilization/Society; Browsing: Crime/Mystery; Browsing: Fiction,London (England) -- Social life and customs -- Fiction ; Murder -- Fiction ; Hoodlums -- Fiction ; Detective and mystery stories ; PR,Public domain in the USA.,1915,Sax Rohmer,male,English,1883.0,1959.0,Wikipedia,True,13
607,2028,opium,"being perceptible upon his immobile face. For some time the Frenchman made pretense of inhaling, gently, the potent vapor, lying propped upon one elbow; then, allowing his head gradually to droop, he closed his eyes and lay back upon the silken pillow. Once more he exhaled feebly ere permitting the pipe to drop from his listless grasp. The mouthpiece yet rested between his lips, but the lower lip was beginning to drop. Finally, the pipe slipped through his fingers on to the rich carpet, and he lay inert, head thrown back, and revealing his lower teeth. The nauseating fumes of opium loaded the atmosphere. Said silently picked up the pipe, placed it upon the tray and retired, closing the door in the same noiseless manner that characterized all his movements. For a time, M. Max lay inert, glancing about the place through the veil of his lashes. He perceived no evidence of surveillance, therefore he ventured fully to open his eyes; but he did not move his head. With the skill in summarizing detail at a glance which contributed largely to make him the great criminal investigator that he was, he noted those particulars which at an earlier time had occasioned",The Yellow Claw,"Rohmer, Sax",PR,Crime Fiction; Browsing: Culture/Civilization/Society; Browsing: Crime/Mystery; Browsing: Fiction,London (England) -- Social life and customs -- Fiction ; Murder -- Fiction ; Hoodlums -- Fiction ; Detective and mystery stories ; PR,Public domain in the USA.,1915,Sax Rohmer,male,English,1883.0,1959.0,Wikipedia,True,13
608,2028,opium,"fragrance DISGUSTED. It was as though a faint draught from the opened shutter poured into the apartment an impalpable cloud of evil; the very soul of the Eurasian, had it taken vapory form and enveloped him, could not have created a greater turmoil of his senses than this! Some sinister and definitely malignant intelligence was focussed upon him; or was this a chimera of his imagination? Could it be that now he was become en rapport with the thought-forms created in that chamber by its successive occupants? Scores, perhaps hundreds of brains had there partaken of the unholy sacrament of opium ; thousands, millions of evil carnivals had trailed in impish procession about that bed. He knew enough of the creative power of thought to be aware that a sensitive mind coming into contact with such an atmosphere could not fail to respond in some degree to the suggestions, to the elemental hypnosis, of the place. Was he, owing to his self-induced receptivity of mind, redreaming the evil dreams of those who had occupied that bed before him? It might be so, but, whatever the explanation, he found himself unable to shake off that uncanny sensation of being watched, studied, by",The Yellow Claw,"Rohmer, Sax",PR,Crime Fiction; Browsing: Culture/Civilization/Society; Browsing: Crime/Mystery; Browsing: Fiction,London (England) -- Social life and customs -- Fiction ; Murder -- Fiction ; Hoodlums -- Fiction ; Detective and mystery stories ; PR,Public domain in the USA.,1915,Sax Rohmer,male,English,1883.0,1959.0,Wikipedia,True,13
609,2028,opium,"to obsess him whilst the Eurasian was in the room, he half believed that it was she who peered down at him, now... or she, and another. The lamp swung gently to and fro, turning slowly to the right and then revolving again to the left, giving life in its gyrations to the intermingled figures on the walls. The atmosphere of the room was nauseating; it was beginning to overpower him.... Creative power of thought... what startling possibilities it opened up. Almost it seemed, if Sir Brian Malpas were to be credited, that the collective mind-force of a group of opium smokers had created the “glamor” of a woman--an Oriental woman--who visited them regularly in their trances. Or had that vision a prototype in the flesh--whom he had seen?... Creative power of thought... MR. KING! He was pursuing Mr. King; whilst Mr. King might be nothing more than a thought-form--a creation of cumulative thought--an elemental spirit which became visible to his subjects, his victims, which had power over them; which could slay them as the “shell” slew Frankenstein, his creator; which could materialize:... Mr. King might be the Spirit of Opium.... The faint clicking sound was repeated. Beads of perspiration stood",The Yellow Claw,"Rohmer, Sax",PR,Crime Fiction; Browsing: Culture/Civilization/Society; Browsing: Crime/Mystery; Browsing: Fiction,London (England) -- Social life and customs -- Fiction ; Murder -- Fiction ; Hoodlums -- Fiction ; Detective and mystery stories ; PR,Public domain in the USA.,1915,Sax Rohmer,male,English,1883.0,1959.0,Wikipedia,True,13
610,2028,opium,"be credited, that the collective mind-force of a group of opium smokers had created the “glamor” of a woman--an Oriental woman--who visited them regularly in their trances. Or had that vision a prototype in the flesh--whom he had seen?... Creative power of thought... MR. KING! He was pursuing Mr. King; whilst Mr. King might be nothing more than a thought-form--a creation of cumulative thought--an elemental spirit which became visible to his subjects, his victims, which had power over them; which could slay them as the “shell” slew Frankenstein, his creator; which could materialize:... Mr. King might be the Spirit of Opium .... The faint clicking sound was repeated. Beads of perspiration stood upon M. Max's forehead; his imagination had been running away with him. God! this was a house of fear! He controlled himself, but only by dint of a tremendous effort of will. Stealthily watching the lamp, he saw that the arc described by its gyrations was diminishing with each successive swing, and, as he watched, its movements grew slighter and slighter, until finally it became quite stationary again, floating, purple and motionless, upon the stagnant air. Very slowly, he ventured to change his position, for his long ordeal was",The Yellow Claw,"Rohmer, Sax",PR,Crime Fiction; Browsing: Culture/Civilization/Society; Browsing: Crime/Mystery; Browsing: Fiction,London (England) -- Social life and customs -- Fiction ; Murder -- Fiction ; Hoodlums -- Fiction ; Detective and mystery stories ; PR,Public domain in the USA.,1915,Sax Rohmer,male,English,1883.0,1959.0,Wikipedia,True,13
611,2028,opium,"bearing a tiny Chinese tea service upon a lacquered tray. But M. Max lay in a seemingly deathly stupor, and from this the impassive Oriental had great difficulty in arousing him. Said, having shaken some symptoms of life into the limp form of M. Max, filled the little cup with fragrant China tea, and, supporting the dazed man, held the beverage to his lips. With his eyes but slightly opened, and with all his weight resting upon the arm of the Egyptian, he gulped the hot tea, and noted that it was of exquisite quality. THEINE is an antidote to opium , and M. Max accordingly became somewhat restored, and lay staring at the Oriental, and blinking his eyes foolishly. Said, leaving the tea service upon the little table, glided from the room. Something else the Egyptian had left upon the tray in addition to the dainty vessels of porcelain; it was a steel ring containing a dozen or more keys. Most of these keys lay fanwise and bunched together, but one lay isolated and pointing in an opposite direction. It was a Yale key--the key of the door! Silently as a shadow, M. Max glided into the bathroom, and silently,",The Yellow Claw,"Rohmer, Sax",PR,Crime Fiction; Browsing: Culture/Civilization/Society; Browsing: Crime/Mystery; Browsing: Fiction,London (England) -- Social life and customs -- Fiction ; Murder -- Fiction ; Hoodlums -- Fiction ; Detective and mystery stories ; PR,Public domain in the USA.,1915,Sax Rohmer,male,English,1883.0,1959.0,Wikipedia,True,13
612,2028,opium,"C.” in the Planet (“H. C.” was Helen Cumberly's nom de plume) and by Crocket in the Daily Monitor, the London Press had taken Olaf van Noord to its bosom; and his exhibition in the Little Gallery was an established financial success, whilst “Our Lady of the Poppies” (which had, of course, been rejected by the Royal Academy) promised to be the picture of the year. Mentally, Denise Ryland was again surveying that remarkable composition; mentally she was surveying Olaf van Noord's model, also. Into the scheme slowly forming in her brain, the yellow-wrapped cigarette containing “a small percentage of opium ” fitted likewise. Finally, but not last in importance, the Greek gentleman, Mr. Gianapolis, formed a unit of the whole. Denise Ryland had always despised those detective creations which abound in French literature; perceiving in their marvelous deductions a tortured logic incompatible with the classic models. She prided herself upon her logic, possibly because it was a quality which she lacked, and probably because she confused it with intuition, of which, to do her justice, she possessed an unusual share. Now, this intuition was at work, at work well and truly; and the result which this mental contortionist ascribed to",The Yellow Claw,"Rohmer, Sax",PR,Crime Fiction; Browsing: Culture/Civilization/Society; Browsing: Crime/Mystery; Browsing: Fiction,London (England) -- Social life and customs -- Fiction ; Murder -- Fiction ; Hoodlums -- Fiction ; Detective and mystery stories ; PR,Public domain in the USA.,1915,Sax Rohmer,male,English,1883.0,1959.0,Wikipedia,True,13
613,2028,opium,"riverside (I heard one little river sound as I was coming away) a launch party might cooperate with you in affecting the raid.” “The raid!” said Dunbar, turning from a point by the window, and looking back at the Frenchman. “Do you seriously tell me that we are going to raid Mr. King's on Tuesday night?” “Most certainly,” was the confident reply. “I had hoped to form one of the raiding party; but nom d'un nom!”--he shrugged, in his graceful fashion--“I must be one of the rescued!” “Of the rescued!” “You see I visited that establishment as a smoker of opium ”... “You took that risk?” “It was no greater risk than is run by quite a number of people socially well known in London, my dear Inspector Dunbar! I was introduced by an habitue and a member of the best society; and since nobody knows that Gaston Max is in London--that Gaston Max has any business in hand likely to bring him to London--pardieu, what danger did I incur? But, excepting the lobby--the cave of the dragon (a stranger apartment even than that in the Rue St. Claude) and the Chinese cubiculum where I spent the night--mon dieu! what a",The Yellow Claw,"Rohmer, Sax",PR,Crime Fiction; Browsing: Culture/Civilization/Society; Browsing: Crime/Mystery; Browsing: Fiction,London (England) -- Social life and customs -- Fiction ; Murder -- Fiction ; Hoodlums -- Fiction ; Detective and mystery stories ; PR,Public domain in the USA.,1915,Sax Rohmer,male,English,1883.0,1959.0,Wikipedia,True,13
614,2028,opium,"arrange to have it followed,” continued M. Max, “it would simplify matters. What I have done is this: I have bought the man, Soames--up to a point. But so deadly is his fear of the mysterious Mr. King that although he has agreed to assist me in my plans, he will not consent to divulge an atom of information until the raid is successfully performed.” “Then for heaven's sake what IS he going to do?” “Visitors to the establishment (it is managed by a certain Mr. Ho-Pin; make a note of him, that Ho-Pin) having received the necessary dose of opium are locked in for the night. On Tuesday, Soames, who acts as valet to poor fools using the place, has agreed--for a price--to unlock the door of the room in which I shall be”... “What!” cried Dunbar, “you are going to risk yourself alone in that place AGAIN?” “I have paid a very heavy fee,” replied the Frenchman with his odd smile, “and it entitles me to a second visit; I shall pay that second visit on Tuesday night, and my danger will be no greater than on the first occasion.” “But Soames may betray you!” “Fear nothing; I have",The Yellow Claw,"Rohmer, Sax",PR,Crime Fiction; Browsing: Culture/Civilization/Society; Browsing: Crime/Mystery; Browsing: Fiction,London (England) -- Social life and customs -- Fiction ; Murder -- Fiction ; Hoodlums -- Fiction ; Detective and mystery stories ; PR,Public domain in the USA.,1915,Sax Rohmer,male,English,1883.0,1959.0,Wikipedia,True,13
615,2028,opium,"room, I must rely upon my own wits--and the Browning pistol which I have presented to Soames together with the duplicate key”... “Why not go armed?” asked Dunbar. “One's clothes are searched, my dear Inspector, by an expert! I have given the key, the pistol, and the implements of the house-breaker (a very neat set which fits easily into the breast-pocket) to Soames, to conceal in his private room at the establishment until Tuesday night. All turns upon my securing the same apartment. If I am unable to do so, the arrangements for the raid will have to be postponed. Opium smokers are faddists essentially, however, and I think I can manage to pretend that I have formed a strange penchant for this particular cubiculum”... “By whom were you introduced to the place?” asked Dunbar, leaning back against the table and facing the Frenchman. “That I cannot in honor divulge,” was the reply; “but the representative of Mr. King who actually admitted me to the establishment is one Gianapolis; address unknown, but telephone number 18642 East. Make a note of him, that Gianapolis.” “I'll arrest him in the morning,” said Sowerby, writing furiously in his notebook. “Nom d'un p'tit bonhomme! M.",The Yellow Claw,"Rohmer, Sax",PR,Crime Fiction; Browsing: Culture/Civilization/Society; Browsing: Crime/Mystery; Browsing: Fiction,London (England) -- Social life and customs -- Fiction ; Murder -- Fiction ; Hoodlums -- Fiction ; Detective and mystery stories ; PR,Public domain in the USA.,1915,Sax Rohmer,male,English,1883.0,1959.0,Wikipedia,True,13
616,2028,opium,"appear... last night... counts for nothing. His own crooked... plans no doubt detain him... very often... at night.” Helen sighed wearily. Denise Ryland's scheme was extremely distasteful to her, but whenever she thought of the pathetic eyes of Leroux she found new determination. Several times she had essayed to analyze the motives which actuated her; always she feared to pursue such inquiries beyond a certain point. Now that she was beginning to share her friend's views upon the matter, all social plans sank into insignificance, and she lived only in the hope of again meeting Gianapolis, of tracing out the opium group, and of finding Mrs. Leroux. In what state did she hope and expect to find her? This was a double question which kept her wakeful through the dreary watches of the night.... “Look!” Denise Ryland grasped her by the arm, pointing out into the darkened Square. A furtive figure crossed from the northeast corner into the shade of some trees and might be vaguely detected coming nearer and nearer. “There he is!” whispered Denise Ryland, excitedly; “I told you he couldn't... keep away. I know that kind of brute. There is nobody at home, so listen: I will watch...",The Yellow Claw,"Rohmer, Sax",PR,Crime Fiction; Browsing: Culture/Civilization/Society; Browsing: Crime/Mystery; Browsing: Fiction,London (England) -- Social life and customs -- Fiction ; Murder -- Fiction ; Hoodlums -- Fiction ; Detective and mystery stories ; PR,Public domain in the USA.,1915,Sax Rohmer,male,English,1883.0,1959.0,Wikipedia,True,13
617,2028,opium,"illusory and due to the purple shadow of the lamp-shade which overcast that side of the room and the door. He had experienced no difficulty in arranging with Gianapolis to occupy the same room as formerly; and, close student of human nature though he was, he had been unable to detect in the Greek's manner, when they had met that night, the slightest restraint, the slightest evidence of uneasiness. His reception by Ho-Pin had varied scarce one iota from that accorded him on his first visit to the cave of the golden dragon. The immobile Egyptian had brought him the opium , and had departed silently as before. On this occasion, the trap above the bed had not been opened. But hour after hour had passed, uneventfully, silently, in that still, suffocating room.... A key in the lock!--yes, a key was being inserted in the lock! He must take no unnecessary risks; it might be another than Soames. He waited--the faint sound of fumbling ceased. Still, he waited, listening intently. Half-past-two. If it had been Soames, why had he withdrawn? M. Max arose noiselessly and looked about him. He was undecided what to do, when... Two shots, followed by a most",The Yellow Claw,"Rohmer, Sax",PR,Crime Fiction; Browsing: Culture/Civilization/Society; Browsing: Crime/Mystery; Browsing: Fiction,London (England) -- Social life and customs -- Fiction ; Murder -- Fiction ; Hoodlums -- Fiction ; Detective and mystery stories ; PR,Public domain in the USA.,1915,Sax Rohmer,male,English,1883.0,1959.0,Wikipedia,True,13
618,2028,opium,"blessed river!” “This waiting makes me sick!” growled Stringer. “If I understand aright--and I'm not sure that I do--there are two women tucked away there somewhere in that place”--he jerked his thumb aimlessly into the fog; “and here we are hanging about with enough men in yards, in doorways, behind walls, and freezing on the river, to raid the Houses of Parliament!” “It's a pity we didn't get the word from the hospitals before Max was actually inside,” said Rogers. “For three wealthy ladies to be driven to three public hospitals in a sort of semi-conscious condition, with symptoms of opium , on the same evening isn't natural. It points to the fact that the boss of the den has UNLOADED! He's been thoughtful where his lady clients were concerned, but probably the men have simply been kicked out and left to shift for themselves. If we only knew one of them it might be confirmed.” “It's not worth worrying about, now,” growled Stringer. “Let's have a look at the time.” He fumbled inside his overcoat and tugged out his watch. “Here's a light,” said Rogers, and shone the ray of an electric torch upon the watch-face. “A quarter-to-three,” grumbled Stringer.",The Yellow Claw,"Rohmer, Sax",PR,Crime Fiction; Browsing: Culture/Civilization/Society; Browsing: Crime/Mystery; Browsing: Fiction,London (England) -- Social life and customs -- Fiction ; Murder -- Fiction ; Hoodlums -- Fiction ; Detective and mystery stories ; PR,Public domain in the USA.,1915,Sax Rohmer,male,English,1883.0,1959.0,Wikipedia,True,13
619,2028,opium,"There is a little turning not far from the wharf, known locally--it does not appear upon any map--as Prickler's Lane; and my friend, the vicar, tells me that he has held the theory for a long time”--Sowerby referred to his notebook with great solemnity--“that this is a corruption of Pre-aux-Clerce Lane.” “H'm!” said Dunbar; “very ingenious, at any rate. Anything else?” “Nothing much,” said Sowerby, scanning his notes, “that you don't know already. There was some very good stuff in the place--Oriental ware and so on, a library of books which I'm told is unique, and a tremendous stock of opium and hashish. It's a perfect maze of doors and observation-traps. There's a small kitchen at the end, near the head of the tunnel--which, by the way, could be used as a means of entrance and exit at low tide. All the electric power came through the meter of Kan-Suh Concessions.” “I see,” said Dunbar, reflectively, glancing at his watch; “in a word, we know everything except”... “What's that?” said Sowerby, looking up. “The identity of Mr. King!” replied the inspector, reaching for his hat which lay upon the table. Sowerby replaced his book in his pocket. “I wonder if any",The Yellow Claw,"Rohmer, Sax",PR,Crime Fiction; Browsing: Culture/Civilization/Society; Browsing: Crime/Mystery; Browsing: Fiction,London (England) -- Social life and customs -- Fiction ; Murder -- Fiction ; Hoodlums -- Fiction ; Detective and mystery stories ; PR,Public domain in the USA.,1915,Sax Rohmer,male,English,1883.0,1959.0,Wikipedia,True,13
620,2028,morphine,"circumstances surprised him to a marked degree. We came in and I turned up the light in the lobby. Then Leroux, entering the study, turned up the light there, too. I entered next, followed by Mr. Exel--and we saw the body lying where you see it now.” “Who saw it first?” “Mr. Leroux; he drew my attention to it, saying that he had left her lying on the chesterfield and NOT upon the floor.” “You examined her?” “I did. She was dead, but still warm. She exhibited signs of recent illness, and of being addicted to some drug habit; probably morphine . This, beyond doubt, contributed to her death, but the direct cause was asphyxiation. She had been strangled!” “My God!” groaned Leroux, dropping his face into his hands. “You found marks on her throat?” “The marks were very slight. No great pressure was required in her weak condition.” “You did not move the body?” “Certainly not; a more complete examination must be made, of course. But I extracted a piece of torn paper from her clenched right hand.” Inspector Dunbar lowered his tufted brows. “I'm not glad to know you did that,” he said. “It should have been left.” “It",The Yellow Claw,"Rohmer, Sax",PR,Crime Fiction; Browsing: Culture/Civilization/Society; Browsing: Crime/Mystery; Browsing: Fiction,London (England) -- Social life and customs -- Fiction ; Murder -- Fiction ; Hoodlums -- Fiction ; Detective and mystery stories ; PR,Public domain in the USA.,1915,Sax Rohmer,male,English,1883.0,1959.0,Wikipedia,True,13
621,2028,morphine,"pen had been dropped. Then--his brows drawn together--he stooped to the body of the murdered woman. Partially raising the fur cloak, he suppressed a gasp of astonishment. “Why! she only wears a silk night-dress, and a pair of suede slippers!” He glanced back over his shoulder. “I had noted that,” said Cumberly. “The whole business is utterly extraordinary.” “Extraordinary is no word for it!” growled the inspector, pursuing his examination.... “Marks of pressure at the throat--yes; and generally unhealthy appearance.” “Due to the drug habit,” interjected Dr. Cumberly. “What drug?” “I should not like to say out of hand; possibly morphine .” “No jewelry,” continued the detective, musingly; “wedding ring--not a new one. Finger nails well cared for, but recently neglected. Hair dyed to hide gray patches; dye wanted renewing. Shoes, French. Night-robe, silk; good lace; probably French, also. Faint perfume--don't know what it is--apparently proceeding from civet fur. Furs, magnificent; very costly.”... He slightly moved the table-lamp in order to direct its light upon the white face. The bloodless lips were parted and the detective bent, closely peering at the teeth thus revealed. “Her teeth were oddly discolored, doctor,” he said, taking out a magnifying glass and examining them closely.",The Yellow Claw,"Rohmer, Sax",PR,Crime Fiction; Browsing: Culture/Civilization/Society; Browsing: Crime/Mystery; Browsing: Fiction,London (England) -- Social life and customs -- Fiction ; Murder -- Fiction ; Hoodlums -- Fiction ; Detective and mystery stories ; PR,Public domain in the USA.,1915,Sax Rohmer,male,English,1883.0,1959.0,Wikipedia,True,13
622,2028,nepenthe,"Mr. King fear from the officers of the law? How puny a thing was the law in comparison with the director of that secret, powerful, invulnerable organization whereof to-day he (Soames) formed an unit! Then, oddly, the old dormant cowardice of the man received a sudden spurring, and leaped into quickness. An evening paper lay upon the marble top of the table, and carelessly taking it up, Soames, hitherto lost in imaginings, was now reminded that for more than a week he had lain in ignorance of the world's doings. Good Heavens! how forgetful he had been! It was the nepenthe of the catacombs. He must make up for lost time and get in touch again with passing events: especially he must post himself up on the subject of... the murder.... The paper dropped from his hands, and, feeling himself blanch beneath his artificial tan, Soames, in his old furtive manner, glanced around the saloon to learn if he were watched. Apparently no one was taking the slightest notice of him, and, with an unsteady hand, he raised his glass and drained its contents. There, at the bottom of the page before him, was the cause of this sudden panic; a",The Yellow Claw,"Rohmer, Sax",PR,Crime Fiction; Browsing: Culture/Civilization/Society; Browsing: Crime/Mystery; Browsing: Fiction,London (England) -- Social life and customs -- Fiction ; Murder -- Fiction ; Hoodlums -- Fiction ; Detective and mystery stories ; PR,Public domain in the USA.,1915,Sax Rohmer,male,English,1883.0,1959.0,Wikipedia,True,13
623,2028,chandu,"was addicted to drugs”... “Opium?” asked Soames, eagerly. Gianapolis smiled. “What an observant mind you have, Soames!” he said. “So you have perceived that these groves are sacred to our Lady of the Poppies? Well, in part that is true. Here, under the auspices of Mr. Ho-Pin, fretful society seeks the solace of the brass pipe; yes, Soames, that is true. Have you ever tried opium?” “Never!” declared Soames, with emphasis, “never!” “Well, it is a delight in store for you! But the reason of our existence as an institution, Soames, is not far to seek. Once the joys of Chandu become perceptible to the neophyte, a great need is felt--a crying need. One may drink opium or inject morphine; these, and other crude measures, may satisfy temporarily, but if one would enjoy the delights of that fairyland, of that enchanted realm which bountiful nature has concealed in the heart of the poppy, one must retire from the ken of goths and vandals who do not appreciate such exquisite delights; one must dedicate, not an hour snatched from grasping society, but successive days and nights to the goddess”... Soames, barely understanding this discourse, listened eagerly to every word of it, whilst",The Yellow Claw,"Rohmer, Sax",PR,Crime Fiction; Browsing: Culture/Civilization/Society; Browsing: Crime/Mystery; Browsing: Fiction,London (England) -- Social life and customs -- Fiction ; Murder -- Fiction ; Hoodlums -- Fiction ; Detective and mystery stories ; PR,Public domain in the USA.,1915,Sax Rohmer,male,English,1883.0,1959.0,Wikipedia,True,13
1137,5697,opium,"took many risks, but because of this cursed fog he had no definite evidence that Chada's car had gone to a certain house. Right of search he had not, and so temporarily he was baffled. Now the nearest telephone was his objective, and presently, where a blue light dimly pierced the mist, he paused, pushed open a swing door, and stepped into a long, narrow passage. He descended three stairs, and entered a room laden with a sickly perfume compounded of stale beer and spirits; of greasy humanity--European, Asiastic, and African; of cheap tobacco and cheaper scents; and, vaguely, of opium . It was fairly well lighted, but the fog had penetrated here, veiling some of the harshness of its rough appointments. An unsavoury den was Malay Jack's, where flotsam of the river might be found. Yellow men there were, and black men and brown men. But all the women present were white. Fan-tan was in progress at one of the tables, the four players being apparently the only strictly sober people in the room. A woman was laughing raucously as Kerry entered, and many coarse-voiced conversations were in progress; but as he pulled the rough curtain walls aside and walked",Tales of Chinatown,"Rohmer, Sax",PR,Crime Fiction; Browsing: Culture/Civilization/Society; Browsing: Crime/Mystery; Browsing: Fiction,Chinese -- Foreign countries -- Fiction ; PR,Public domain in the USA.,1922,Sax Rohmer,male,English,1883.0,1959.0,Wikipedia,True,13
1138,5697,opium,"The Chinese servant descended the stairs again and intimated that the visitor should follow him. Kerry, carrying his hat and cane, mounted the stairs, walked along the carpeted passage, and was ushered into a queer, low room furnished as a library. It was lined with shelves containing strange-looking books, none of which appeared to be English. Upon the top of the shelves were grotesque figures of gods, pieces of Chinese pottery and other Oriental ornaments. Arms there were in the room, and rich carpets, carven furniture, and an air of luxury peculiarly exotic. Furthermore, he detected a faint smell of opium from which fact he divined that Zani Chada was addicted to the national vice of China. Seated before a long narrow table was the notorious Eurasian. The table contained a number of strange and unfamiliar objects, as well as a small rack of books. An opium pipe rested in a porcelain bowl. Zani Chada, wearing a blue robe, sat in a cushioned chair, staring toward the Chief Inspector. With one slender yellow hand he brushed his untidy gray hair. His long magnetic eyes were half closed. “Good evening, Chief Inspector Kerry,” he said. “Won't you be seated?” “Thanks, I'm not",Tales of Chinatown,"Rohmer, Sax",PR,Crime Fiction; Browsing: Culture/Civilization/Society; Browsing: Crime/Mystery; Browsing: Fiction,Chinese -- Foreign countries -- Fiction ; PR,Public domain in the USA.,1922,Sax Rohmer,male,English,1883.0,1959.0,Wikipedia,True,13
1139,5697,opium,"walking between us, Harley stopped, and: “Wot's up with yer eye?” he inquired. He suddenly tilted the man's head upward and peered closely into one of his eyes. I suppressed a gasp of surprise for I instantly recognized the fireman of the Jupiter! “Nothin' up with it, is there?” said the fireman. “Only a lump o' mud,” growled Harley, and with a very dirty handkerchief he pretended to remove the imaginary stain, and then, turning to me: “Open the door, Jim,” he directed. His examination of the man's eyes had evidently satisfied him that our acquaintance had really been smoking opium . We paused immediately outside the house for which we had been bound, and as I had the key I opened the door and the three of us stepped into a little dark room. Harley closed the door and we stumbled upstairs to a low first-floor apartment facing the street. There was nothing in its appointments, as revealed in the light of an oil lamp burning on the solitary table, to distinguish it from a thousand other such apartments which may be leased for a few shillings a week in the neighbourhood. That adjoining might have told a different story,",Tales of Chinatown,"Rohmer, Sax",PR,Crime Fiction; Browsing: Culture/Civilization/Society; Browsing: Crime/Mystery; Browsing: Fiction,Chinese -- Foreign countries -- Fiction ; PR,Public domain in the USA.,1922,Sax Rohmer,male,English,1883.0,1959.0,Wikipedia,True,13
1140,5697,opium,"few shillings a week in the neighbourhood. That adjoining might have told a different story, for it more closely resembled an actor's dressing-room than a seaman's lodging; but the door of this sanctum was kept scrupulously locked. “Sit down, old son,” said my friend heartily, pushing forward an old arm-chair. “Fetch out the grog, Jim; there's about enough for three.” I walked to a cupboard, as the fireman sank limply down in the chair, and took out a bottle and three glasses. When the man, who, as I could now see quite plainly, was suffering from the after effects of opium , had eagerly gulped the stiff drink which I handed to him, he looked around with dim, glazed eyes, and: “You've saved my life, mates,” he declared. “I've 'ad a 'orrible nightmare, I 'ave--a nightmare. See?” He fixed his eyes on me for a moment, then raised himself from his seat, peering narrowly at me across the table. “I seed you before, mate. Gaw, blimey! if you ain't the bloke wot I giv'd the pigtail to! And wot laid out that blasted Chink as was scraggin' me! Shake, mate!” I shook hands with him, Harley eyeing me closely the while,",Tales of Chinatown,"Rohmer, Sax",PR,Crime Fiction; Browsing: Culture/Civilization/Society; Browsing: Crime/Mystery; Browsing: Fiction,Chinese -- Foreign countries -- Fiction ; PR,Public domain in the USA.,1922,Sax Rohmer,male,English,1883.0,1959.0,Wikipedia,True,13
1141,5697,opium,"was 'er shriek wot 'ad reached me, reached me through the smoke. I don't take much stock in Chink gals in general, but this one's mother was no Chink, I'll swear. She was just as pretty as a bloomin' ivory doll, an' as little an' as white, and that old swine Kwen Lung 'ad tore the dress off of 'er shoulders with a bloody great whip!” Harley was leaning forward in his seat now, intent upon the man's story, and although I could not get rid of the idea that our friend was relating the events of a particularly unpleasant opium dream, nevertheless I was fascinated by the strange story and by the strange manner of its telling. “I saw the blood drip from 'er bare shoulders, mates,” the man continued huskily, and with his big dirty hands he strove to illustrate his words. “An' that old yellow devil lashed an' lashed until the poor gal was past screamin'. She just sunk down on the floor all of a 'cap, moanin' and moanin'--Gawd! I can 'ear 'er moanin' now!” “Meanwhile, 'ere's me with murder in me 'eart lyin' there watchin', an' I can't speak, no! I can't even curse the yellow",Tales of Chinatown,"Rohmer, Sax",PR,Crime Fiction; Browsing: Culture/Civilization/Society; Browsing: Crime/Mystery; Browsing: Fiction,Chinese -- Foreign countries -- Fiction ; PR,Public domain in the USA.,1922,Sax Rohmer,male,English,1883.0,1959.0,Wikipedia,True,13
1142,5697,opium,"with the Chinese had resulted in her catching the infection of that pidgin-English which is a sort of esperanto in all Asiatic quarters. “Eh!” cried my friend, pushing open a door on the right of the passage and stumbling down three worn steps into a very evil-smelling room. “Where is he?” “Go play fan-tan. Not come back.” Ma Lorenzo, having relocked the street door, had rejoined us, and as I followed my friend down into the dim and uninviting apartment she stood at the top of the steps, hands on hips, regarding us. The place, which was quite palpably an opium den, must have disappointed anyone familiar with the more ornate houses of Chinese vice in San Francisco and elsewhere. The bare floor was not particularly clean, and the few decorations which the room boasted were garishly European for the most part. A deep divan, evidently used sometimes as a bed, occupied one side of the room, and just to the left of the steps reposed the only typically Oriental object in the place. It was a strange thing to see in so sordid a setting; a great gilded joss, more than life-size, squatting, hideous, upon a massive pedestal; a figure",Tales of Chinatown,"Rohmer, Sax",PR,Crime Fiction; Browsing: Culture/Civilization/Society; Browsing: Crime/Mystery; Browsing: Fiction,Chinese -- Foreign countries -- Fiction ; PR,Public domain in the USA.,1922,Sax Rohmer,male,English,1883.0,1959.0,Wikipedia,True,13
1143,5697,opium,"custom never to enter or leave these rooms except under the mantle of friendly night, but at so early an hour I confess I had not expected a visitor. Wondering whom I should find there I opened the door. Standing on the landing was a fellow-lodger who permanently occupied the two top rooms of the house. Paul Harley had taken the trouble to investigate the man's past, for “Captain Dan,” the name by which he was known in the saloons and worse resorts which he frequented, was palpably a broken-down gentleman; a piece of flotsam caught in the yellow stream. Opium had been his downfall. How he lived I never knew, but Harley believed he had some small but settled income, sufficient to enable him to kill himself in comfort with the black pills. As he stood there before me in the early morning light, I was aware of some subtle change in his appearance. It was fully six months since I had seen him last, but in some vague way he looked younger. Haggard he was, with an ugly cut showing on his temple, but not so lined as I remembered him. Some former man seemed to be struggling through",Tales of Chinatown,"Rohmer, Sax",PR,Crime Fiction; Browsing: Culture/Civilization/Society; Browsing: Crime/Mystery; Browsing: Fiction,Chinese -- Foreign countries -- Fiction ; PR,Public domain in the USA.,1922,Sax Rohmer,male,English,1883.0,1959.0,Wikipedia,True,13
1144,5697,opium,"been his downfall. How he lived I never knew, but Harley believed he had some small but settled income, sufficient to enable him to kill himself in comfort with the black pills. As he stood there before me in the early morning light, I was aware of some subtle change in his appearance. It was fully six months since I had seen him last, but in some vague way he looked younger. Haggard he was, with an ugly cut showing on his temple, but not so lined as I remembered him. Some former man seemed to be struggling through the opium -scarred surface. His eyes were brighter, and I noted with surprise that he wore decent clothes and was clean shaved. “Good morning, Jim,” he said; “you remember me, don't you?” As he spoke I observed, too, that his manner had altered. He who had consorted with the sweepings af the doss-houses now addressed me as a courteous gentleman addresses an inferior--not haughtily or patronizingly, but with a note of conscious superiority and self-respect wholly unfamiliar. Almost it threw me off my guard, but remembering in the nick of time that I was still “Jim”: “Of course I remember you, Cap'n,”",Tales of Chinatown,"Rohmer, Sax",PR,Crime Fiction; Browsing: Culture/Civilization/Society; Browsing: Crime/Mystery; Browsing: Fiction,Chinese -- Foreign countries -- Fiction ; PR,Public domain in the USA.,1922,Sax Rohmer,male,English,1883.0,1959.0,Wikipedia,True,13
1145,5697,opium,"Africa (and he went actually after 'big game'). The counsel is not born who could secure a conviction. We are somewhat late, but shall therefore have less difficulty in finding a table at Prince's.” TCHERIAPIN I THE ROSE “Examine it closely,” said the man in the unusual caped overcoat. “It will repay examination.” I held the little object in the palm of my hand, bending forward over the marble-topped table and looking down at it with deep curiosity. The babel of tongues so characteristic of Malay Jack's, and that mingled odour of stale spirits, greasy humanity, tobacco, cheap perfume, and opium , which distinguish the establishment faded from my ken. A sense of loneliness came to me. Perhaps I should say that it became complete. I had grown conscious of its approach at the very moment that the cadaverous white-haired man had addressed me. There was a quality in his steadfast gaze and in his oddly pitched deep voice which from the first had wrapped me about--as though he were cloaking me in his queer personality and withdrawing me from the common plane. Having stared for some moments at the object in my palm, I touched it gingerly; whereupon my acquaintance",Tales of Chinatown,"Rohmer, Sax",PR,Crime Fiction; Browsing: Culture/Civilization/Society; Browsing: Crime/Mystery; Browsing: Fiction,Chinese -- Foreign countries -- Fiction ; PR,Public domain in the USA.,1922,Sax Rohmer,male,English,1883.0,1959.0,Wikipedia,True,13
2155,17959,opium,"passed on with my companion. ""_Fan-tan!_"" he whispered in my ear. Other forms of gambling were in progress at some of the tables; and now Fletcher silently drew my attention to yet a third dimly lighted apartment--this opening out from the left-hand corner of the principal room. The atmosphere of the latter was sufficiently abominable; indeed, the stench was appalling; but a wave of choking vapor met me as I paused for a moment at the threshold of this inner sanctuary. I formed but the vaguest impression of its interior; the smell was sufficient. This annex was evidently reserved for opium -smokers. Fletcher sat down at a small table near by, and I took a common wooden chair which he thrust forward with his foot. I was looking around at the sordid scene, filled with a bitter sense of my own impotency to aid my missing friend, when that occurred which set my heart beating wildly at once with hope and excitement. Fletcher must have seen something of this in my attitude, for-- ""Don't forget what I told you,"" he whispered. ""Be cautious!--be very cautious!..."" CHAPTER VIII ZARMI OF THE JOY-SHOP Down the center of the room came a girl carrying","The Hand of Fu-Manchu
Being a New Phase in the Activities of Fu-Manchu, the Devil Doctor","Rohmer, Sax",PR,Crime Fiction; Browsing: Crime/Mystery; Browsing: Literature; Browsing: Fiction,"Detective and mystery stories ; PR ; Fu Manchu, Doctor (Fictitious character) -- Fiction",Public domain in the USA.,1917,Sax Rohmer,male,English,1883.0,1959.0,Wikipedia,True,13
2156,17959,opium,"She laughed softly, wickedly, and puffed cigarette smoke into my face. Thrusting her dagger into her waist-belt, and snatching up the brass tray, she swayed down the room, chanting some barbaric song in her husky Eastern voice. I inhaled deeply and glanced across at my companion. Beneath the make-up with which I had stained my skin, I knew that I had grown more than a little pale. ""Fletcher!"" I whispered, ""we are on the eve of a great discovery--that girl ..."" I broke off, and clutching the table with both hands, sat listening intently. From the room behind me, the opium -room, whose entrance was less than two paces from where we sat, came a sound of dragging and tapping! Slowly, cautiously, I began to turn my head; when a sudden outburst of simian chattering from the _fan-tan_ players drowned that other sinister sound. ""You heard it, Doctor!"" hissed Fletcher. ""The man with the limp!"" I said hoarsely; ""he is in there! Fletcher! I am utterly confused. I believe this place to hold the key to the whole mystery, I believe ..."" Fletcher gave me a warning glance--and, turning anew, I saw Zarmi approaching with her sinuous gait, carrying two glasses","The Hand of Fu-Manchu
Being a New Phase in the Activities of Fu-Manchu, the Devil Doctor","Rohmer, Sax",PR,Crime Fiction; Browsing: Crime/Mystery; Browsing: Literature; Browsing: Fiction,"Detective and mystery stories ; PR ; Fu Manchu, Doctor (Fictitious character) -- Fiction",Public domain in the USA.,1917,Sax Rohmer,male,English,1883.0,1959.0,Wikipedia,True,13
2157,17959,opium,"I give him one little kiss if he good boy!"" Tossing the tray in the air she caught it, rested its edge upon her hip, turned, and walked away down the room, puffing her cigarette. ""Listen,"" I said, bending across the table, ""it was Zarmi who drove the cab that came for Nayland Smith to-day!"" ""My God!"" whispered Fletcher, ""then it was nothing less than the hand of Providence that brought us here to-night. Yes! I know how you feel, Doctor!--but we must play our cards as they're dealt to us. We must wait--wait."" Out from the den of the opium -smokers came Zarmi, one hand resting upon her hip and the other uplifted, a smoldering yellow cigarette held between the first and second fingers. With a movement of her eyes she summoned us to join her, then turned and disappeared again through the low doorway. The time for action was arrived--we were to see behind the scenes of the Joy-Shop! Our chance to revenge poor Smith even if we could not save him. I became conscious of an inward and suppressed excitement; surreptitiously I felt the hilt of the Browning pistol in my pocket. The shadow of the dead Fu-Manchu","The Hand of Fu-Manchu
Being a New Phase in the Activities of Fu-Manchu, the Devil Doctor","Rohmer, Sax",PR,Crime Fiction; Browsing: Crime/Mystery; Browsing: Literature; Browsing: Fiction,"Detective and mystery stories ; PR ; Fu Manchu, Doctor (Fictitious character) -- Fiction",Public domain in the USA.,1917,Sax Rohmer,male,English,1883.0,1959.0,Wikipedia,True,13
2158,17959,opium,"time for action was arrived--we were to see behind the scenes of the Joy-Shop! Our chance to revenge poor Smith even if we could not save him. I became conscious of an inward and suppressed excitement; surreptitiously I felt the hilt of the Browning pistol in my pocket. The shadow of the dead Fu-Manchu seemed to be upon me. God! how I loathed and feared that memory! ""We can make no plans,"" I whispered to Fletcher, as together we rose from the table; ""we must be guided by circumstance."" In order to enter the little room laden with those sickly opium fumes we had to lower our heads. Two steps led down into the place, which was so dark that I hesitated, momentarily, peering about me. Apparently some four of five persons squatted and lay in the darkness about me. Some were couched upon rough wooden shelves ranged around the walls, others sprawled upon the floor, in the center whereof, upon a small tea-chest, stood a smoky brass lamp. The room and its occupants alike were indeterminate, sketchy; its deadly atmosphere seemed to be suffocating me. A sort of choking sound came from one of the bunks; a vague, obscene murmuring","The Hand of Fu-Manchu
Being a New Phase in the Activities of Fu-Manchu, the Devil Doctor","Rohmer, Sax",PR,Crime Fiction; Browsing: Crime/Mystery; Browsing: Literature; Browsing: Fiction,"Detective and mystery stories ; PR ; Fu Manchu, Doctor (Fictitious character) -- Fiction",Public domain in the USA.,1917,Sax Rohmer,male,English,1883.0,1959.0,Wikipedia,True,13
2159,17959,opium,"top had been wrenched off and the contents exposed to view. It was filled with a variety of gold ornaments, cups, vases, silks, and barbaric brocaded raiment; it might well have contained the loot of a cathedral. Inspector Weymouth laughed gruffly at my surprise. ""What is it?"" I asked, in a voice of amazement. ""It's the treasure of the Si-Fan, I presume,"" rapped Smith. ""Where it has come from and where it was going to, it must be my immediate business to ascertain."" ""Then you ..."" ""I was lying, bound and gagged, upon one of the upper shelves in the opium -den! I heard you and Fletcher arrive. I saw you pass through later with that she-devil who drove the cab to-day ..."" ""Then the cab ..."" ""The windows were fastened, unopenable, and some anaesthetic was injected into the interior through a tube--that speaking-tube. I know nothing further, except that our plans must have leaked out in some mysterious fashion. Petrie, my suspicions point to high quarters. The Si-Fan score thus far, for unless the search now in progress brings it to light, we must conclude that they have the brass coffer."" He was interrupted by a sudden loud crying of","The Hand of Fu-Manchu
Being a New Phase in the Activities of Fu-Manchu, the Devil Doctor","Rohmer, Sax",PR,Crime Fiction; Browsing: Crime/Mystery; Browsing: Literature; Browsing: Fiction,"Detective and mystery stories ; PR ; Fu Manchu, Doctor (Fictitious character) -- Fiction",Public domain in the USA.,1917,Sax Rohmer,male,English,1883.0,1959.0,Wikipedia,True,13
2160,17959,opium,"one of three of my pupils whom I might name could perform this operation with ease, but their services are not available. Only one English surgeon occurred to me in this connection, and you, Sir Baldwin""--again he slowly turned his head-- ""were he. Dr. Petrie will act as anaesthetist, and, your duties completed, you shall return to your home richer by the amount stipulated. I have suitably prepared myself for the operation, and I can assure you of the soundness of my heart. I may advise you, Dr. Petrie""--again turning to me--""that my constitution is inured to the use of opium . You will make due allowance for this. Mr. Li-King-Su, a graduate of Canton, will act as dresser."" He turned laboriously to Zarmi. She clapped her hands and held the curtain aside. A perfectly immobile Chinaman, whose age I was unable to guess, and who wore a white overall, entered, bowed composedly to Frazer and myself and began in a matter-of-fact way to prepare the dressings. CHAPTER XVIII QUEEN OF HEARTS ""Sir Baldwin Frazer,"" said Fu-Manchu, interrupting a wild outburst from the former, ""your refusal is dictated by insufficient knowledge of your surroundings. You find yourself in a place strange","The Hand of Fu-Manchu
Being a New Phase in the Activities of Fu-Manchu, the Devil Doctor","Rohmer, Sax",PR,Crime Fiction; Browsing: Crime/Mystery; Browsing: Literature; Browsing: Fiction,"Detective and mystery stories ; PR ; Fu Manchu, Doctor (Fictitious character) -- Fiction",Public domain in the USA.,1917,Sax Rohmer,male,English,1883.0,1959.0,Wikipedia,True,13
2161,17959,opium,"the man promptly, ""and I'd have done it for less, because I could see no harm in it, the prisoner being dead, and this his last request."" ""And who paid you?"" Now we were come to the nub of the matter, as the change in the man's face revealed. He hesitated momentarily, and Colonel Warrington brought his fist down on the table with a bang. Morrison made a sort of gesture of resignation at that, and-- ""When I was in the Army, sir, stationed at Cairo,"" he said slowly, ""I regret to confess that I formed a drug habit."" "" Opium ?"" snapped Smith. ""No, sir, hashish."" ""Good God! Go on."" ""There's a place in Soho, just off Frith Street, where hashish is supplied, and I go there sometimes. Mr. Samarkan used to come, and bring people with him--from the New Louvre Hotel, I believe. That's where I met him."" ""The exact address?"" demanded Smith. ""Café de l'Egypte. But the hashish is only sold upstairs, and no one is allowed up that isn't known personally to Ismail."" ""Who is this Ismail?"" ""The proprietor of the café. He's a Greek Jew of Salonica. An old woman used to attend to the customers","The Hand of Fu-Manchu
Being a New Phase in the Activities of Fu-Manchu, the Devil Doctor","Rohmer, Sax",PR,Crime Fiction; Browsing: Crime/Mystery; Browsing: Literature; Browsing: Fiction,"Detective and mystery stories ; PR ; Fu Manchu, Doctor (Fictitious character) -- Fiction",Public domain in the USA.,1917,Sax Rohmer,male,English,1883.0,1959.0,Wikipedia,True,13
2162,17959,opium,"L'EGYPTE I could see that Nayland Smith counted the escape of the prisoner but a trivial matter by comparison with the discovery to which it had led us. That the Soho café should prove to be, if not the headquarters at least a regular resort of Dr. Fu-Manchu, was not too much to hope. The usefulness of such a haunt was evident enough, since it might conveniently be employed as a place of rendezvous for Orientals--and furthermore enable the cunning Chinaman to establish relations with persons likely to prove of service to him. Formerly, he had used an East End opium den for this purpose, and, later, the resort known as the Joy-Shop. Soho, hitherto, had remained outside the radius of his activity, but that he should have embraced it at last was not surprising; for Soho is the Montmartre of London and a land of many secrets. ""Why,"" demanded Nayland Smith, ""have I never been told of the existence of this place?"" ""That's simple enough,"" answered Inspector Weymouth. ""Although we knew of this Café de l'Egypte, we have never had the slightest trouble there. It's a Bohemian resort, where members of the French Colony, some of the Chelsea art people,","The Hand of Fu-Manchu
Being a New Phase in the Activities of Fu-Manchu, the Devil Doctor","Rohmer, Sax",PR,Crime Fiction; Browsing: Crime/Mystery; Browsing: Literature; Browsing: Fiction,"Detective and mystery stories ; PR ; Fu Manchu, Doctor (Fictitious character) -- Fiction",Public domain in the USA.,1917,Sax Rohmer,male,English,1883.0,1959.0,Wikipedia,True,13
2163,17959,opium,"_impersonal_ interest, as I might have watched the entrance of a character upon the stage of a theater. Despite the feeble light, I could see his benign countenance very clearly; but, far from being excited, a dreamy contentment possessed me; I actually found myself hoping that Smith would not intrude upon my reverie! What a fascinating pageant it had been--the Fu-Manchu drama--from the moment that I had first set eyes upon the Yellow doctor. Again I seemed to be enacting my part in that scene, two years ago and more, when I had burst into the bare room above Shen-Yan's opium den and had stood face to face with Dr. Fu-Manchu. He wore a plain yellow robe, its hue almost identical with that of his gaunt, hairless face; his elbows rested upon the dirty table and his pointed chin upon his long, bony hands. Into those uncanny eyes I stared, those eyes, long, narrow, and slightly oblique, their brilliant, catlike greenness sometimes horribly filmed, like the eyes of some grotesque bird.... Thus it began; and from this point I was carried on, step by step through every episode, great and small. It was such a retrospect as passes through the mind","The Hand of Fu-Manchu
Being a New Phase in the Activities of Fu-Manchu, the Devil Doctor","Rohmer, Sax",PR,Crime Fiction; Browsing: Crime/Mystery; Browsing: Literature; Browsing: Fiction,"Detective and mystery stories ; PR ; Fu Manchu, Doctor (Fictitious character) -- Fiction",Public domain in the USA.,1917,Sax Rohmer,male,English,1883.0,1959.0,Wikipedia,True,13
2164,17959,opium,"drawn in the cold light of early morning, watched me anxiously. McCabe in a matter of fact way that acted upon me like a welcome tonic, put several purely medical questions, which at first by dint of a great effort, but, with ever-increasing ease, I answered. ""Yes,"" he said musingly at last. ""Of course it is all but impossible to speak with certainty, but I am disposed to think that you have been drugged with some preparation of hashish. The most likely is that known in Eastern countries as _maagûn_ or _barsh_, composed of equal parts of _cannabis indica_ and opium , with hellebore and two other constituents, which vary according to the purpose which the _maagûn_ is intended to serve. This renders the subject particularly open to subjective hallucination, and a pliable instrument in the hands of a hypnotic operator, for instance."" ""You see, old man?"" cried Smith eagerly. ""You see?"" But I shook my head weakly. ""I shot you,"" I said. ""It is impossible that I could have missed."" ""Mr. Smith has placed me in possession of the facts,"" interrupted McCabe, ""and I can outline with reasonable certainty what took place. Of course, it's all very amazing, utterly fantastic","The Hand of Fu-Manchu
Being a New Phase in the Activities of Fu-Manchu, the Devil Doctor","Rohmer, Sax",PR,Crime Fiction; Browsing: Crime/Mystery; Browsing: Literature; Browsing: Fiction,"Detective and mystery stories ; PR ; Fu Manchu, Doctor (Fictitious character) -- Fiction",Public domain in the USA.,1917,Sax Rohmer,male,English,1883.0,1959.0,Wikipedia,True,13
2196,18613,opium,"at Night"" XI The Blue Ray Part II STATEMENT OF M. GASTON MAX I. THE DANCER OF MONTMARTRE I Zara el-Khala II Concerning the Grand Duke III A Strange Question IV The Fight in the Cafe II. ""LE BALAFRE"" I I Become Charles Malet II Baiting the Trap III Disappearance of Charles Malet IV I Meet an Old Acquaintance V Conclusion of Statement Part III AT THE HOUSE OF AH-FANG-FU I The Brain Thieves II The Red Circle III Miska's Story IV Miska's Story (concluded) V The Heart of Chunda Lal VI The Man with the Scar VII In the Opium Den VIII The Green-Eyed Joss Part IV THE LAIR OF THE SCORPION I The Sublime Order II The Living Death III The Fifth Secret of Rache Churan IV The Guile of the East V What Happened to Stuart VI ""Jey Bhowani!"" VII The Way of the Scorpion Part I THE COWLED MAN CHAPTER I THE SHADOW OF A COWL Keppel Stuart, M.D., F. R. S., awoke with a start and discovered himself to be bathed in cold perspiration. The moonlight shone in at his window, but did not touch the bed, therefore his awakening could not be due to this",The Golden Scorpion,"Rohmer, Sax",PR,Crime Fiction; Browsing: Crime/Mystery; Browsing: Literature; Browsing: Fiction,Detective and mystery stories ; PR,Public domain in the USA.,1919,Sax Rohmer,male,English,1883.0,1959.0,Wikipedia,True,13
2197,18613,opium,"Max."" ""I will do so. One of my most important investigations, in which I had the honour and the pleasure to be associated with Inspector Dunbar, led to the discovery of a dangerous group controlled by a certain 'Mr. King'----"" ""Ah!"" cried Dunbar, his tawny eyes sparkling with excitement, ""I was waiting for that!"" ""I knew you would be waiting for it, Inspector. Your powers of deductive reasoning more and more are earning my respect. You recall that singular case? The elaborate network extending from London to Buenos Ayres, from Peking to Petrograd? Ah! a wonderful system. It was an opium syndicate, you understand,""--turning again to the Assistant Commissioner. ""I recall the case,"" replied the Commissioner, ""although I did not hold my present appointment at the time. I believe there were unsatisfactory features?"" ""There were,"" agreed Max. ""We never solved the mystery of the identity of 'Mr. King,' and although we succeeded in destroying the enterprise I have since thought that we acted with undue precipitation."" ""Yes,"" said Dunbar rapidly; ""but there was that poor girl to be rescued, you will remember? We couldn't waste time."" ""I agree entirely, Inspector. Our hands were forced. Yet, I repeat, I have since thought",The Golden Scorpion,"Rohmer, Sax",PR,Crime Fiction; Browsing: Crime/Mystery; Browsing: Literature; Browsing: Fiction,Detective and mystery stories ; PR,Public domain in the USA.,1919,Sax Rohmer,male,English,1883.0,1959.0,Wikipedia,True,13
2198,18613,opium,"only member of the French Chamber who had seen this document to which I refer was a certain 'M. Blank,' shall we say? I believe also that I am correct in stating that the late Sir Brian Malpas was a member of the British Cabinet at the time that the Haley plans were lost?"" ""That is correct,"" said the Assistant Commissioner, ""but surely the honour of the late Sir Brian was above suspicion?"" ""Quite,"" agreed Max; ""so also was that of 'M. Blank.' But my point is this: Both 'M. Blank' and the late Sir Brian were clients of the opium syndicate!"" Dunbar nodded again eagerly. ""Hard work I had to hush it up,"" he said. ""It would have finished his political career."" The Assistant Commissioner looked politely puzzled. ""It was generally supposed that Sir Brian Malpas was addicted to drugs,"" he remarked; ""and I am not surprised to learn that he patronised this syndicate to which you refer. But----"" he paused, smiling satanically. ""Ah!"" he added--""I see! I see!"" ""You perceive the drift of my argument?"" cried Max. ""You grasp what I mean when I say that we were too hasty? This syndicate existed for a more terrible purpose than",The Golden Scorpion,"Rohmer, Sax",PR,Crime Fiction; Browsing: Crime/Mystery; Browsing: Literature; Browsing: Fiction,Detective and mystery stories ; PR,Public domain in the USA.,1919,Sax Rohmer,male,English,1883.0,1959.0,Wikipedia,True,13
2199,18613,opium,"of any particular house, or houses, likely to be used as a meeting-place by such a gang?"" Inspector Kelly scratched his close-cropped head. ""A woman was murdered just there, sir,"" he said, taking up a pen from the table and touching a point near the corner of Three Colt Street, ""about a twelve-month ago. We traced the man--a Chinese sailor--to a house lying just about here."" Again he touched the map. ""It's a sort of little junk-shop with a ramshackle house attached, all cellars and rabbit-hutches, as you might say, overhanging a disused cutting which is filled at high tide. Opium is to be had there and card-playing goes on, and I won't swear that you couldn't get liquor. But it's well conducted as such dives go."" ""Why is it not closed?"" inquired the Assistant Commissioner, seizing an opportunity to air his departmental ignorance. ""Well, sir,"" replied Inspector Kelly, his eyes twinkling--""if we shut up all these places we should never know where to look for some of our regular customers! As I mentioned, we found the wanted Chinaman, three parts drunk, in one of the rooms."" ""It's a sort of lodging-house, then?"" ""Exactly. There's a moderately big room just behind",The Golden Scorpion,"Rohmer, Sax",PR,Crime Fiction; Browsing: Crime/Mystery; Browsing: Literature; Browsing: Fiction,Detective and mystery stories ; PR,Public domain in the USA.,1919,Sax Rohmer,male,English,1883.0,1959.0,Wikipedia,True,13
2200,18613,opium,"and card-playing goes on, and I won't swear that you couldn't get liquor. But it's well conducted as such dives go."" ""Why is it not closed?"" inquired the Assistant Commissioner, seizing an opportunity to air his departmental ignorance. ""Well, sir,"" replied Inspector Kelly, his eyes twinkling--""if we shut up all these places we should never know where to look for some of our regular customers! As I mentioned, we found the wanted Chinaman, three parts drunk, in one of the rooms."" ""It's a sort of lodging-house, then?"" ""Exactly. There's a moderately big room just behind the shop, principally used by opium -smokers, and a whole nest of smaller rooms above and below. Mind you, sir, I don't say this is the place you're looking for, but it's the most likely inside your circle."" ""Who is the proprietor?"" ""A retired Chinese sailor called Ah-Fang-Fu, but better known as 'Pidgin.' His establishment is called locally 'The Pidgin House.'"" ""Ah."" The Commissioner lighted a cigarette. ""And you know of no other house which might be selected for such a purpose as I have mentioned?"" ""I can't say I do, sir. I know pretty well all the business affairs of that neighbourhood, and none of",The Golden Scorpion,"Rohmer, Sax",PR,Crime Fiction; Browsing: Crime/Mystery; Browsing: Literature; Browsing: Fiction,Detective and mystery stories ; PR,Public domain in the USA.,1919,Sax Rohmer,male,English,1883.0,1959.0,Wikipedia,True,13
2201,18613,opium,"in Cairo. He told me that I was a member of an organization dating back to remote antiquity which was destined to rule all the races of mankind--the Celestial age he called their coming triumph. Something which they had lacked in order to achieve success had been supplied by the dreadful man who had entered the room and expressed his approval of me. ""For many years they had been at work in Europe, secretly, as well as in the East. I understood that they had acquired a quantity of valuable information of some kind by means of a system of opium -houses situated in the principal capitals of the world and directed by Fo-Hi and a number of Chinese assistants. Fo-Hi had remained in China most of the time, but had paid occasional visits to Europe. The other man--the monster with the black skull cap--had been responsible for the conduct of the European enterprises."" ""Throughout this interview,"" interrupted Stuart, forgetful of the fact that Miska had warned him of the futility of asking questions, ""and during others which you must have had with Fo-Hi, did you never obtain a glimpse of his face?"" ""Never! No one has ever seen his face!",The Golden Scorpion,"Rohmer, Sax",PR,Crime Fiction; Browsing: Crime/Mystery; Browsing: Literature; Browsing: Fiction,Detective and mystery stories ; PR,Public domain in the USA.,1919,Sax Rohmer,male,English,1883.0,1959.0,Wikipedia,True,13
2202,18613,opium,"Oh, please, please,"" she pleaded, her soft voice dropping to a whisper--""believe me! If you know what I risked to tell you so much, you would be more merciful. A horror which cannot be described""--again she shuddered--""will fall upon me if _he_ ever suspects! You think me young and full of life, with all the world before me. You do not know. I am, literally, _already dead!_ Oh! I have followed a strange career. I have danced in a Paris theatre and I have sold flowers in Rome; I have had my box at the Opera and I have filled opium pipes in a den at San Francisco! But never, never have I lured a man to his death. And through it all, from first to last, no man has so much as kissed my finger-tips! ""At a word, at a sign, I have been compelled to go from Monte Carlo to Buenos Ayres; at another sign from there to Tokio! Chunda Lal has guarded me as only the women of the East are guarded. Yet, in his fierce way, he has always tried to befriend me, he has always been faithful. But ah! I shrink from him many times, in",The Golden Scorpion,"Rohmer, Sax",PR,Crime Fiction; Browsing: Crime/Mystery; Browsing: Literature; Browsing: Fiction,Detective and mystery stories ; PR,Public domain in the USA.,1919,Sax Rohmer,male,English,1883.0,1959.0,Wikipedia,True,13
2203,18613,opium,"Inspector Kelly, who knew so much about Chinatown, did not know that the cellars of the three houses left and right of Ah-Fang-Fu's were connected by a series of doors planned and masked with Chinese cunning. Half an hour after Miska had disappeared into the little house near the corner, the hidden door in the damp cellar below ""The Pidgin House"" opened and a bent old woman, a ragged, grey-haired and dirty figure, walked slowly up the rickety wooden stair and entered a bare room behind and below the shop and to the immediate left of the den of the opium -smoker. This room, which was windowless, was lighted by a tin paraffin lamp hung upon a nail in the dirty plaster wall. The floor presented a litter of straw, paper and broken packing-cases. Two steps led up to a second door, a square heavy door of great strength. The old woman, by means of a key which she carried, was about to open this door when it was opened from the other side. Lowering his head as he came through, Chunda Lal descended. He wore European clothes and a white turban. Save for his ardent eyes and the handsome fanatical",The Golden Scorpion,"Rohmer, Sax",PR,Crime Fiction; Browsing: Crime/Mystery; Browsing: Literature; Browsing: Fiction,Detective and mystery stories ; PR,Public domain in the USA.,1919,Sax Rohmer,male,English,1883.0,1959.0,Wikipedia,True,13
2204,18613,opium,"in silence, then he turned toward the cellar door, and then again to Miska. Suddenly he dropped upon one knee before her, took her hand and kissed it, gently. ""I am your slave,"" he said, his voice shaken with emotion. ""For myself I ask nothing--only your pity."" He rose, opened the door by which Miska had entered the room and went down into the cellars. She watched him silently, half fearfully, yet her eyes were filled with compassionate tears. Then, readjusting the hideous grey wig, she went up the steps and passed through the doorway into the den of the opium smokers. CHAPTER VI THE MAN WITH THE SCAR Stuart read through a paper, consisting of six closely written pages, then he pinned the sheets together, folded them and placed them in one of those long envelopes associated in his memory with the opening phase of ""The Scorpion"" mystery. Smiling grimly, he descended to his dispensary and returned with the Chinese coin attached to the cork. With this he sealed the envelope. He had volunteered that night for onerous service, and his offer had been accepted. Gaston Max's knowledge of Eastern languages was slight, whilst Stuart's was sound and extensive, and",The Golden Scorpion,"Rohmer, Sax",PR,Crime Fiction; Browsing: Crime/Mystery; Browsing: Literature; Browsing: Fiction,Detective and mystery stories ; PR,Public domain in the USA.,1919,Sax Rohmer,male,English,1883.0,1959.0,Wikipedia,True,13
2205,18613,opium,"some secret exit the man we seek may escape. I believe that he contemplates departing at any moment, and I believe that the visit of Miguel means that what I may term the masters of the minor lodges are coming to London for parting instructions--or, of course Miguel may have come about the disappearance of 'Le Balafre.'"" ""Suppose you meet Miguel!"" ""My dear friend, I must trust to the Kismet who pursues evil-doers! The only reason which has led me to adopt this daring disguise is a simple one. Although I believe 'The Pidgin House' to be open to ordinary opium -smokers, it may not be open on 'lodge nights.' Do you follow me? Very well. I have the golden scorpion--which I suppose to be a sort of passport."" Stuart wondered more and more at the reasoning powers of this remarkable man, which could lead him to such an accurate conclusion. ""The existence of such a passport,"" continued Max, ""would seem to point to the fact that all the members of this organisation are not known personally to one another. At the same time those invited or expected at present _may_ be known to Ah-Fang-Fu or to whoever acts as concierge.",The Golden Scorpion,"Rohmer, Sax",PR,Crime Fiction; Browsing: Crime/Mystery; Browsing: Literature; Browsing: Fiction,Detective and mystery stories ; PR,Public domain in the USA.,1919,Sax Rohmer,male,English,1883.0,1959.0,Wikipedia,True,13
2206,18613,opium,"that event how shall you act?"" ""At once! I shall hold him, if I can, or shoot him if I cannot hold him! Both of us will blow police-whistles with which we shall be provided and Inspectors Dunbar and Kelly will raid the premises. But I am hoping for an interval. I do not like these inartistic scrimmages! The fact that these people foregather at an opium-house suggests to me that a certain procedure may be followed which I observed during the course of the celebrated 'Mr. Q' case in New York. 'Mr. Q.' also had an audience-chamber adjoining and opium den, and his visitors went there ostensibly to smoke opium. The opium-den was a sort of anteroom."" ""Weymouth's big Chinese case had similar features,"" said Inspector Dunbar, who re-entered at that moment carrying a leathern grip. ""If you are kept waiting and you keep your ears open, doctor, that's when your knowledge of the lingo will come in useful. We might rope in the whole gang and find we hadn't a scrap of evidence against them, for except the attempt on yourself, Dr. Stuart, there's nothing so far that I can see to connect 'The Scorpion' with Sir Frank Newcombe!""",The Golden Scorpion,"Rohmer, Sax",PR,Crime Fiction; Browsing: Crime/Mystery; Browsing: Literature; Browsing: Fiction,Detective and mystery stories ; PR,Public domain in the USA.,1919,Sax Rohmer,male,English,1883.0,1959.0,Wikipedia,True,13
2207,18613,opium,"Sir Frank Newcombe!"" ""It is such a bungle that I fear!"" cried Max. ""Ah! how this looped-up lip annoys me!"" He adjusted the bandage carefully. ""We've got the place comfortably surrounded,"" continued Dunbar, ""and whoever may be inside is booked! A lady, answering to the description of Mlle. Dorian, went in this evening, so Sowerby reports."" Stuart felt that he was changing colour, and he stooped hastily to inspect the contents of the bag which Dunbar had opened. _""Eh bien!""_ said Gaston Max. ""We shall not go empty-handed, then. And now to transfigure you, my friend!"" CHAPTER VII IN THE OPIUM DEN Interrupting a spell of warm, fine weather the night had set in wet and stormy. The squalid streets through which Stuart and Gaston Max made their way looked more than normally deserted and uninviting. The wind moaned and the rain accompanied with a dreary tattoo. Sometimes a siren wailed out upon the river. ""We are nearly there,"" said Max. _""Pardieu!_ they are well concealed, those fellows. I have not seen so much as an eyebrow."" ""It would be encouraging to get a glimpse of some one!"" replied Stuart. ""Ah, but bad--inartistic. It is the next door, I think ...",The Golden Scorpion,"Rohmer, Sax",PR,Crime Fiction; Browsing: Crime/Mystery; Browsing: Literature; Browsing: Fiction,Detective and mystery stories ; PR,Public domain in the USA.,1919,Sax Rohmer,male,English,1883.0,1959.0,Wikipedia,True,13
2208,18613,opium,"thrust forward the golden scorpion held in the palm of his hand. _""Hoi, hoi""_ chattered the Chinaman. ""Fo-Hi fellers, eh? You hab got plenty much late. Other fellers Fo-Hi pidgin plenty much sooner. You one time catchee allee same bhobbery, b'long number one joss-pidgin man!"" Being covertly nudged by Max: ""Cut the palaver, Pidgin,"" growled Stuart. ""Allee lightee,"" chattered Ah-Fang-Fu, for evidently this was he. ""You play one piecee pipee till Fo-Hi got."" Raising the lantern, he led the way through a door at the back of the shop. Descending four wooden steps, Stuart and Max found themselves in the opium -den. ""Full up. No loom,"" said the Chinaman. It was a low-ceilinged apartment, the beams of the roof sloping slightly upward from west to east. The centre part of the wall at the back was covered with matting hung from the rough cornice supporting the beams. To the right of the matting was the door communicating with the shop, and to the left were bunks. Other bunks lined the southerly wall, except where, set in the thickness of the bare brick and plaster, a second strong door was partly hidden by a pile of empty packing-cases and an untidy litter",The Golden Scorpion,"Rohmer, Sax",PR,Crime Fiction; Browsing: Crime/Mystery; Browsing: Literature; Browsing: Fiction,Detective and mystery stories ; PR,Public domain in the USA.,1919,Sax Rohmer,male,English,1883.0,1959.0,Wikipedia,True,13
2209,18613,opium,"second strong door was partly hidden by a pile of empty packing-cases and an untidy litter of straw and matting. Along the northern wall were more bunks, and an open wooden stair, with a handrail, ascended to a small landing or platform before a third door high up in the wall. A few mats were strewn about the floor. The place was dimly lighted by a red-shaded lamp swung from the centre of the ceiling and near the foot of the stairs another lamp (of the common tin variety) stood upon a box near which was a broken cane chair. Opium -pipes, tins, and a pack of cards were on this box. All the bunks appeared to be occupied. Most of the occupants were lying motionless, but one or two were noisily sucking at the opium-pipes. These had not yet attained to the opium-smokers Nirvana. So much did Gaston Max, a trained observer, gather in one swift glance. Then Ah-Fang-Fu, leaving the lantern in the shop, descended the four steps and crossing the room began to arrange two mats with round head-cushions near to the empty packing-cases. Stuart and Max remained by the door. ""You see,"" whispered Max, ""he has taken",The Golden Scorpion,"Rohmer, Sax",PR,Crime Fiction; Browsing: Crime/Mystery; Browsing: Literature; Browsing: Fiction,Detective and mystery stories ; PR,Public domain in the USA.,1919,Sax Rohmer,male,English,1883.0,1959.0,Wikipedia,True,13
2210,18613,opium,"""Number one piece bunk, lo!"" he chattered. ""Good enough,"" growled Stuart. The two crossed and reclined upon the uncleanly mats. ""Make special loom,"" explained Ah-Fang-Fu. ""Velly special chop!"" He passed from bunk to bunk, and presently came to a comatose Chinaman from whose limp hand, which hung down upon the floor, the pipe had dropped. This pipe Ah-Fang-Fu took from the smoker's fingers and returning to the box upon which the tin lamp was standing began calmly to load it. ""Good heavens!"" muttered Stuart--""he is short of pipes! Pah! how the place reeks!"" Ah-Fang-Fu busied himself with a tin of opium , the pipe which he had taken from the sleeper, and another pipe--apparently the last of his stock--which lay near the lamp. Igniting the two, he crossed and handed them to Stuart and Max. ""Velly soon-lo!"" he said and made a curious sign, touching his brow, his lips and his breast in a manner resembling that of a Moslem. Max repeated the gesture and then lay back upon his elbow, raising the mouthpiece of the little pipe to his lips--but carefully avoiding contact. Ah-Fang-Fu shuffled back to the broken cane chair, from which he had evidently arisen to admit his",The Golden Scorpion,"Rohmer, Sax",PR,Crime Fiction; Browsing: Crime/Mystery; Browsing: Literature; Browsing: Fiction,Detective and mystery stories ; PR,Public domain in the USA.,1919,Sax Rohmer,male,English,1883.0,1959.0,Wikipedia,True,13
2211,18613,opium,"slowly up the stairs, opened the door at the top and disappeared. CHAPTER VIII THE GREEN-EYED JOSS Sinister silence reclaimed the house of Ah-Fang-Fu. And Ah-Fang-Fu resumed his solitary game. _""He_ recognised 'Le Belafre'"" whispered Max--""and was surprised to see him! So there are three of the gang here! Did you particularly observe in which bunks they lay, doctor. _Ssh!""_ A voice from a bunk had commenced to sing monotonously. _""Peyala peah,""_ it sang, weird above the murmured accompaniment of the other dreaming smokers and the _wash-wash_ of the tide--_""To myn-na-peah-Phir Kysee ko kyah ...""_ ""He is speaking from an opium -trance,"" said Stuart softly. ""A native song: 'If a cup of wine is drunk, and I have drunk it, what of that?'"" _""Mon Dieu!_ it is uncanny!"" whispered Max. _""Brr!_ do you hear those rats? I am wondering in what order we shall be admitted to the 'Scorpion's' presence, or if we shall see him together."" ""He may come in here."" ""All the better."" ""Gimme 'nother pipe, Pidgin,"" drawled a very drowsy voice from Bill Bean's corner. Ah-Fang-Fu left his eternal arranging and rearranging of the cards and crossed the room. He took the opium-pipe from the fireman's limp fingers",The Golden Scorpion,"Rohmer, Sax",PR,Crime Fiction; Browsing: Crime/Mystery; Browsing: Literature; Browsing: Fiction,Detective and mystery stories ; PR,Public domain in the USA.,1919,Sax Rohmer,male,English,1883.0,1959.0,Wikipedia,True,13
2212,18613,opium,"...""_ ""He is speaking from an opium-trance,"" said Stuart softly. ""A native song: 'If a cup of wine is drunk, and I have drunk it, what of that?'"" _""Mon Dieu!_ it is uncanny!"" whispered Max. _""Brr!_ do you hear those rats? I am wondering in what order we shall be admitted to the 'Scorpion's' presence, or if we shall see him together."" ""He may come in here."" ""All the better."" ""Gimme 'nother pipe, Pidgin,"" drawled a very drowsy voice from Bill Bean's corner. Ah-Fang-Fu left his eternal arranging and rearranging of the cards and crossed the room. He took the opium -pipe from the fireman's limp fingers and returning to the box, refilled and lighted it. Max and Stuart watched him in silence until he had handed the second pipe to the man and returned to his chair. ""We must be very careful,"" said Stuart. ""We do not know which are real smokers and which are not."" Again there was a weird interruption. A Chinaman lying in one of the bunks began to chant in a monotonous far-away voice: _""Chong-liou-chouay Om mani padme hum.""_ ""The Buddhist formula,"" whispered Stuart. _""He_ is a real smoker. Heavens! the reek is choking me!"" The",The Golden Scorpion,"Rohmer, Sax",PR,Crime Fiction; Browsing: Crime/Mystery; Browsing: Literature; Browsing: Fiction,Detective and mystery stories ; PR,Public domain in the USA.,1919,Sax Rohmer,male,English,1883.0,1959.0,Wikipedia,True,13
2242,19142,opium,"friend of old and dreadful days: a little greyer above the temples, which I set down for a record of former horrors; but deliberate, stoical, thorough, as ever. His blue eyes melted in the old generous way as he saw me, and he gripped my hand in greeting. ""Once again,"" he said, ""your dark-eyed friend has been too clever for me, doctor. But the track, as far as I could follow, leads to the old spot. In fact""--he turned to Smith, who, grim-faced and haggard, looked thoroughly ill in that grey light--""I believe Fu-Manchu's lair is somewhere near the former opium -den of Shen-Yan--'Singapore Charlie'!"" Smith nodded. ""We will turn our attention in that direction,"" he replied, ""at a very early date."" Inspector Weymouth looked down at the body of Abel Slattin. ""How was it done?"" he asked softly. ""Clumsily for Fu-Manchu,"" I replied. ""A snake was introduced into the house by some means--"" ""By Kâramanèh!"" rapped Smith. ""Very possibly by Kâramanèh,"" I continued firmly. ""The thing has escaped us."" ""My own idea,"" said Smith, ""is that it was concealed about his clothing. When he fell by the open door it glided out of the house. We must have the garden",The Devil Doctor,"Rohmer, Sax",PR,Crime Fiction; Browsing: Crime/Mystery; Browsing: Literature; Browsing: Fiction,"PR ; Fu Manchu, Doctor (Fictitious character) -- Fiction",Public domain in the USA.,1916,Sax Rohmer,male,English,1883.0,1959.0,Wikipedia,True,13
2286,19706,opium,"the finish, for Robert had said, ""I shan't run away a third time;"" and he was a man of his word. As Dr. Cairn had declared, the manifestations belonged to one of two varieties. According to the most ancient science in the world, the science by which the Egyptians, and perhaps even earlier peoples, ordered their lives, we share this, our plane of existence, with certain other creatures, often called Elementals. Mercifully, these fearsome entities are invisible to our normal sight, just as the finer tones of music are inaudible to our normal powers of hearing. Victims of delirium tremens, opium smokers, and other debauchees, artificially open that finer, latent power of vision; and the horrors which surround them are not imaginary but are Elementals attracted to the victim by his peculiar excesses. The crawling things, then, which reeked abominably might be Elementals (so Dr. Cairn reasoned) superimposed upon Robert Cairn's consciousness by a directing, malignant intelligence. On the other hand they might be mere glamours--or thought-forms--thrust upon him by the same wizard mind; emanations from an evil, powerful will. His reflections were interrupted by the ringing of the 'phone bell. He took up the receiver. ""Hullo!"" ""That you, sir? All's",Brood of the Witch-Queen,"Rohmer, Sax",PR,Crime Fiction; Browsing: Crime/Mystery; Browsing: Literature; Browsing: Fiction,Witches -- Fiction ; PR,Public domain in the USA.,1918,Sax Rohmer,male,English,1883.0,1959.0,Wikipedia,True,13
2563,27461,opium,"of very extraordinary talent,"" said Thessaly, ""even if I were unacquainted with his work. His choice of a companion alone marks him as no ordinary mortal."" Don laughed outright, fitting the envelope into his pocket again. ""The lady is a Parisienne,"" he replied, ""and very entertaining company."" ""Parisiennes make delightful companions for any man,"" declared Thessaly, ""and good wives for one who is fond of adventure. She is studying you with keen interest, Mario."" ""She probably regards me as an embodiment of mediaeval turpitude. People persist in confusing novelists with their creations."" ""Quite so. Yet because de Quincey was an opium -fiend, Poe a drunkard and Oscar Wilde a pervert, it does not follow that every clever writer is unfit for decent society. Even if he were, his popularity would not suffer. Few things help a man's public reputation so much as his private vices. Don't you think you could cultivate _hashish_, Mario? Sherlock Holmes' weakness for cocaine has endeared him to the hearts of two generations."" ""I shall endeavour to dispense with it, Thessaly. Excepting a liking for honey which almost amounts to a passion, my private life is exemplary."" ""Honey? Most peculiar. Don't let Bassett know or he will",The Orchard of Tears,"Rohmer, Sax",PR,Browsing: Literature; Browsing: Fiction,Man-woman relationships -- Fiction ; PR,Public domain in the USA.,1918,Sax Rohmer,male,English,1883.0,1959.0,Wikipedia,True,13
2564,27461,opium,"excursion, one night visiting a private gaming-house whose patrons figured in the pages of Debrett, and, perhaps on the following evening, Thessaly's car would take them to a point in the West India Dock Road, from whence, roughly attired, they would plunge into the Asiatic underworld which lies hidden beneath the names of Three Colt Street and Pennyfields. They visited a foul den in Limehouse where a crook-backed Chinaman sat rocking to and fro before a dilapidated wooden joss in the light of a tin paraffin lamp, listened to the rats squealing under the dirty floor and watched men smoke opium . They patronised ""revue"" East and West, that concession to the demand of youth long exiled from feminine society which had superseded the legitimate drama. ""There are three ingredients essential to the success of such an entertainment,"" Thessaly pronounced: ""fat legs, thin legs, and legs."" They witnessed a knuckle-fight in Whitechapel between a sailorman and a Jewish pugilist. The referee was a member of a famous sporting club, and the purse was put up by a young peer on leave from the bloody shambles before Ypres. ""Our trans-Tiber evenings,"" Paul termed these adventures. He had seized upon a clue to",The Orchard of Tears,"Rohmer, Sax",PR,Browsing: Literature; Browsing: Fiction,Man-woman relationships -- Fiction ; PR,Public domain in the USA.,1918,Sax Rohmer,male,English,1883.0,1959.0,Wikipedia,True,13
2565,27461,opium,"he had pierced to the heart of the labyrinth he found confusion and stood dismayed before the dazzling jewel which he had unearthed. The past intruded subtly upon him, and he was all but swept away by sorrowful memories of Don. He saw him coming along the Pilgrim's Way and heard his cheery greeting as he stepped upon the terrace of Hatton Towers. Where that night's wandering led him he knew not, but there were those who saw him passing along Limehouse Causeway as if in quest of the Chinese den where once he and Thessaly had watched men smoke opium , and others who spoke to him, but without receiving acknowledgment, in the neighbourhood of Westminster Cathedral. He appeared, too, at the Café Royal, standing just within the doorway and looking from table to table as one who seeks a friend, but went out again without addressing a word to anyone. At a late hour he saw a light shining from a casement window and mechanically he pressed the knob of a bell above which appeared the number 23. Flamby opened the door and Paul stood looking at her in the dusk. XII ""Oh,"" said Flamby, ""I had given you",The Orchard of Tears,"Rohmer, Sax",PR,Browsing: Literature; Browsing: Fiction,Man-woman relationships -- Fiction ; PR,Public domain in the USA.,1918,Sax Rohmer,male,English,1883.0,1959.0,Wikipedia,True,13
3415,40108,opium,"turban. From a mouthpiece of amber and gold he inhaled the scented smoke of a _narghli_. Behind him, upon a cushioned stool, knelt a female whose beauty of face and form was unmistakable, since it was undisguised by the filmy artistry of her attire. With a gigantic fan of peacock's feathers, she cooled the Sheikh, and dispersed the flies which threatened to disturb his serenity. A second houri received in her hands the amber mouthpiece as it fell from her lord's lips; a third, who evidently had been playing upon a lute, rose and glided from the apartment like an opium vision, as I entered between the guardian Scimitars. I found myself thinking of Saint Saen's music to _Samson and Delilah_; the barbaric strains of the exquisite _bacchanale_ were beating on my brain. Black Robe advanced and knelt upon the floor of the _dîwan_. ""We have brought the wretched malefactor into your glorious presence,"" he said. The Pasha (for I knew, beyond doubt, that I stood before Harûn Pasha) raised his eyes and fixed a stern gaze upon me. He gazed long and fixedly, and an odd change took place in his expression. He seemed about to address me, then, apparently",Tales of Secret Egypt,"Rohmer, Sax",PR,Browsing: Culture/Civilization/Society; Browsing: Crime/Mystery; Browsing: Fiction,Mystery and detective stories ; Short stories ; PR ; Egypt -- Fiction,Public domain in the USA.,1919,Sax Rohmer,male,English,1883.0,1959.0,Wikipedia,True,13
